source,id,scientificName,species,decimalLatitude,decimalLongitude,depth,minimumDepthInMeters,maximumDepthInMeters,eventDate,year,country,region,basisOfRecord,datasetKey,datasetName,datasetDOI,publisher,institutionCode,license,license_raw,occurrenceID,qc_flags,usable_mapa
GBIF,5189178766,"Enypniastes eximia Théel, 1882",Enypniastes eximia,-42.70515,-179.97845,1271,1271,1271,2025-02-08,2025,New Zealand,Pacífico Sur,PRESERVED_SPECIMEN,4d0b1b2a-3209-49ce-bb93-7503e4868019,Earth Sciences New Zealand National Invertebrate Collection (NIC),10.15468/6qgswo,Earth Sciences New Zealand (ESNZ),Earth Sciences New Zealand,CC-BY,http://creativecommons.org/licenses/by/4.0/legalcode,a3785d55-c2d6-4844-a606-7e167d512975,,si
GBIF,6440262459,"Enypniastes eximia Théel, 1882",Enypniastes eximia,21.56853,-158.478526,1565.84,1565.84,1565.84,2025-03-25T20:53:30,2025,United States of America,Pacífico Norte,MACHINE_OBSERVATION,e83ec4da-9c59-4eec-924d-e038d7d6bd41,Okeanos Explorer (EX2502): 2025 ROV and Mapping Shakedown,10.15468/fy6h8g,NOAA Ocean Exploration,NOAA Ocean Exploration,CC-BY,http://creativecommons.org/licenses/by/4.0/legalcode,7ed5d890-d300-4528-963b-6cf406cf89a4,,si
GBIF,6440265183,"Enypniastes eximia Théel, 1882",Enypniastes eximia,21.57038,-158.475046,1188.14,1188.14,1188.14,2025-03-26T18:21:17,2025,United States of America,Pacífico Norte,MACHINE_OBSERVATION,e83ec4da-9c59-4eec-924d-e038d7d6bd41,Okeanos Explorer (EX2502): 2025 ROV and Mapping Shakedown,10.15468/fy6h8g,NOAA Ocean Exploration,NOAA Ocean Exploration,CC-BY,http://creativecommons.org/licenses/by/4.0/legalcode,019f056e-7724-7cfa-a3dd-3861e52dc6d2,,si
GBIF,6440265252,"Enypniastes eximia Théel, 1882",Enypniastes eximia,21.570398,-158.475075,1203.62,1203.62,1203.62,2025-03-26T18:21:17,2025,United States of America,Pacífico Norte,MACHINE_OBSERVATION,e83ec4da-9c59-4eec-924d-e038d7d6bd41,Okeanos Explorer (EX2502): 2025 ROV and Mapping Shakedown,10.15468/fy6h8g,NOAA Ocean Exploration,NOAA Ocean Exploration,CC-BY,http://creativecommons.org/licenses/by/4.0/legalcode,ea7e390a-8b2e-4699-a742-e11bee0f6e26,,si
GBIF,6474901329,"Enypniastes eximia Théel, 1882",Enypniastes eximia,-17.348,155.735,2097.1,2049.2,2145,2025-10-31,2025,Australia,Pacífico Sur,PRESERVED_SPECIMEN,39905320-6c8a-11de-8226-b8a03c50a862,IN2025 V06 - The Coral Sea frontier,10.15468/lp1ctu,Museums Victoria,NMV,CC0,http://creativecommons.org/publicdomain/zero/1.0/legalcode,cbc3c59c-6244-4efa-ba4e-e58ec0fda7b8,,si
GBIF,6474949354,"Enypniastes eximia Théel, 1882",Enypniastes eximia,-20.6997,153.392,1103,1076,1130,2025-11-05,2025,Australia,Pacífico Sur,PRESERVED_SPECIMEN,39905320-6c8a-11de-8226-b8a03c50a862,IN2025 V06 - The Coral Sea frontier,10.15468/lp1ctu,Museums Victoria,NMV,CC0,http://creativecommons.org/publicdomain/zero/1.0/legalcode,c6366145-880f-4fff-b932-aeca3e4a0948,,si
GBIF,5904245255,"Enypniastes eximia Théel, 1882",Enypniastes eximia,-11.3187,99.1327,1469.5,1175,1764,2022-10-11,2022,Cocos (Keeling) Islands,Océano Índico,PRESERVED_SPECIMEN,39905320-6c8a-11de-8226-b8a03c50a862,IN2022 V08 - Investigating The IOT (part 2),10.15468/lp1ctu,Museums Victoria,NMV,CC0,http://creativecommons.org/publicdomain/zero/1.0/legalcode,c30ad18a-e2d2-4a9f-926e-8c51b8289408,,si
GBIF,5904245967,"Enypniastes eximia Théel, 1882",Enypniastes eximia,-11.3187,99.1327,1469.5,1175,1764,2022-10-11,2022,Cocos (Keeling) Islands,Océano Índico,PRESERVED_SPECIMEN,39905320-6c8a-11de-8226-b8a03c50a862,IN2022 V08 - Investigating The IOT (part 2),10.15468/lp1ctu,Museums Victoria,NMV,CC0,http://creativecommons.org/publicdomain/zero/1.0/legalcode,fa1779c9-c73c-4f79-bf39-1475d5a550d0,,si
GBIF,5904246201,"Enypniastes eximia Théel, 1882",Enypniastes eximia,-14.7906,95.6831,1438,1426,1450,2022-10-27,2022,Cocos (Keeling) Islands,Océano Índico,PRESERVED_SPECIMEN,39905320-6c8a-11de-8226-b8a03c50a862,IN2022 V08 - Investigating The IOT (part 2),10.15468/lp1ctu,Museums Victoria,NMV,CC0,http://creativecommons.org/publicdomain/zero/1.0/legalcode,eac7d6bc-8b65-45a0-b722-f16297210f44,,si
GBIF,5904247145,"Enypniastes eximia Théel, 1882",Enypniastes eximia,-10.7909,99.6108,1974,1957,1991,2022-10-11,2022,Cocos (Keeling) Islands,Océano Índico,PRESERVED_SPECIMEN,39905320-6c8a-11de-8226-b8a03c50a862,IN2022 V08 - Investigating The IOT (part 2),10.15468/lp1ctu,Museums Victoria,NMV,CC0,http://creativecommons.org/publicdomain/zero/1.0/legalcode,ce24587b-761e-4b9e-b80c-4842f5b58b82,,si
GBIF,5904246994,"Enypniastes eximia Théel, 1882",Enypniastes eximia,-10.4247,105.595,1432,1363,1501,2021-07-08,2021,Christmas Island,Océano Índico,PRESERVED_SPECIMEN,39905320-6c8a-11de-8226-b8a03c50a862,IN2021 V04 - Investigating The IOT,10.15468/lp1ctu,Museums Victoria,NMV,CC0,http://creativecommons.org/publicdomain/zero/1.0/legalcode,7edde10a-6e0f-41cf-b431-debdd2351cdb,,si
GBIF,5904247327,"Enypniastes eximia Théel, 1882",Enypniastes eximia,-10.5703,105.69,820,643,997,2021-07-06,2021,Christmas Island,Océano Índico,PRESERVED_SPECIMEN,39905320-6c8a-11de-8226-b8a03c50a862,IN2021 V04 - Investigating The IOT,10.15468/lp1ctu,Museums Victoria,NMV,CC0,http://creativecommons.org/publicdomain/zero/1.0/legalcode,bd65768b-0e99-41c0-9429-ac087ce02095,,si
GBIF,2458323308,"Enypniastes eximia Théel, 1882",Enypniastes eximia,-40.048333,168.091333,889,886,892,2018-06-29T14:33/2018-06-29T14:59,2018,New Zealand,Pacífico Sur,HUMAN_OBSERVATION,421890f7-e909-40ed-a573-b1c9529a55fa,NZ research trawl surveys since 2008,10.15468/gzpcyl,Southwestern Pacific Ocean Biogeographic Information System (OBIS) Node,MPI,CC-BY,http://creativecommons.org/licenses/by/4.0/legalcode,thh1801/19/EEX,,si
GBIF,2458323384,"Enypniastes eximia Théel, 1882",Enypniastes eximia,-39.9465,168.399,825.5,825,826,2018-06-28T21:30/2018-06-28T21:58,2018,New Zealand,Pacífico Sur,HUMAN_OBSERVATION,421890f7-e909-40ed-a573-b1c9529a55fa,NZ research trawl surveys since 2008,10.15468/gzpcyl,Southwestern Pacific Ocean Biogeographic Information System (OBIS) Node,MPI,CC-BY,http://creativecommons.org/licenses/by/4.0/legalcode,thh1801/11/EEX,,si
GBIF,2458323444,"Enypniastes eximia Théel, 1882",Enypniastes eximia,-40.029333,167.9575,892.5,891,894,2018-06-29T06:57/2018-06-29T07:24,2018,New Zealand,Pacífico Sur,HUMAN_OBSERVATION,421890f7-e909-40ed-a573-b1c9529a55fa,NZ research trawl surveys since 2008,10.15468/gzpcyl,Southwestern Pacific Ocean Biogeographic Information System (OBIS) Node,MPI,CC-BY,http://creativecommons.org/licenses/by/4.0/legalcode,thh1801/15/EEX,,si
GBIF,2458323463,"Enypniastes eximia Théel, 1882",Enypniastes eximia,-40.007167,168.0835,875,875,875,2018-06-29T10:46/2018-06-29T11:12,2018,New Zealand,Pacífico Sur,HUMAN_OBSERVATION,421890f7-e909-40ed-a573-b1c9529a55fa,NZ research trawl surveys since 2008,10.15468/gzpcyl,Southwestern Pacific Ocean Biogeographic Information System (OBIS) Node,MPI,CC-BY,http://creativecommons.org/licenses/by/4.0/legalcode,thh1801/17/EEX,,si
GBIF,2458323598,"Enypniastes eximia Théel, 1882",Enypniastes eximia,-40.143,167.983333,920.5,920,921,2018-06-28T02:16/2018-06-28T02:42,2018,New Zealand,Pacífico Sur,HUMAN_OBSERVATION,421890f7-e909-40ed-a573-b1c9529a55fa,NZ research trawl surveys since 2008,10.15468/gzpcyl,Southwestern Pacific Ocean Biogeographic Information System (OBIS) Node,MPI,CC-BY,http://creativecommons.org/licenses/by/4.0/legalcode,thh1801/3/EEX,,si
GBIF,2458323691,"Enypniastes eximia Théel, 1882",Enypniastes eximia,-40.059833,168.153667,883,882,884,2018-06-29T04:48/2018-06-29T05:14,2018,New Zealand,Pacífico Sur,HUMAN_OBSERVATION,421890f7-e909-40ed-a573-b1c9529a55fa,NZ research trawl surveys since 2008,10.15468/gzpcyl,Southwestern Pacific Ocean Biogeographic Information System (OBIS) Node,MPI,CC-BY,http://creativecommons.org/licenses/by/4.0/legalcode,thh1801/14/EEX,,si
GBIF,2458323729,"Enypniastes eximia Théel, 1882",Enypniastes eximia,-39.929333,167.944,954.5,945,964,2018-06-28T08:57/2018-06-28T09:25,2018,New Zealand,Pacífico Sur,HUMAN_OBSERVATION,421890f7-e909-40ed-a573-b1c9529a55fa,NZ research trawl surveys since 2008,10.15468/gzpcyl,Southwestern Pacific Ocean Biogeographic Information System (OBIS) Node,MPI,CC-BY,http://creativecommons.org/licenses/by/4.0/legalcode,thh1801/6/EEX,,si
GBIF,2458323757,"Enypniastes eximia Théel, 1882",Enypniastes eximia,-39.988333,168.163333,867.5,865,870,2018-06-30T11:48/2018-06-30T12:39,2018,New Zealand,Pacífico Sur,HUMAN_OBSERVATION,421890f7-e909-40ed-a573-b1c9529a55fa,NZ research trawl surveys since 2008,10.15468/gzpcyl,Southwestern Pacific Ocean Biogeographic Information System (OBIS) Node,MPI,CC-BY,http://creativecommons.org/licenses/by/4.0/legalcode,thh1801/20/EEX,,si
GBIF,2458323795,"Enypniastes eximia Théel, 1882",Enypniastes eximia,-40.063667,168.042167,888.5,885,892,2018-06-30T23:05/2018-06-30T23:32,2018,New Zealand,Pacífico Sur,HUMAN_OBSERVATION,421890f7-e909-40ed-a573-b1c9529a55fa,NZ research trawl surveys since 2008,10.15468/gzpcyl,Southwestern Pacific Ocean Biogeographic Information System (OBIS) Node,MPI,CC-BY,http://creativecommons.org/licenses/by/4.0/legalcode,thh1801/25/EEX,,si
GBIF,2458324123,"Enypniastes eximia Théel, 1882",Enypniastes eximia,-39.941667,167.986667,919.5,915,924,2018-06-28T07:01/2018-06-28T07:32,2018,New Zealand,Pacífico Sur,HUMAN_OBSERVATION,421890f7-e909-40ed-a573-b1c9529a55fa,NZ research trawl surveys since 2008,10.15468/gzpcyl,Southwestern Pacific Ocean Biogeographic Information System (OBIS) Node,MPI,CC-BY,http://creativecommons.org/licenses/by/4.0/legalcode,thh1801/5/EEX,,si
GBIF,2458324161,"Enypniastes eximia Théel, 1882",Enypniastes eximia,-40.038333,168.042667,882,879,885,2018-06-28T11:31/2018-06-28T11:59,2018,New Zealand,Pacífico Sur,HUMAN_OBSERVATION,421890f7-e909-40ed-a573-b1c9529a55fa,NZ research trawl surveys since 2008,10.15468/gzpcyl,Southwestern Pacific Ocean Biogeographic Information System (OBIS) Node,MPI,CC-BY,http://creativecommons.org/licenses/by/4.0/legalcode,thh1801/7/EEX,,si
GBIF,2458324259,"Enypniastes eximia Théel, 1882",Enypniastes eximia,-40.009333,167.999,894,894,894,2018-06-29T08:44/2018-06-29T09:10,2018,New Zealand,Pacífico Sur,HUMAN_OBSERVATION,421890f7-e909-40ed-a573-b1c9529a55fa,NZ research trawl surveys since 2008,10.15468/gzpcyl,Southwestern Pacific Ocean Biogeographic Information System (OBIS) Node,MPI,CC-BY,http://creativecommons.org/licenses/by/4.0/legalcode,thh1801/16/EEX,,si
GBIF,2458324296,"Enypniastes eximia Théel, 1882",Enypniastes eximia,-39.917167,168.032667,897,884,910,2018-06-28T15:51/2018-06-28T16:20,2018,New Zealand,Pacífico Sur,HUMAN_OBSERVATION,421890f7-e909-40ed-a573-b1c9529a55fa,NZ research trawl surveys since 2008,10.15468/gzpcyl,Southwestern Pacific Ocean Biogeographic Information System (OBIS) Node,MPI,CC-BY,http://creativecommons.org/licenses/by/4.0/legalcode,thh1801/8/EEX,,si
GBIF,2458324394,"Enypniastes eximia Théel, 1882",Enypniastes eximia,-40.115333,167.892667,927.5,925,930,2018-06-28T04:07/2018-06-28T04:38,2018,New Zealand,Pacífico Sur,HUMAN_OBSERVATION,421890f7-e909-40ed-a573-b1c9529a55fa,NZ research trawl surveys since 2008,10.15468/gzpcyl,Southwestern Pacific Ocean Biogeographic Information System (OBIS) Node,MPI,CC-BY,http://creativecommons.org/licenses/by/4.0/legalcode,thh1801/4/EEX,,si
GBIF,2458324503,"Enypniastes eximia Théel, 1882",Enypniastes eximia,-40.078,168.092,893,893,893,2018-06-30T19:29/2018-06-30T19:55,2018,New Zealand,Pacífico Sur,HUMAN_OBSERVATION,421890f7-e909-40ed-a573-b1c9529a55fa,NZ research trawl surveys since 2008,10.15468/gzpcyl,Southwestern Pacific Ocean Biogeographic Information System (OBIS) Node,MPI,CC-BY,http://creativecommons.org/licenses/by/4.0/legalcode,thh1801/23/EEX,,si
GBIF,2458323609,"Enypniastes eximia Théel, 1882",Enypniastes eximia,-39.817833,167.263167,970,960,980,2018-07-03T03:15/2018-07-05T02:59,2018,,Pacífico Sur,HUMAN_OBSERVATION,421890f7-e909-40ed-a573-b1c9529a55fa,NZ research trawl surveys since 2008,10.15468/gzpcyl,Southwestern Pacific Ocean Biogeographic Information System (OBIS) Node,MPI,CC-BY,http://creativecommons.org/licenses/by/4.0/legalcode,thh1801/37/EEX,,si
GBIF,2458323629,"Enypniastes eximia Théel, 1882",Enypniastes eximia,-40.063,168.112,896,892,900,2018-07-01T00:52/2018-07-01T01:18,2018,New Zealand,Pacífico Sur,HUMAN_OBSERVATION,421890f7-e909-40ed-a573-b1c9529a55fa,NZ research trawl surveys since 2008,10.15468/gzpcyl,Southwestern Pacific Ocean Biogeographic Information System (OBIS) Node,MPI,CC-BY,http://creativecommons.org/licenses/by/4.0/legalcode,thh1801/26/EEX,,si
GBIF,2458323793,"Enypniastes eximia Théel, 1882",Enypniastes eximia,-39.977333,168.126,864,860,868,2018-07-03T00:03/2018-07-03T00:30,2018,New Zealand,Pacífico Sur,HUMAN_OBSERVATION,421890f7-e909-40ed-a573-b1c9529a55fa,NZ research trawl surveys since 2008,10.15468/gzpcyl,Southwestern Pacific Ocean Biogeographic Information System (OBIS) Node,MPI,CC-BY,http://creativecommons.org/licenses/by/4.0/legalcode,thh1801/35/EEX,,si
GBIF,2458323960,"Enypniastes eximia Théel, 1882",Enypniastes eximia,-39.987833,168.1085,869,868,870,2018-07-01T07:48/2018-07-01T08:14,2018,New Zealand,Pacífico Sur,HUMAN_OBSERVATION,421890f7-e909-40ed-a573-b1c9529a55fa,NZ research trawl surveys since 2008,10.15468/gzpcyl,Southwestern Pacific Ocean Biogeographic Information System (OBIS) Node,MPI,CC-BY,http://creativecommons.org/licenses/by/4.0/legalcode,thh1801/27/EEX,,si
GBIF,5904245388,"Enypniastes eximia Théel, 1882",Enypniastes eximia,-44.362,146.946,1745.4,1745.4,1745.4,2018-11-24,2018,Australia,Océano Índico,PRESERVED_SPECIMEN,39905320-6c8a-11de-8226-b8a03c50a862,IN2018_V06: Tasmanian Seamount Voyage,10.15468/lp1ctu,Museums Victoria,NMV,CC0,http://creativecommons.org/publicdomain/zero/1.0/legalcode,39757b16-0a4e-4cc2-a047-a070346dc580,,si
GBIF,1806043026,"Enypniastes eximia Théel, 1882",Enypniastes eximia,-34.7737,130.713,1814.5749999999998,1808.29,1820.86,2017-04-19,2017,Australia,Océano Índico,PRESERVED_SPECIMEN,39905320-6c8a-11de-8226-b8a03c50a862,IN2017_C01 - GAB Deep Water Marine Program,10.15468/lp1ctu,Museums Victoria,NMV,CC0,http://creativecommons.org/publicdomain/zero/1.0/legalcode,c1ac48f3-2369-4c08-a594-750339c2aaf7,,si
GBIF,1806043054,"Enypniastes eximia Théel, 1882",Enypniastes eximia,-34.7737,130.713,1814.5749999999998,1808.29,1820.86,2017-04-19,2017,Australia,Océano Índico,PRESERVED_SPECIMEN,39905320-6c8a-11de-8226-b8a03c50a862,IN2017_C01 - GAB Deep Water Marine Program,10.15468/lp1ctu,Museums Victoria,NMV,CC0,http://creativecommons.org/publicdomain/zero/1.0/legalcode,952c3701-7370-48a7-b9d4-ce136347b389,,si
GBIF,4140623351,"Enypniastes eximia Théel, 1882",Enypniastes eximia,-34.77725,130.6995,1843,1816,1870,2017-04-22T20:20:55Z,2017,Australia,Océano Índico,HUMAN_OBSERVATION,5bf5a032-d602-4217-a355-4f71117a6310,"Great Australian Bight Research Program, Australia (2015-2017)",10.15468/35g64d,CSIRO National Collections and Marine Infrastructure (NCMI) Information and Data Centre (IDC),CSIRO,CC-BY,http://creativecommons.org/licenses/by/4.0/legalcode,CS-IN2017_C01-208-2549641-25425001-46,,si
GBIF,4140623716,"Enypniastes eximia Théel, 1882",Enypniastes eximia,-34.7669,130.7135,1814.5,1808,1821,2017-04-19T05:20:56Z,2017,Australia,Océano Índico,HUMAN_OBSERVATION,5bf5a032-d602-4217-a355-4f71117a6310,"Great Australian Bight Research Program, Australia (2015-2017)",10.15468/35g64d,CSIRO National Collections and Marine Infrastructure (NCMI) Information and Data Centre (IDC),CSIRO,CC-BY,http://creativecommons.org/licenses/by/4.0/legalcode,CS-IN2017_C01-188-2549631-25425001-20,,si
GBIF,4140623865,"Enypniastes eximia Théel, 1882",Enypniastes eximia,-34.7669,130.7135,1814.5,1808,1821,2017-04-19T05:20:56Z,2017,Australia,Océano Índico,HUMAN_OBSERVATION,5bf5a032-d602-4217-a355-4f71117a6310,"Great Australian Bight Research Program, Australia (2015-2017)",10.15468/35g64d,CSIRO National Collections and Marine Infrastructure (NCMI) Information and Data Centre (IDC),CSIRO,CC-BY,http://creativecommons.org/licenses/by/4.0/legalcode,CS-IN2017_C01-188-2549631-25425001-19,,si
GBIF,4140623907,"Enypniastes eximia Théel, 1882",Enypniastes eximia,-34.7691,130.701,1814.5,1799,1830,2017-04-19T08:43:31Z,2017,Australia,Océano Índico,HUMAN_OBSERVATION,5bf5a032-d602-4217-a355-4f71117a6310,"Great Australian Bight Research Program, Australia (2015-2017)",10.15468/35g64d,CSIRO National Collections and Marine Infrastructure (NCMI) Information and Data Centre (IDC),CSIRO,CC-BY,http://creativecommons.org/licenses/by/4.0/legalcode,CS-IN2017_C01-189-2549632-25425001-21,,si
GBIF,4140627220,"Enypniastes eximia Théel, 1882",Enypniastes eximia,-34.75525,130.7135,1790,1772,1808,2017-04-22T17:42:16Z,2017,Australia,Océano Índico,HUMAN_OBSERVATION,5bf5a032-d602-4217-a355-4f71117a6310,"Great Australian Bight Research Program, Australia (2015-2017)",10.15468/35g64d,CSIRO National Collections and Marine Infrastructure (NCMI) Information and Data Centre (IDC),CSIRO,CC-BY,http://creativecommons.org/licenses/by/4.0/legalcode,CS-IN2017_C01-207-2549640-25425001-17,,si
GBIF,2806839850,"Enypniastes eximia Théel, 1882",Enypniastes eximia,-30.099,153.596,1225.5,1194,1257,2017-06-05,2017,Australia,Pacífico Sur,PRESERVED_SPECIMEN,39905320-6c8a-11de-8226-b8a03c50a862,IN2017_V03 - Sampling the Abyss,10.15468/lp1ctu,Museums Victoria,NMV,CC0,http://creativecommons.org/publicdomain/zero/1.0/legalcode,ccb704ff-2eea-4c9e-a0ea-ac93b9fe6f78,,si
GBIF,2973650974,"Enypniastes eximia Théel, 1882",Enypniastes eximia,-30.099,153.596,1225.5,1194,1257,2017-06-05,2017,Australia,Pacífico Sur,PRESERVED_SPECIMEN,39905320-6c8a-11de-8226-b8a03c50a862,IN2017_V03 - Sampling the Abyss,10.15468/lp1ctu,Museums Victoria,NMV,CC0,http://creativecommons.org/publicdomain/zero/1.0/legalcode,6bb3009d-d5d4-4653-86d7-e4a8aed2194c,,si
GBIF,2458306943,"Enypniastes eximia Théel, 1882",Enypniastes eximia,-42.764,177.724667,778.5,766,791,2016-01-04T12:06/2016-01-04T12:58,2016,New Zealand,Pacífico Sur,HUMAN_OBSERVATION,421890f7-e909-40ed-a573-b1c9529a55fa,NZ research trawl surveys since 2008,10.15468/gzpcyl,Southwestern Pacific Ocean Biogeographic Information System (OBIS) Node,MPI,CC-BY,http://creativecommons.org/licenses/by/4.0/legalcode,tan1601/2/EEX,,si
GBIF,2458307181,"Enypniastes eximia Théel, 1882",Enypniastes eximia,-42.731333,179.942167,1197.5,1197,1198,2016-01-05T23:48/2016-01-06T00:39,2016,New Zealand,Pacífico Sur,HUMAN_OBSERVATION,421890f7-e909-40ed-a573-b1c9529a55fa,NZ research trawl surveys since 2008,10.15468/gzpcyl,Southwestern Pacific Ocean Biogeographic Information System (OBIS) Node,MPI,CC-BY,http://creativecommons.org/licenses/by/4.0/legalcode,tan1601/14/EEX,,si
GBIF,2458307775,"Enypniastes eximia Théel, 1882",Enypniastes eximia,-42.771,177.841667,728.5,722,735,2016-01-04T14:30/2016-01-04T15:21,2016,New Zealand,Pacífico Sur,HUMAN_OBSERVATION,421890f7-e909-40ed-a573-b1c9529a55fa,NZ research trawl surveys since 2008,10.15468/gzpcyl,Southwestern Pacific Ocean Biogeographic Information System (OBIS) Node,MPI,CC-BY,http://creativecommons.org/licenses/by/4.0/legalcode,tan1601/3/EEX,,si
GBIF,2458308293,"Enypniastes eximia Théel, 1882",Enypniastes eximia,-42.741833,178.384167,1170.5,1169,1172,2016-01-04T20:14/2016-01-04T21:06,2016,New Zealand,Pacífico Sur,HUMAN_OBSERVATION,421890f7-e909-40ed-a573-b1c9529a55fa,NZ research trawl surveys since 2008,10.15468/gzpcyl,Southwestern Pacific Ocean Biogeographic Information System (OBIS) Node,MPI,CC-BY,http://creativecommons.org/licenses/by/4.0/legalcode,tan1601/5/EEX,,si
GBIF,2458308398,"Enypniastes eximia Théel, 1882",Enypniastes eximia,-42.765333,178.2015,969,965,973,2016-01-04T17:33/2016-01-04T18:25,2016,New Zealand,Pacífico Sur,HUMAN_OBSERVATION,421890f7-e909-40ed-a573-b1c9529a55fa,NZ research trawl surveys since 2008,10.15468/gzpcyl,Southwestern Pacific Ocean Biogeographic Information System (OBIS) Node,MPI,CC-BY,http://creativecommons.org/licenses/by/4.0/legalcode,tan1601/4/EEX,,si
GBIF,2458309630,"Enypniastes eximia Théel, 1882",Enypniastes eximia,-42.741833,-177.196667,1105,1102,1108,2016-01-09T20:54/2016-01-09T21:46,2016,New Zealand,Pacífico Sur,HUMAN_OBSERVATION,421890f7-e909-40ed-a573-b1c9529a55fa,NZ research trawl surveys since 2008,10.15468/gzpcyl,Southwestern Pacific Ocean Biogeographic Information System (OBIS) Node,MPI,CC-BY,http://creativecommons.org/licenses/by/4.0/legalcode,tan1601/34/EEX,,si
GBIF,2458311669,"Enypniastes eximia Théel, 1882",Enypniastes eximia,-42.7885,178.763333,1169,1165,1173,2016-01-05T01:28/2016-01-05T02:19,2016,New Zealand,Pacífico Sur,HUMAN_OBSERVATION,421890f7-e909-40ed-a573-b1c9529a55fa,NZ research trawl surveys since 2008,10.15468/gzpcyl,Southwestern Pacific Ocean Biogeographic Information System (OBIS) Node,MPI,CC-BY,http://creativecommons.org/licenses/by/4.0/legalcode,tan1601/7/EEX,,si
GBIF,2458311852,"Enypniastes eximia Théel, 1882",Enypniastes eximia,-42.744,178.532,1241.5,1240,1243,2016-01-04T22:36/2016-01-04T23:27,2016,New Zealand,Pacífico Sur,HUMAN_OBSERVATION,421890f7-e909-40ed-a573-b1c9529a55fa,NZ research trawl surveys since 2008,10.15468/gzpcyl,Southwestern Pacific Ocean Biogeographic Information System (OBIS) Node,MPI,CC-BY,http://creativecommons.org/licenses/by/4.0/legalcode,tan1601/6/EEX,,si
GBIF,2458287630,"Enypniastes eximia Théel, 1882",Enypniastes eximia,-44.691,-176.086,1138.5,1110,1167,2016-11-04T17:29/2016-11-04T18:39,2016,New Zealand,Pacífico Sur,HUMAN_OBSERVATION,421890f7-e909-40ed-a573-b1c9529a55fa,NZ research trawl surveys since 2008,10.15468/gzpcyl,Southwestern Pacific Ocean Biogeographic Information System (OBIS) Node,MPI,CC-BY,http://creativecommons.org/licenses/by/4.0/legalcode,aex1602/50/EEX,,si
GBIF,4081074011,"Enypniastes eximia Théel, 1882",Enypniastes eximia,-42.727,178.105667,999,996,1002,2015-08-18,2015,New Zealand,Pacífico Sur,PRESERVED_SPECIMEN,4d0b1b2a-3209-49ce-bb93-7503e4868019,Earth Sciences New Zealand National Invertebrate Collection (NIC),10.15468/6qgswo,Earth Sciences New Zealand (ESNZ),Earth Sciences New Zealand,CC-BY,http://creativecommons.org/licenses/by/4.0/legalcode,e5b6f702-02ed-4c8a-b5fc-4d19f300636f,,si
GBIF,2518536418,"Enypniastes eximia Théel, 1882",Enypniastes eximia,-34.6611,132.408,1027.5,1020,1035,2015-11-25,2015,Australia,Océano Índico,PRESERVED_SPECIMEN,39905320-6c8a-11de-8226-b8a03c50a862,IN2015_C01,10.15468/lp1ctu,Museums Victoria,NMV,CC0,http://creativecommons.org/publicdomain/zero/1.0/legalcode,1b5cbbe5-3dc0-457e-9c80-90e9b9ae28fc,,si
GBIF,2518539039,"Enypniastes eximia Théel, 1882",Enypniastes eximia,-35.3774,132.322,1701.5,1680,1723,2015-11-06,2015,Australia,Océano Índico,PRESERVED_SPECIMEN,39905320-6c8a-11de-8226-b8a03c50a862,IN2015_C01,10.15468/lp1ctu,Museums Victoria,NMV,CC0,http://creativecommons.org/publicdomain/zero/1.0/legalcode,2c1939fb-29d3-4112-a212-6ee98607ecf5,,si
GBIF,2518539855,"Enypniastes eximia Théel, 1882",Enypniastes eximia,-34.4078,130.024,2114.5,2112,2117,2015-11-17,2015,Australia,Océano Índico,PRESERVED_SPECIMEN,39905320-6c8a-11de-8226-b8a03c50a862,IN2015_C01,10.15468/lp1ctu,Museums Victoria,NMV,CC0,http://creativecommons.org/publicdomain/zero/1.0/legalcode,314a91f3-3302-4bf4-81a8-9e5ad295bae4,,si
GBIF,2518541599,"Enypniastes eximia Théel, 1882",Enypniastes eximia,-35.5546,132.283,2240.5,2222,2259,2015-11-06,2015,Australia,Océano Índico,PRESERVED_SPECIMEN,39905320-6c8a-11de-8226-b8a03c50a862,IN2015_C01,10.15468/lp1ctu,Museums Victoria,NMV,CC0,http://creativecommons.org/publicdomain/zero/1.0/legalcode,3c29d981-e162-486d-8aa3-97ff52510142,,si
GBIF,2518542675,"Enypniastes eximia Théel, 1882",Enypniastes eximia,-34.3414,129.942,2079,2078,2080,2015-11-17,2015,Australia,Océano Índico,PRESERVED_SPECIMEN,39905320-6c8a-11de-8226-b8a03c50a862,IN2015_C01,10.15468/lp1ctu,Museums Victoria,NMV,CC0,http://creativecommons.org/publicdomain/zero/1.0/legalcode,43baea25-65bc-451a-b23e-0187a1c44be0,,si
GBIF,2518560888,"Enypniastes eximia Théel, 1882",Enypniastes eximia,-35.2503,131.692,1836,1836,1836,2015-11-09,2015,Australia,Océano Índico,PRESERVED_SPECIMEN,39905320-6c8a-11de-8226-b8a03c50a862,IN2015_C01,10.15468/lp1ctu,Museums Victoria,NMV,CC0,http://creativecommons.org/publicdomain/zero/1.0/legalcode,ba0f973f-c033-4c45-8bb1-3b82a2bb0363,,si
GBIF,2518562432,"Enypniastes eximia Théel, 1882",Enypniastes eximia,-34.6294,132.356,1021.5,1014,1029,2015-11-23,2015,Australia,Océano Índico,PRESERVED_SPECIMEN,39905320-6c8a-11de-8226-b8a03c50a862,IN2015_C01,10.15468/lp1ctu,Museums Victoria,NMV,CC0,http://creativecommons.org/publicdomain/zero/1.0/legalcode,c470511b-6da0-45d3-917e-1952eb9ee240,,si
GBIF,2518563669,"Enypniastes eximia Théel, 1882",Enypniastes eximia,-35.5546,132.283,2240.5,2222,2259,2015-11-06,2015,Australia,Océano Índico,PRESERVED_SPECIMEN,39905320-6c8a-11de-8226-b8a03c50a862,IN2015_C01,10.15468/lp1ctu,Museums Victoria,NMV,CC0,http://creativecommons.org/publicdomain/zero/1.0/legalcode,c9e0a8c3-10ff-44d4-8772-eb992fb4c19a,,si
GBIF,2596616870,"Enypniastes eximia Théel, 1882",Enypniastes eximia,-35.24,131.6778,1836,1836,1836,2015-11-09,2015,Australia,Océano Índico,PRESERVED_SPECIMEN,fa375330-6c8a-11de-8226-b8a03c50a862,CSIRO/Chevron IN2015_C01 Great Australian Bight Deepwater Geological & Benthic Ecology Program,10.15468/wz4rrh,South Australian Museum,SAMA,CC-BY,http://creativecommons.org/licenses/by/4.0/legalcode,c9a4bb47-b975-4386-b0db-c6166926fbe4,,si
GBIF,4140622395,"Enypniastes eximia Théel, 1882",Enypniastes eximia,-35.37725,132.322,1701.5,1680,1723,2015-11-06T10:50Z,2015,Australia,Océano Índico,HUMAN_OBSERVATION,5bf5a032-d602-4217-a355-4f71117a6310,"Great Australian Bight Research Program, Australia (2015-2017)",10.15468/35g64d,CSIRO National Collections and Marine Infrastructure (NCMI) Information and Data Centre (IDC),CSIRO,CC-BY,http://creativecommons.org/licenses/by/4.0/legalcode,CS-IN2015_C01-41-2549195-25425001-1,,si
GBIF,4140622838,"Enypniastes eximia Théel, 1882",Enypniastes eximia,-34.34735,129.9485,2079,2078,2080,2015-11-16T23:26Z,2015,Australia,Océano Índico,HUMAN_OBSERVATION,5bf5a032-d602-4217-a355-4f71117a6310,"Great Australian Bight Research Program, Australia (2015-2017)",10.15468/35g64d,CSIRO National Collections and Marine Infrastructure (NCMI) Information and Data Centre (IDC),CSIRO,CC-BY,http://creativecommons.org/licenses/by/4.0/legalcode,CS-IN2015_C01-79-2549216-25425001-76,,si
GBIF,4140622854,"Enypniastes eximia Théel, 1882",Enypniastes eximia,-34.6338,132.371,1021.5,1014,1029,2015-11-23T08:16:05Z,2015,Australia,Océano Índico,HUMAN_OBSERVATION,5bf5a032-d602-4217-a355-4f71117a6310,"Great Australian Bight Research Program, Australia (2015-2017)",10.15468/35g64d,CSIRO National Collections and Marine Infrastructure (NCMI) Information and Data Centre (IDC),CSIRO,CC-BY,http://creativecommons.org/licenses/by/4.0/legalcode,CS-IN2015_C01-110-2549237-25425001-115,,si
GBIF,4140622880,"Enypniastes eximia Théel, 1882",Enypniastes eximia,-34.34735,129.9485,2079,2078,2080,2015-11-16T23:26Z,2015,Australia,Océano Índico,HUMAN_OBSERVATION,5bf5a032-d602-4217-a355-4f71117a6310,"Great Australian Bight Research Program, Australia (2015-2017)",10.15468/35g64d,CSIRO National Collections and Marine Infrastructure (NCMI) Information and Data Centre (IDC),CSIRO,CC-BY,http://creativecommons.org/licenses/by/4.0/legalcode,CS-IN2015_C01-79-2549216-25425001-58,,si
GBIF,4140622911,"Enypniastes eximia Théel, 1882",Enypniastes eximia,-34.34735,129.9485,2079,2078,2080,2015-11-16T23:26Z,2015,Australia,Océano Índico,HUMAN_OBSERVATION,5bf5a032-d602-4217-a355-4f71117a6310,"Great Australian Bight Research Program, Australia (2015-2017)",10.15468/35g64d,CSIRO National Collections and Marine Infrastructure (NCMI) Information and Data Centre (IDC),CSIRO,CC-BY,http://creativecommons.org/licenses/by/4.0/legalcode,CS-IN2015_C01-79-2549216-25425001-44,,si
GBIF,4140622930,"Enypniastes eximia Théel, 1882",Enypniastes eximia,-34.34735,129.9485,2079,2078,2080,2015-11-16T23:26Z,2015,Australia,Océano Índico,HUMAN_OBSERVATION,5bf5a032-d602-4217-a355-4f71117a6310,"Great Australian Bight Research Program, Australia (2015-2017)",10.15468/35g64d,CSIRO National Collections and Marine Infrastructure (NCMI) Information and Data Centre (IDC),CSIRO,CC-BY,http://creativecommons.org/licenses/by/4.0/legalcode,CS-IN2015_C01-79-2549216-25425001-34,,si
GBIF,4140622933,"Enypniastes eximia Théel, 1882",Enypniastes eximia,-34.34735,129.9485,2079,2078,2080,2015-11-16T23:26Z,2015,Australia,Océano Índico,HUMAN_OBSERVATION,5bf5a032-d602-4217-a355-4f71117a6310,"Great Australian Bight Research Program, Australia (2015-2017)",10.15468/35g64d,CSIRO National Collections and Marine Infrastructure (NCMI) Information and Data Centre (IDC),CSIRO,CC-BY,http://creativecommons.org/licenses/by/4.0/legalcode,CS-IN2015_C01-79-2549216-25425001-32,,si
GBIF,4140622934,"Enypniastes eximia Théel, 1882",Enypniastes eximia,-34.34735,129.9485,2079,2078,2080,2015-11-16T23:26Z,2015,Australia,Océano Índico,HUMAN_OBSERVATION,5bf5a032-d602-4217-a355-4f71117a6310,"Great Australian Bight Research Program, Australia (2015-2017)",10.15468/35g64d,CSIRO National Collections and Marine Infrastructure (NCMI) Information and Data Centre (IDC),CSIRO,CC-BY,http://creativecommons.org/licenses/by/4.0/legalcode,CS-IN2015_C01-79-2549216-25425001-33,,si
GBIF,4140622936,"Enypniastes eximia Théel, 1882",Enypniastes eximia,-34.34735,129.9485,2079,2078,2080,2015-11-16T23:26Z,2015,Australia,Océano Índico,HUMAN_OBSERVATION,5bf5a032-d602-4217-a355-4f71117a6310,"Great Australian Bight Research Program, Australia (2015-2017)",10.15468/35g64d,CSIRO National Collections and Marine Infrastructure (NCMI) Information and Data Centre (IDC),CSIRO,CC-BY,http://creativecommons.org/licenses/by/4.0/legalcode,CS-IN2015_C01-79-2549216-25425001-31,,si
GBIF,4140623354,"Enypniastes eximia Théel, 1882",Enypniastes eximia,-34.6673,132.467,1015,1014,1016,2015-11-24T10:33Z,2015,Australia,Océano Índico,HUMAN_OBSERVATION,5bf5a032-d602-4217-a355-4f71117a6310,"Great Australian Bight Research Program, Australia (2015-2017)",10.15468/35g64d,CSIRO National Collections and Marine Infrastructure (NCMI) Information and Data Centre (IDC),CSIRO,CC-BY,http://creativecommons.org/licenses/by/4.0/legalcode,CS-IN2015_C01-117-2549241-25425001-76,,si
GBIF,4140623357,"Enypniastes eximia Théel, 1882",Enypniastes eximia,-34.78695,131.738,1331.5,1323,1340,2015-11-21T14:20:30Z,2015,Australia,Océano Índico,HUMAN_OBSERVATION,5bf5a032-d602-4217-a355-4f71117a6310,"Great Australian Bight Research Program, Australia (2015-2017)",10.15468/35g64d,CSIRO National Collections and Marine Infrastructure (NCMI) Information and Data Centre (IDC),CSIRO,CC-BY,http://creativecommons.org/licenses/by/4.0/legalcode,CS-IN2015_C01-99-2549230-25425001-42,,si
GBIF,4140623359,"Enypniastes eximia Théel, 1882",Enypniastes eximia,-34.78695,131.738,1331.5,1323,1340,2015-11-21T14:20:30Z,2015,Australia,Océano Índico,HUMAN_OBSERVATION,5bf5a032-d602-4217-a355-4f71117a6310,"Great Australian Bight Research Program, Australia (2015-2017)",10.15468/35g64d,CSIRO National Collections and Marine Infrastructure (NCMI) Information and Data Centre (IDC),CSIRO,CC-BY,http://creativecommons.org/licenses/by/4.0/legalcode,CS-IN2015_C01-99-2549230-25425001-41,,si
GBIF,4140623362,"Enypniastes eximia Théel, 1882",Enypniastes eximia,-34.78695,131.738,1331.5,1323,1340,2015-11-21T14:20:30Z,2015,Australia,Océano Índico,HUMAN_OBSERVATION,5bf5a032-d602-4217-a355-4f71117a6310,"Great Australian Bight Research Program, Australia (2015-2017)",10.15468/35g64d,CSIRO National Collections and Marine Infrastructure (NCMI) Information and Data Centre (IDC),CSIRO,CC-BY,http://creativecommons.org/licenses/by/4.0/legalcode,CS-IN2015_C01-99-2549230-25425001-40,,si
GBIF,4140623575,"Enypniastes eximia Théel, 1882",Enypniastes eximia,-34.78695,131.738,1331.5,1323,1340,2015-11-21T14:20:30Z,2015,Australia,Océano Índico,HUMAN_OBSERVATION,5bf5a032-d602-4217-a355-4f71117a6310,"Great Australian Bight Research Program, Australia (2015-2017)",10.15468/35g64d,CSIRO National Collections and Marine Infrastructure (NCMI) Information and Data Centre (IDC),CSIRO,CC-BY,http://creativecommons.org/licenses/by/4.0/legalcode,CS-IN2015_C01-99-2549230-25425001-43,,si
GBIF,4140623598,"Enypniastes eximia Théel, 1882",Enypniastes eximia,-34.6999,132.539,987,980,994,2015-11-24T02:30:55Z,2015,Australia,Océano Índico,HUMAN_OBSERVATION,5bf5a032-d602-4217-a355-4f71117a6310,"Great Australian Bight Research Program, Australia (2015-2017)",10.15468/35g64d,CSIRO National Collections and Marine Infrastructure (NCMI) Information and Data Centre (IDC),CSIRO,CC-BY,http://creativecommons.org/licenses/by/4.0/legalcode,CS-IN2015_C01-114-2549239-25425001-148,,si
GBIF,4140623814,"Enypniastes eximia Théel, 1882",Enypniastes eximia,-35.56385,132.305,2240.5,2222,2259,2015-11-05T17:53:46Z,2015,Australia,Océano Índico,HUMAN_OBSERVATION,5bf5a032-d602-4217-a355-4f71117a6310,"Great Australian Bight Research Program, Australia (2015-2017)",10.15468/35g64d,CSIRO National Collections and Marine Infrastructure (NCMI) Information and Data Centre (IDC),CSIRO,CC-BY,http://creativecommons.org/licenses/by/4.0/legalcode,CS-IN2015_C01-36-2549193-25425001-25,,si
GBIF,4140623955,"Enypniastes eximia Théel, 1882",Enypniastes eximia,-35.56385,132.305,2240.5,2222,2259,2015-11-05T17:53:46Z,2015,Australia,Océano Índico,HUMAN_OBSERVATION,5bf5a032-d602-4217-a355-4f71117a6310,"Great Australian Bight Research Program, Australia (2015-2017)",10.15468/35g64d,CSIRO National Collections and Marine Infrastructure (NCMI) Information and Data Centre (IDC),CSIRO,CC-BY,http://creativecommons.org/licenses/by/4.0/legalcode,CS-IN2015_C01-36-2549193-25425001-21,,si
GBIF,4140624320,"Enypniastes eximia Théel, 1882",Enypniastes eximia,-34.6338,132.371,1021.5,1014,1029,2015-11-23T08:16:05Z,2015,Australia,Océano Índico,HUMAN_OBSERVATION,5bf5a032-d602-4217-a355-4f71117a6310,"Great Australian Bight Research Program, Australia (2015-2017)",10.15468/35g64d,CSIRO National Collections and Marine Infrastructure (NCMI) Information and Data Centre (IDC),CSIRO,CC-BY,http://creativecommons.org/licenses/by/4.0/legalcode,CS-IN2015_C01-110-2549237-25425001-65,,si
GBIF,4140625478,"Enypniastes eximia Théel, 1882",Enypniastes eximia,-34.65015,132.418,1027.5,1020,1035,2015-11-24T23:41:33Z,2015,Australia,Océano Índico,HUMAN_OBSERVATION,5bf5a032-d602-4217-a355-4f71117a6310,"Great Australian Bight Research Program, Australia (2015-2017)",10.15468/35g64d,CSIRO National Collections and Marine Infrastructure (NCMI) Information and Data Centre (IDC),CSIRO,CC-BY,http://creativecommons.org/licenses/by/4.0/legalcode,CS-IN2015_C01-123-2549245-25425001-47,,si
GBIF,4140626563,"Enypniastes eximia Théel, 1882",Enypniastes eximia,-34.7234,131.8525,1335.5,1321,1350,2015-11-22T14:40:54Z,2015,Australia,Océano Índico,HUMAN_OBSERVATION,5bf5a032-d602-4217-a355-4f71117a6310,"Great Australian Bight Research Program, Australia (2015-2017)",10.15468/35g64d,CSIRO National Collections and Marine Infrastructure (NCMI) Information and Data Centre (IDC),CSIRO,CC-BY,http://creativecommons.org/licenses/by/4.0/legalcode,CS-IN2015_C01-108-2549236-25425001-70,,si
GBIF,4140626584,"Enypniastes eximia Théel, 1882",Enypniastes eximia,-34.7234,131.8525,1335.5,1321,1350,2015-11-22T14:40:54Z,2015,Australia,Océano Índico,HUMAN_OBSERVATION,5bf5a032-d602-4217-a355-4f71117a6310,"Great Australian Bight Research Program, Australia (2015-2017)",10.15468/35g64d,CSIRO National Collections and Marine Infrastructure (NCMI) Information and Data Centre (IDC),CSIRO,CC-BY,http://creativecommons.org/licenses/by/4.0/legalcode,CS-IN2015_C01-108-2549236-25425001-66,,si
GBIF,4140626585,"Enypniastes eximia Théel, 1882",Enypniastes eximia,-34.7234,131.8525,1335.5,1321,1350,2015-11-22T14:40:54Z,2015,Australia,Océano Índico,HUMAN_OBSERVATION,5bf5a032-d602-4217-a355-4f71117a6310,"Great Australian Bight Research Program, Australia (2015-2017)",10.15468/35g64d,CSIRO National Collections and Marine Infrastructure (NCMI) Information and Data Centre (IDC),CSIRO,CC-BY,http://creativecommons.org/licenses/by/4.0/legalcode,CS-IN2015_C01-108-2549236-25425001-67,,si
GBIF,4140626587,"Enypniastes eximia Théel, 1882",Enypniastes eximia,-34.7234,131.8525,1335.5,1321,1350,2015-11-22T14:40:54Z,2015,Australia,Océano Índico,HUMAN_OBSERVATION,5bf5a032-d602-4217-a355-4f71117a6310,"Great Australian Bight Research Program, Australia (2015-2017)",10.15468/35g64d,CSIRO National Collections and Marine Infrastructure (NCMI) Information and Data Centre (IDC),CSIRO,CC-BY,http://creativecommons.org/licenses/by/4.0/legalcode,CS-IN2015_C01-108-2549236-25425001-68,,si
GBIF,4140626590,"Enypniastes eximia Théel, 1882",Enypniastes eximia,-34.7234,131.8525,1335.5,1321,1350,2015-11-22T14:40:54Z,2015,Australia,Océano Índico,HUMAN_OBSERVATION,5bf5a032-d602-4217-a355-4f71117a6310,"Great Australian Bight Research Program, Australia (2015-2017)",10.15468/35g64d,CSIRO National Collections and Marine Infrastructure (NCMI) Information and Data Centre (IDC),CSIRO,CC-BY,http://creativecommons.org/licenses/by/4.0/legalcode,CS-IN2015_C01-108-2549236-25425001-69,,si
GBIF,4140626770,"Enypniastes eximia Théel, 1882",Enypniastes eximia,-35.24015,131.6775,1836,1836,1836,2015-11-09T04:49:58Z,2015,Australia,Océano Índico,HUMAN_OBSERVATION,5bf5a032-d602-4217-a355-4f71117a6310,"Great Australian Bight Research Program, Australia (2015-2017)",10.15468/35g64d,CSIRO National Collections and Marine Infrastructure (NCMI) Information and Data Centre (IDC),CSIRO,CC-BY,http://creativecommons.org/licenses/by/4.0/legalcode,CS-IN2015_C01-54-2549201-25425001-38,,si
GBIF,4140626772,"Enypniastes eximia Théel, 1882",Enypniastes eximia,-35.24015,131.6775,1836,1836,1836,2015-11-09T04:49:58Z,2015,Australia,Océano Índico,HUMAN_OBSERVATION,5bf5a032-d602-4217-a355-4f71117a6310,"Great Australian Bight Research Program, Australia (2015-2017)",10.15468/35g64d,CSIRO National Collections and Marine Infrastructure (NCMI) Information and Data Centre (IDC),CSIRO,CC-BY,http://creativecommons.org/licenses/by/4.0/legalcode,CS-IN2015_C01-54-2549201-25425001-37,,si
GBIF,4140626773,"Enypniastes eximia Théel, 1882",Enypniastes eximia,-35.24015,131.6775,1836,1836,1836,2015-11-09T04:49:58Z,2015,Australia,Océano Índico,HUMAN_OBSERVATION,5bf5a032-d602-4217-a355-4f71117a6310,"Great Australian Bight Research Program, Australia (2015-2017)",10.15468/35g64d,CSIRO National Collections and Marine Infrastructure (NCMI) Information and Data Centre (IDC),CSIRO,CC-BY,http://creativecommons.org/licenses/by/4.0/legalcode,CS-IN2015_C01-54-2549201-25425001-39,,si
GBIF,4140626782,"Enypniastes eximia Théel, 1882",Enypniastes eximia,-35.24015,131.6775,1836,1836,1836,2015-11-09T04:49:58Z,2015,Australia,Océano Índico,HUMAN_OBSERVATION,5bf5a032-d602-4217-a355-4f71117a6310,"Great Australian Bight Research Program, Australia (2015-2017)",10.15468/35g64d,CSIRO National Collections and Marine Infrastructure (NCMI) Information and Data Centre (IDC),CSIRO,CC-BY,http://creativecommons.org/licenses/by/4.0/legalcode,CS-IN2015_C01-54-2549201-25425001-36,,si
GBIF,4140626808,"Enypniastes eximia Théel, 1882",Enypniastes eximia,-35.24015,131.6775,1836,1836,1836,2015-11-09T04:49:58Z,2015,Australia,Océano Índico,HUMAN_OBSERVATION,5bf5a032-d602-4217-a355-4f71117a6310,"Great Australian Bight Research Program, Australia (2015-2017)",10.15468/35g64d,CSIRO National Collections and Marine Infrastructure (NCMI) Information and Data Centre (IDC),CSIRO,CC-BY,http://creativecommons.org/licenses/by/4.0/legalcode,CS-IN2015_C01-54-2549201-25425001-40,,si
GBIF,4140627384,"Enypniastes eximia Théel, 1882",Enypniastes eximia,-35.1686,131.6315,1863,1834,1892,2015-11-08T22:06:22Z,2015,Australia,Océano Índico,HUMAN_OBSERVATION,5bf5a032-d602-4217-a355-4f71117a6310,"Great Australian Bight Research Program, Australia (2015-2017)",10.15468/35g64d,CSIRO National Collections and Marine Infrastructure (NCMI) Information and Data Centre (IDC),CSIRO,CC-BY,http://creativecommons.org/licenses/by/4.0/legalcode,CS-IN2015_C01-52-2549199-25425001-22,,si
GBIF,4140627386,"Enypniastes eximia Théel, 1882",Enypniastes eximia,-35.1686,131.6315,1863,1834,1892,2015-11-08T22:06:22Z,2015,Australia,Océano Índico,HUMAN_OBSERVATION,5bf5a032-d602-4217-a355-4f71117a6310,"Great Australian Bight Research Program, Australia (2015-2017)",10.15468/35g64d,CSIRO National Collections and Marine Infrastructure (NCMI) Information and Data Centre (IDC),CSIRO,CC-BY,http://creativecommons.org/licenses/by/4.0/legalcode,CS-IN2015_C01-52-2549199-25425001-23,,si
GBIF,4140627388,"Enypniastes eximia Théel, 1882",Enypniastes eximia,-35.1686,131.6315,1863,1834,1892,2015-11-08T22:06:22Z,2015,Australia,Océano Índico,HUMAN_OBSERVATION,5bf5a032-d602-4217-a355-4f71117a6310,"Great Australian Bight Research Program, Australia (2015-2017)",10.15468/35g64d,CSIRO National Collections and Marine Infrastructure (NCMI) Information and Data Centre (IDC),CSIRO,CC-BY,http://creativecommons.org/licenses/by/4.0/legalcode,CS-IN2015_C01-52-2549199-25425001-24,,si
GBIF,4140627390,"Enypniastes eximia Théel, 1882",Enypniastes eximia,-35.1686,131.6315,1863,1834,1892,2015-11-08T22:06:22Z,2015,Australia,Océano Índico,HUMAN_OBSERVATION,5bf5a032-d602-4217-a355-4f71117a6310,"Great Australian Bight Research Program, Australia (2015-2017)",10.15468/35g64d,CSIRO National Collections and Marine Infrastructure (NCMI) Information and Data Centre (IDC),CSIRO,CC-BY,http://creativecommons.org/licenses/by/4.0/legalcode,CS-IN2015_C01-52-2549199-25425001-25,,si
GBIF,4140627430,"Enypniastes eximia Théel, 1882",Enypniastes eximia,-35.1686,131.6315,1863,1834,1892,2015-11-08T22:06:22Z,2015,Australia,Océano Índico,HUMAN_OBSERVATION,5bf5a032-d602-4217-a355-4f71117a6310,"Great Australian Bight Research Program, Australia (2015-2017)",10.15468/35g64d,CSIRO National Collections and Marine Infrastructure (NCMI) Information and Data Centre (IDC),CSIRO,CC-BY,http://creativecommons.org/licenses/by/4.0/legalcode,CS-IN2015_C01-52-2549199-25425001-21,,si
GBIF,4140627747,"Enypniastes eximia Théel, 1882",Enypniastes eximia,-34.41425,130.031,2114.5,2112,2117,2015-11-17T02:55:21Z,2015,Australia,Océano Índico,HUMAN_OBSERVATION,5bf5a032-d602-4217-a355-4f71117a6310,"Great Australian Bight Research Program, Australia (2015-2017)",10.15468/35g64d,CSIRO National Collections and Marine Infrastructure (NCMI) Information and Data Centre (IDC),CSIRO,CC-BY,http://creativecommons.org/licenses/by/4.0/legalcode,CS-IN2015_C01-80-2549217-25425001-37,,si
GBIF,4140627771,"Enypniastes eximia Théel, 1882",Enypniastes eximia,-34.41425,130.031,2114.5,2112,2117,2015-11-17T02:55:21Z,2015,Australia,Océano Índico,HUMAN_OBSERVATION,5bf5a032-d602-4217-a355-4f71117a6310,"Great Australian Bight Research Program, Australia (2015-2017)",10.15468/35g64d,CSIRO National Collections and Marine Infrastructure (NCMI) Information and Data Centre (IDC),CSIRO,CC-BY,http://creativecommons.org/licenses/by/4.0/legalcode,CS-IN2015_C01-80-2549217-25425001-69,,si
GBIF,4147426121,"Enypniastes eximia Théel, 1882",Enypniastes eximia,-35.5546,132.283,2222.4,2222.4,2222.4,2015-11-06T00:00,2015,Australia,Océano Índico,PRESERVED_SPECIMEN,cb01f1fc-42c4-4267-a5db-475b40ef199b,CSIRO Marine Invertebrates Image Collection (MIIC),10.15468/mt4kza,CSIRO National Collections and Marine Infrastructure (NCMI) Information and Data Centre (IDC),CSIRO,CC-BY,http://creativecommons.org/licenses/by/4.0/legalcode,urn:csiro:MIIC:MIIC-02670,,si
GBIF,4147426123,"Enypniastes eximia Théel, 1882",Enypniastes eximia,-35.5546,132.283,2222.4,2222.4,2222.4,2015-11-06T00:00,2015,Australia,Océano Índico,PRESERVED_SPECIMEN,cb01f1fc-42c4-4267-a5db-475b40ef199b,CSIRO Marine Invertebrates Image Collection (MIIC),10.15468/mt4kza,CSIRO National Collections and Marine Infrastructure (NCMI) Information and Data Centre (IDC),CSIRO,CC-BY,http://creativecommons.org/licenses/by/4.0/legalcode,urn:csiro:MIIC:MIIC-02671,,si
GBIF,2596617061,"Enypniastes eximia Théel, 1882",Enypniastes eximia,-34.62215,131.0565,1478,1478,1478,2015-12-09,2015,Australia,Océano Índico,PRESERVED_SPECIMEN,fa375330-6c8a-11de-8226-b8a03c50a862,CSIRO/BP IN2015_C02 Great Australian Bight deepwater pelagic and benthic ecosystem study,10.15468/wz4rrh,South Australian Museum,SAMA,CC-BY,http://creativecommons.org/licenses/by/4.0/legalcode,763074b3-52bb-4950-b456-33e439fcea14,,si
GBIF,2824624614,"Enypniastes eximia Théel, 1882",Enypniastes eximia,-35.3445,134.045,1526.5,1509,1544,2015-12-05,2015,Australia,Océano Índico,PRESERVED_SPECIMEN,39905320-6c8a-11de-8226-b8a03c50a862,IN2015_C02,10.15468/lp1ctu,Museums Victoria,NMV,CC0,http://creativecommons.org/publicdomain/zero/1.0/legalcode,ff369341-4bd4-4d48-b941-7cf503d79321,,si
GBIF,2824625395,"Enypniastes eximia Théel, 1882",Enypniastes eximia,-35.0352,131.077,2014,1957,2071,2015-12-09,2015,Australia,Océano Índico,PRESERVED_SPECIMEN,39905320-6c8a-11de-8226-b8a03c50a862,IN2015_C02,10.15468/lp1ctu,Museums Victoria,NMV,CC0,http://creativecommons.org/publicdomain/zero/1.0/legalcode,516dc0e1-b344-4b67-b7c4-c9ea219a101c,,si
GBIF,2824626322,"Enypniastes eximia Théel, 1882",Enypniastes eximia,-35.3445,134.045,1526.5,1509,1544,2015-12-05,2015,Australia,Océano Índico,PRESERVED_SPECIMEN,39905320-6c8a-11de-8226-b8a03c50a862,IN2015_C02,10.15468/lp1ctu,Museums Victoria,NMV,CC0,http://creativecommons.org/publicdomain/zero/1.0/legalcode,0e5c7da1-5a52-43c4-bc62-dbf6f0b25c5b,,si
GBIF,2824626410,"Enypniastes eximia Théel, 1882",Enypniastes eximia,-34.0723,130.26,1552.5,1535,1570,2015-12-17,2015,Australia,Océano Índico,PRESERVED_SPECIMEN,39905320-6c8a-11de-8226-b8a03c50a862,IN2015_C02,10.15468/lp1ctu,Museums Victoria,NMV,CC0,http://creativecommons.org/publicdomain/zero/1.0/legalcode,588d26fe-47de-4c83-adef-936725f322c1,,si
GBIF,2824627424,"Enypniastes eximia Théel, 1882",Enypniastes eximia,-34.625,130.28,2037,2007,2067,2015-12-18,2015,Australia,Océano Índico,PRESERVED_SPECIMEN,39905320-6c8a-11de-8226-b8a03c50a862,IN2015_C02,10.15468/lp1ctu,Museums Victoria,NMV,CC0,http://creativecommons.org/publicdomain/zero/1.0/legalcode,6b51fe74-969a-4621-99f3-1e2b93fd382e,,si
GBIF,2824642375,"Enypniastes eximia Théel, 1882",Enypniastes eximia,-34.5304,130.669,1478,1473,1483,2015-12-12,2015,Australia,Océano Índico,PRESERVED_SPECIMEN,39905320-6c8a-11de-8226-b8a03c50a862,IN2015_C02,10.15468/lp1ctu,Museums Victoria,NMV,CC0,http://creativecommons.org/publicdomain/zero/1.0/legalcode,37bd2a7c-f11e-4fb2-ab4b-a58ec84b590b,,si
GBIF,2824642424,"Enypniastes eximia Théel, 1882",Enypniastes eximia,-34.6091,131.056,1492.5,1478,1507,2015-12-09,2015,Australia,Océano Índico,PRESERVED_SPECIMEN,39905320-6c8a-11de-8226-b8a03c50a862,IN2015_C02,10.15468/lp1ctu,Museums Victoria,NMV,CC0,http://creativecommons.org/publicdomain/zero/1.0/legalcode,5ba7b3ad-9f47-4bf6-8546-a1001ceaf81f,,si
GBIF,2824643580,"Enypniastes eximia Théel, 1882",Enypniastes eximia,-35.5399,132.676,1934,1926,1942,2015-12-07,2015,Australia,Océano Índico,PRESERVED_SPECIMEN,39905320-6c8a-11de-8226-b8a03c50a862,IN2015_C02,10.15468/lp1ctu,Museums Victoria,NMV,CC0,http://creativecommons.org/publicdomain/zero/1.0/legalcode,e74d8d57-bc6e-4e27-b000-9ea785e3cbac,,si
GBIF,2824648414,"Enypniastes eximia Théel, 1882",Enypniastes eximia,-35.3362,132.689,1467.5,1443,1492,2015-12-07,2015,Australia,Océano Índico,PRESERVED_SPECIMEN,39905320-6c8a-11de-8226-b8a03c50a862,IN2015_C02,10.15468/lp1ctu,Museums Victoria,NMV,CC0,http://creativecommons.org/publicdomain/zero/1.0/legalcode,6a051edc-c79d-4c7b-a240-231db019cc01,,si
GBIF,4140622671,"Enypniastes eximia Théel, 1882",Enypniastes eximia,-34.62215,131.0565,1492.5,1478,1507,2015-12-09T02:11Z,2015,Australia,Océano Índico,HUMAN_OBSERVATION,5bf5a032-d602-4217-a355-4f71117a6310,"Great Australian Bight Research Program, Australia (2015-2017)",10.15468/35g64d,CSIRO National Collections and Marine Infrastructure (NCMI) Information and Data Centre (IDC),CSIRO,CC-BY,http://creativecommons.org/licenses/by/4.0/legalcode,CS-IN2015_C02-202-2549437-25425001-39,,si
GBIF,4140623858,"Enypniastes eximia Théel, 1882",Enypniastes eximia,-34.0827,130.2495,1552.5,1535,1570,2015-12-17T00:57:10Z,2015,Australia,Océano Índico,HUMAN_OBSERVATION,5bf5a032-d602-4217-a355-4f71117a6310,"Great Australian Bight Research Program, Australia (2015-2017)",10.15468/35g64d,CSIRO National Collections and Marine Infrastructure (NCMI) Information and Data Centre (IDC),CSIRO,CC-BY,http://creativecommons.org/licenses/by/4.0/legalcode,CS-IN2015_C02-435-2549606-25425001-42,,si
GBIF,4140624161,"Enypniastes eximia Théel, 1882",Enypniastes eximia,-35.52775,132.6765,1934,1926,1942,2015-12-06T16:34Z,2015,Australia,Océano Índico,HUMAN_OBSERVATION,5bf5a032-d602-4217-a355-4f71117a6310,"Great Australian Bight Research Program, Australia (2015-2017)",10.15468/35g64d,CSIRO National Collections and Marine Infrastructure (NCMI) Information and Data Centre (IDC),CSIRO,CC-BY,http://creativecommons.org/licenses/by/4.0/legalcode,CS-IN2015_C02-155-2549401-25425001-29,,si
GBIF,4140624871,"Enypniastes eximia Théel, 1882",Enypniastes eximia,-35.3196,132.691,1467.5,1443,1492,2015-12-06T20:32:22Z,2015,Australia,Océano Índico,HUMAN_OBSERVATION,5bf5a032-d602-4217-a355-4f71117a6310,"Great Australian Bight Research Program, Australia (2015-2017)",10.15468/35g64d,CSIRO National Collections and Marine Infrastructure (NCMI) Information and Data Centre (IDC),CSIRO,CC-BY,http://creativecommons.org/licenses/by/4.0/legalcode,CS-IN2015_C02-159-2549405-25425001-46,,si
GBIF,4140625221,"Enypniastes eximia Théel, 1882",Enypniastes eximia,-34.641,130.28,2037,2007,2067,2015-12-17T16:52Z,2015,Australia,Océano Índico,HUMAN_OBSERVATION,5bf5a032-d602-4217-a355-4f71117a6310,"Great Australian Bight Research Program, Australia (2015-2017)",10.15468/35g64d,CSIRO National Collections and Marine Infrastructure (NCMI) Information and Data Centre (IDC),CSIRO,CC-BY,http://creativecommons.org/licenses/by/4.0/legalcode,CS-IN2015_C02-449-2549615-25425001-65,,si
GBIF,1990414442,"Enypniastes eximia Théel, 1882",Enypniastes eximia,-42.77,-179.7,1017.5,1016,1019,2014-01-07T02:39/2014-01-07T03:30,2014,New Zealand,Pacífico Sur,HUMAN_OBSERVATION,421890f7-e909-40ed-a573-b1c9529a55fa,NZ research trawl surveys since 2008,10.15468/gzpcyl,Southwestern Pacific Ocean Biogeographic Information System (OBIS) Node,MPI,CC-BY,http://creativecommons.org/licenses/by/4.0/legalcode,tan1401/29/EEX,,si
GBIF,1990414471,"Enypniastes eximia Théel, 1882",Enypniastes eximia,-42.75,-179.84,1067,1064,1070,2014-01-06T23:45/2014-01-07T00:36,2014,New Zealand,Pacífico Sur,HUMAN_OBSERVATION,421890f7-e909-40ed-a573-b1c9529a55fa,NZ research trawl surveys since 2008,10.15468/gzpcyl,Southwestern Pacific Ocean Biogeographic Information System (OBIS) Node,MPI,CC-BY,http://creativecommons.org/licenses/by/4.0/legalcode,tan1401/28/EEX,,si
GBIF,1990414715,"Enypniastes eximia Théel, 1882",Enypniastes eximia,-42.65,-179.03,1165.5,1162,1169,2014-01-08T07:16/2014-01-08T07:54,2014,New Zealand,Pacífico Sur,HUMAN_OBSERVATION,421890f7-e909-40ed-a573-b1c9529a55fa,NZ research trawl surveys since 2008,10.15468/gzpcyl,Southwestern Pacific Ocean Biogeographic Information System (OBIS) Node,MPI,CC-BY,http://creativecommons.org/licenses/by/4.0/legalcode,tan1401/37/EEX,,si
GBIF,1990414770,"Enypniastes eximia Théel, 1882",Enypniastes eximia,-42.62,-178.76,1180.5,1090,1271,2014-01-08T10:21/2014-01-08T11:13,2014,New Zealand,Pacífico Sur,HUMAN_OBSERVATION,421890f7-e909-40ed-a573-b1c9529a55fa,NZ research trawl surveys since 2008,10.15468/gzpcyl,Southwestern Pacific Ocean Biogeographic Information System (OBIS) Node,MPI,CC-BY,http://creativecommons.org/licenses/by/4.0/legalcode,tan1401/38/EEX,,si
GBIF,1990407564,"Enypniastes eximia Théel, 1882",Enypniastes eximia,-42.63,178,1203,1199,1207,2013-01-08T03:25/2013-01-08T04:02,2013,New Zealand,Pacífico Sur,HUMAN_OBSERVATION,421890f7-e909-40ed-a573-b1c9529a55fa,NZ research trawl surveys since 2008,10.15468/gzpcyl,Southwestern Pacific Ocean Biogeographic Information System (OBIS) Node,MPI,CC-BY,http://creativecommons.org/licenses/by/4.0/legalcode,tan1301/38/EEX,,si
GBIF,1990408265,"Enypniastes eximia Théel, 1882",Enypniastes eximia,-42.81,179.86,994.5,993,996,2013-01-10T04:19/2013-01-10T05:10,2013,New Zealand,Pacífico Sur,HUMAN_OBSERVATION,421890f7-e909-40ed-a573-b1c9529a55fa,NZ research trawl surveys since 2008,10.15468/gzpcyl,Southwestern Pacific Ocean Biogeographic Information System (OBIS) Node,MPI,CC-BY,http://creativecommons.org/licenses/by/4.0/legalcode,tan1301/53/EEX,,si
GBIF,1990408268,"Enypniastes eximia Théel, 1882",Enypniastes eximia,-42.74,179.89,1188,1183,1193,2013-01-10T07:15/2013-01-10T07:49,2013,New Zealand,Pacífico Sur,HUMAN_OBSERVATION,421890f7-e909-40ed-a573-b1c9529a55fa,NZ research trawl surveys since 2008,10.15468/gzpcyl,Southwestern Pacific Ocean Biogeographic Information System (OBIS) Node,MPI,CC-BY,http://creativecommons.org/licenses/by/4.0/legalcode,tan1301/54/EEX,,si
GBIF,1990409325,"Enypniastes eximia Théel, 1882",Enypniastes eximia,-43.03,-175,951,946,956,2013-01-14T03:06/2013-01-14T03:58,2013,New Zealand,Pacífico Sur,HUMAN_OBSERVATION,421890f7-e909-40ed-a573-b1c9529a55fa,NZ research trawl surveys since 2008,10.15468/gzpcyl,Southwestern Pacific Ocean Biogeographic Information System (OBIS) Node,MPI,CC-BY,http://creativecommons.org/licenses/by/4.0/legalcode,tan1301/84/EEX,,si
GBIF,1990409617,"Enypniastes eximia Théel, 1882",Enypniastes eximia,-43.35,-173.91,1165,1157,1173,2013-01-15T01:39/2013-01-15T02:32,2013,New Zealand,Pacífico Sur,HUMAN_OBSERVATION,421890f7-e909-40ed-a573-b1c9529a55fa,NZ research trawl surveys since 2008,10.15468/gzpcyl,Southwestern Pacific Ocean Biogeographic Information System (OBIS) Node,MPI,CC-BY,http://creativecommons.org/licenses/by/4.0/legalcode,tan1301/90/EEX,,si
GBIF,1990409656,"Enypniastes eximia Théel, 1882",Enypniastes eximia,-43.43,-173.89,1243.5,1229,1258,2013-01-15T05:04/2013-01-15T05:57,2013,New Zealand,Pacífico Sur,HUMAN_OBSERVATION,421890f7-e909-40ed-a573-b1c9529a55fa,NZ research trawl surveys since 2008,10.15468/gzpcyl,Southwestern Pacific Ocean Biogeographic Information System (OBIS) Node,MPI,CC-BY,http://creativecommons.org/licenses/by/4.0/legalcode,tan1301/91/EEX,,si
GBIF,2416959140,"Enypniastes eximia Théel, 1882",Enypniastes eximia,-37.3345,176.9597,1078,1078,1078,2012-04-26,2012,New Zealand,Pacífico Sur,PRESERVED_SPECIMEN,a267b6a7-91f9-457c-889a-481e7aa920b6,SIO Benthic Invertebrate Collection,10.15468/4w9oc7,Scripps Institution of Oceanography,SIO,CC0,http://creativecommons.org/publicdomain/zero/1.0/legalcode,urn:catalog:SIO:BIC:E6670,,si
GBIF,4081097231,"Enypniastes eximia Théel, 1882",Enypniastes eximia,-37.3345,176.9597,1080.5,1078,1083,2012-04-26,2012,New Zealand,Pacífico Sur,PRESERVED_SPECIMEN,4d0b1b2a-3209-49ce-bb93-7503e4868019,Earth Sciences New Zealand National Invertebrate Collection (NIC),10.15468/6qgswo,Earth Sciences New Zealand (ESNZ),Earth Sciences New Zealand,CC-BY,http://creativecommons.org/licenses/by/4.0/legalcode,611ccdb8-fa36-11e2-96b3-aa6f927c92a3,,si
GBIF,4081108403,"Enypniastes eximia Théel, 1882",Enypniastes eximia,-36.924,176.9797,1497.5,1493,1502,2012-04-16,2012,New Zealand,Pacífico Sur,PRESERVED_SPECIMEN,4d0b1b2a-3209-49ce-bb93-7503e4868019,Earth Sciences New Zealand National Invertebrate Collection (NIC),10.15468/6qgswo,Earth Sciences New Zealand (ESNZ),Earth Sciences New Zealand,CC-BY,http://creativecommons.org/licenses/by/4.0/legalcode,610e1df4-fa36-11e2-96b3-aa6f927c92a3,,si
GBIF,4081112344,"Enypniastes eximia Théel, 1882",Enypniastes eximia,-36.925,176.9787,1489.5,1485,1494,2012-04-16,2012,New Zealand,Pacífico Sur,PRESERVED_SPECIMEN,4d0b1b2a-3209-49ce-bb93-7503e4868019,Earth Sciences New Zealand National Invertebrate Collection (NIC),10.15468/6qgswo,Earth Sciences New Zealand (ESNZ),Earth Sciences New Zealand,CC-BY,http://creativecommons.org/licenses/by/4.0/legalcode,610deab4-fa36-11e2-96b3-aa6f927c92a3,,si
GBIF,4081144465,"Enypniastes eximia Théel, 1882",Enypniastes eximia,-37.317,177.873,1469,1463,1475,2012-04-21,2012,New Zealand,Pacífico Sur,PRESERVED_SPECIMEN,4d0b1b2a-3209-49ce-bb93-7503e4868019,Earth Sciences New Zealand National Invertebrate Collection (NIC),10.15468/6qgswo,Earth Sciences New Zealand (ESNZ),Earth Sciences New Zealand,CC-BY,http://creativecommons.org/licenses/by/4.0/legalcode,6116c54e-fa36-11e2-96b3-aa6f927c92a3,,si
GBIF,4081190482,"Enypniastes eximia Théel, 1882",Enypniastes eximia,-37.4433,177.3515,1456.5,1405,1508,2012-04-28,2012,New Zealand,Pacífico Sur,PRESERVED_SPECIMEN,4d0b1b2a-3209-49ce-bb93-7503e4868019,Earth Sciences New Zealand National Invertebrate Collection (NIC),10.15468/6qgswo,Earth Sciences New Zealand (ESNZ),Earth Sciences New Zealand,CC-BY,http://creativecommons.org/licenses/by/4.0/legalcode,611e651a-fa36-11e2-96b3-aa6f927c92a3,,si
GBIF,4081194520,"Enypniastes eximia Théel, 1882",Enypniastes eximia,-37.1837,176.9955,1178.5,1164,1193,2012-04-30,2012,New Zealand,Pacífico Sur,PRESERVED_SPECIMEN,4d0b1b2a-3209-49ce-bb93-7503e4868019,Earth Sciences New Zealand National Invertebrate Collection (NIC),10.15468/6qgswo,Earth Sciences New Zealand (ESNZ),Earth Sciences New Zealand,CC-BY,http://creativecommons.org/licenses/by/4.0/legalcode,6121fbd0-fa36-11e2-96b3-aa6f927c92a3,,si
GBIF,1990398255,"Enypniastes eximia Théel, 1882",Enypniastes eximia,-42.77,-179.94,1057,1056,1058,2012-06-15T11:03/2012-06-15T11:33,2012,New Zealand,Pacífico Sur,HUMAN_OBSERVATION,421890f7-e909-40ed-a573-b1c9529a55fa,NZ research trawl surveys since 2008,10.15468/gzpcyl,Southwestern Pacific Ocean Biogeographic Information System (OBIS) Node,MPI,CC-BY,http://creativecommons.org/licenses/by/4.0/legalcode,tan1208/17/EEX,,si
GBIF,1990398258,"Enypniastes eximia Théel, 1882",Enypniastes eximia,-42.79,179.82,1037,1036,1038,2012-06-15T13:36/2012-06-15T14:06,2012,New Zealand,Pacífico Sur,HUMAN_OBSERVATION,421890f7-e909-40ed-a573-b1c9529a55fa,NZ research trawl surveys since 2008,10.15468/gzpcyl,Southwestern Pacific Ocean Biogeographic Information System (OBIS) Node,MPI,CC-BY,http://creativecommons.org/licenses/by/4.0/legalcode,tan1208/18/EEX,,si
GBIF,1990398373,"Enypniastes eximia Théel, 1882",Enypniastes eximia,-42.82,179.7,978,976,980,2012-06-15T15:48/2012-06-15T16:18,2012,New Zealand,Pacífico Sur,HUMAN_OBSERVATION,421890f7-e909-40ed-a573-b1c9529a55fa,NZ research trawl surveys since 2008,10.15468/gzpcyl,Southwestern Pacific Ocean Biogeographic Information System (OBIS) Node,MPI,CC-BY,http://creativecommons.org/licenses/by/4.0/legalcode,tan1208/19/EEX,,si
GBIF,1990398456,"Enypniastes eximia Théel, 1882",Enypniastes eximia,-42.81,179.66,1015,1012,1018,2012-06-11T14:38/2012-06-11T15:08,2012,New Zealand,Pacífico Sur,HUMAN_OBSERVATION,421890f7-e909-40ed-a573-b1c9529a55fa,NZ research trawl surveys since 2008,10.15468/gzpcyl,Southwestern Pacific Ocean Biogeographic Information System (OBIS) Node,MPI,CC-BY,http://creativecommons.org/licenses/by/4.0/legalcode,tan1208/2/EEX,,si
GBIF,1990398485,"Enypniastes eximia Théel, 1882",Enypniastes eximia,-42.81,179.9,986,984,988,2012-06-15T18:59/2012-06-15T19:29,2012,New Zealand,Pacífico Sur,HUMAN_OBSERVATION,421890f7-e909-40ed-a573-b1c9529a55fa,NZ research trawl surveys since 2008,10.15468/gzpcyl,Southwestern Pacific Ocean Biogeographic Information System (OBIS) Node,MPI,CC-BY,http://creativecommons.org/licenses/by/4.0/legalcode,tan1208/20/EEX,,si
GBIF,1990398541,"Enypniastes eximia Théel, 1882",Enypniastes eximia,-42.81,179.66,1001.5,1000,1003,2012-06-15T23:33/2012-06-16T00:03,2012,New Zealand,Pacífico Sur,HUMAN_OBSERVATION,421890f7-e909-40ed-a573-b1c9529a55fa,NZ research trawl surveys since 2008,10.15468/gzpcyl,Southwestern Pacific Ocean Biogeographic Information System (OBIS) Node,MPI,CC-BY,http://creativecommons.org/licenses/by/4.0/legalcode,tan1208/21/EEX,,si
GBIF,1990398570,"Enypniastes eximia Théel, 1882",Enypniastes eximia,-42.58,179.42,2100,2098,2102,2012-06-16T05:57/2012-06-16T07:00,2012,New Zealand,Pacífico Sur,HUMAN_OBSERVATION,421890f7-e909-40ed-a573-b1c9529a55fa,NZ research trawl surveys since 2008,10.15468/gzpcyl,Southwestern Pacific Ocean Biogeographic Information System (OBIS) Node,MPI,CC-BY,http://creativecommons.org/licenses/by/4.0/legalcode,tan1208/22/EEX,,si
GBIF,1990398634,"Enypniastes eximia Théel, 1882",Enypniastes eximia,-42.54,179.39,2217.5,2210,2225,2012-06-16T10:14/2012-06-16T11:28,2012,New Zealand,Pacífico Sur,HUMAN_OBSERVATION,421890f7-e909-40ed-a573-b1c9529a55fa,NZ research trawl surveys since 2008,10.15468/gzpcyl,Southwestern Pacific Ocean Biogeographic Information System (OBIS) Node,MPI,CC-BY,http://creativecommons.org/licenses/by/4.0/legalcode,tan1208/23/EEX,,si
GBIF,1990398683,"Enypniastes eximia Théel, 1882",Enypniastes eximia,-42.01,179.69,2730,2730,2730,2012-06-17T01:40/2012-06-17T02:40,2012,New Zealand,Pacífico Sur,HUMAN_OBSERVATION,421890f7-e909-40ed-a573-b1c9529a55fa,NZ research trawl surveys since 2008,10.15468/gzpcyl,Southwestern Pacific Ocean Biogeographic Information System (OBIS) Node,MPI,CC-BY,http://creativecommons.org/licenses/by/4.0/legalcode,tan1208/26/EEX,,si
GBIF,1990398690,"Enypniastes eximia Théel, 1882",Enypniastes eximia,-42.31,179.36,2417.5,2410,2425,2012-06-16T15:56/2012-06-16T16:39,2012,New Zealand,Pacífico Sur,HUMAN_OBSERVATION,421890f7-e909-40ed-a573-b1c9529a55fa,NZ research trawl surveys since 2008,10.15468/gzpcyl,Southwestern Pacific Ocean Biogeographic Information System (OBIS) Node,MPI,CC-BY,http://creativecommons.org/licenses/by/4.0/legalcode,tan1208/24/EEX,,si
GBIF,1990398700,"Enypniastes eximia Théel, 1882",Enypniastes eximia,-42.18,179.4,2613,2613,2613,2012-06-16T20:25/2012-06-16T21:18,2012,New Zealand,Pacífico Sur,HUMAN_OBSERVATION,421890f7-e909-40ed-a573-b1c9529a55fa,NZ research trawl surveys since 2008,10.15468/gzpcyl,Southwestern Pacific Ocean Biogeographic Information System (OBIS) Node,MPI,CC-BY,http://creativecommons.org/licenses/by/4.0/legalcode,tan1208/25/EEX,,si
GBIF,1990398786,"Enypniastes eximia Théel, 1882",Enypniastes eximia,-42.83,179.67,959.5,957,962,2012-06-11T17:36/2012-06-11T18:07,2012,New Zealand,Pacífico Sur,HUMAN_OBSERVATION,421890f7-e909-40ed-a573-b1c9529a55fa,NZ research trawl surveys since 2008,10.15468/gzpcyl,Southwestern Pacific Ocean Biogeographic Information System (OBIS) Node,MPI,CC-BY,http://creativecommons.org/licenses/by/4.0/legalcode,tan1208/3/EEX,,si
GBIF,1990399370,"Enypniastes eximia Théel, 1882",Enypniastes eximia,-42.31,179.46,2508,2508,2508,2012-06-21T21:08/2012-06-21T22:03,2012,New Zealand,Pacífico Sur,HUMAN_OBSERVATION,421890f7-e909-40ed-a573-b1c9529a55fa,NZ research trawl surveys since 2008,10.15468/gzpcyl,Southwestern Pacific Ocean Biogeographic Information System (OBIS) Node,MPI,CC-BY,http://creativecommons.org/licenses/by/4.0/legalcode,tan1208/47/EEX,,si
GBIF,1990399403,"Enypniastes eximia Théel, 1882",Enypniastes eximia,-42.43,179.32,2321.5,2315,2328,2012-06-22T02:50/2012-06-22T03:50,2012,New Zealand,Pacífico Sur,HUMAN_OBSERVATION,421890f7-e909-40ed-a573-b1c9529a55fa,NZ research trawl surveys since 2008,10.15468/gzpcyl,Southwestern Pacific Ocean Biogeographic Information System (OBIS) Node,MPI,CC-BY,http://creativecommons.org/licenses/by/4.0/legalcode,tan1208/48/EEX,,si
GBIF,1990399451,"Enypniastes eximia Théel, 1882",Enypniastes eximia,-42.87,-179.73,780,772,788,2012-06-22T11:39/2012-06-22T12:09,2012,New Zealand,Pacífico Sur,HUMAN_OBSERVATION,421890f7-e909-40ed-a573-b1c9529a55fa,NZ research trawl surveys since 2008,10.15468/gzpcyl,Southwestern Pacific Ocean Biogeographic Information System (OBIS) Node,MPI,CC-BY,http://creativecommons.org/licenses/by/4.0/legalcode,tan1208/49/EEX,,si
GBIF,1990399507,"Enypniastes eximia Théel, 1882",Enypniastes eximia,-42.8,179.87,1001,999,1003,2012-06-11T23:49/2012-06-12T00:19,2012,New Zealand,Pacífico Sur,HUMAN_OBSERVATION,421890f7-e909-40ed-a573-b1c9529a55fa,NZ research trawl surveys since 2008,10.15468/gzpcyl,Southwestern Pacific Ocean Biogeographic Information System (OBIS) Node,MPI,CC-BY,http://creativecommons.org/licenses/by/4.0/legalcode,tan1208/5/EEX,,si
GBIF,1990399931,"Enypniastes eximia Théel, 1882",Enypniastes eximia,-42.78,179.93,1045.5,1044,1047,2012-06-14T04:56/2012-06-14T05:26,2012,New Zealand,Pacífico Sur,HUMAN_OBSERVATION,421890f7-e909-40ed-a573-b1c9529a55fa,NZ research trawl surveys since 2008,10.15468/gzpcyl,Southwestern Pacific Ocean Biogeographic Information System (OBIS) Node,MPI,CC-BY,http://creativecommons.org/licenses/by/4.0/legalcode,tan1208/6/EEX,,si
GBIF,1990399937,"Enypniastes eximia Théel, 1882",Enypniastes eximia,-42.8,179.83,1002.5,995,1010,2012-06-24T09:54/2012-06-24T10:24,2012,New Zealand,Pacífico Sur,HUMAN_OBSERVATION,421890f7-e909-40ed-a573-b1c9529a55fa,NZ research trawl surveys since 2008,10.15468/gzpcyl,Southwestern Pacific Ocean Biogeographic Information System (OBIS) Node,MPI,CC-BY,http://creativecommons.org/licenses/by/4.0/legalcode,tan1208/59/EEX,,si
GBIF,4081112815,"Enypniastes eximia Théel, 1882",Enypniastes eximia,-42.188333,179.4015,2613,2613,2613,2012-06-16,2012,New Zealand,Pacífico Sur,PRESERVED_SPECIMEN,4d0b1b2a-3209-49ce-bb93-7503e4868019,Earth Sciences New Zealand National Invertebrate Collection (NIC),10.15468/6qgswo,Earth Sciences New Zealand (ESNZ),Earth Sciences New Zealand,CC-BY,http://creativecommons.org/licenses/by/4.0/legalcode,614b7c80-fa36-11e2-96b3-aa6f927c92a3,,si
GBIF,4081112836,"Enypniastes eximia Théel, 1882",Enypniastes eximia,-42.317,179.3635,2032,1639,2425,2012-06-16,2012,New Zealand,Pacífico Sur,PRESERVED_SPECIMEN,4d0b1b2a-3209-49ce-bb93-7503e4868019,Earth Sciences New Zealand National Invertebrate Collection (NIC),10.15468/6qgswo,Earth Sciences New Zealand (ESNZ),Earth Sciences New Zealand,CC-BY,http://creativecommons.org/licenses/by/4.0/legalcode,614dcb0c-fa36-11e2-96b3-aa6f927c92a3,,si
GBIF,4081115983,"Enypniastes eximia Théel, 1882",Enypniastes eximia,-42.317,179.466667,2508,2508,2508,2012-06-21,2012,New Zealand,Pacífico Sur,PRESERVED_SPECIMEN,4d0b1b2a-3209-49ce-bb93-7503e4868019,Earth Sciences New Zealand National Invertebrate Collection (NIC),10.15468/6qgswo,Earth Sciences New Zealand (ESNZ),Earth Sciences New Zealand,CC-BY,http://creativecommons.org/licenses/by/4.0/legalcode,61618e26-fa36-11e2-96b3-aa6f927c92a3,,si
GBIF,4081194836,"Enypniastes eximia Théel, 1882",Enypniastes eximia,-42.545167,179.395667,2217.5,2210,2225,2012-06-16,2012,New Zealand,Pacífico Sur,PRESERVED_SPECIMEN,4d0b1b2a-3209-49ce-bb93-7503e4868019,Earth Sciences New Zealand National Invertebrate Collection (NIC),10.15468/6qgswo,Earth Sciences New Zealand (ESNZ),Earth Sciences New Zealand,CC-BY,http://creativecommons.org/licenses/by/4.0/legalcode,614e1832-fa36-11e2-96b3-aa6f927c92a3,,si
GBIF,1990390618,"Enypniastes eximia Théel, 1882",Enypniastes eximia,-42.66,176.82,1034.5,1024,1045,2011-01-26T19:55/2011-01-26T20:46,2011,New Zealand,Pacífico Sur,HUMAN_OBSERVATION,421890f7-e909-40ed-a573-b1c9529a55fa,NZ research trawl surveys since 2008,10.15468/gzpcyl,Southwestern Pacific Ocean Biogeographic Information System (OBIS) Node,MPI,CC-BY,http://creativecommons.org/licenses/by/4.0/legalcode,tan1101/120/EEX,,si
GBIF,1990391212,"Enypniastes eximia Théel, 1882",Enypniastes eximia,-42.74,177.79,852,846,858,2011-01-03T21:13/2011-01-03T22:04,2011,New Zealand,Pacífico Sur,HUMAN_OBSERVATION,421890f7-e909-40ed-a573-b1c9529a55fa,NZ research trawl surveys since 2008,10.15468/gzpcyl,Southwestern Pacific Ocean Biogeographic Information System (OBIS) Node,MPI,CC-BY,http://creativecommons.org/licenses/by/4.0/legalcode,tan1101/3/EEX,,si
GBIF,1990391398,"Enypniastes eximia Théel, 1882",Enypniastes eximia,-42.87,-174.69,1189.5,1182,1197,2011-01-10T00:05/2011-01-10T00:57,2011,New Zealand,Pacífico Sur,HUMAN_OBSERVATION,421890f7-e909-40ed-a573-b1c9529a55fa,NZ research trawl surveys since 2008,10.15468/gzpcyl,Southwestern Pacific Ocean Biogeographic Information System (OBIS) Node,MPI,CC-BY,http://creativecommons.org/licenses/by/4.0/legalcode,tan1101/37/EEX,,si
GBIF,1990391471,"Enypniastes eximia Théel, 1882",Enypniastes eximia,-43.07,-174.03,1180,1157,1203,2011-01-10T05:10/2011-01-10T06:02,2011,New Zealand,Pacífico Sur,HUMAN_OBSERVATION,421890f7-e909-40ed-a573-b1c9529a55fa,NZ research trawl surveys since 2008,10.15468/gzpcyl,Southwestern Pacific Ocean Biogeographic Information System (OBIS) Node,MPI,CC-BY,http://creativecommons.org/licenses/by/4.0/legalcode,tan1101/38/EEX,,si
GBIF,1990391678,"Enypniastes eximia Théel, 1882",Enypniastes eximia,-43.76,-174.19,1138,1126,1150,2011-01-10T22:32/2011-01-10T23:23,2011,New Zealand,Pacífico Sur,HUMAN_OBSERVATION,421890f7-e909-40ed-a573-b1c9529a55fa,NZ research trawl surveys since 2008,10.15468/gzpcyl,Southwestern Pacific Ocean Biogeographic Information System (OBIS) Node,MPI,CC-BY,http://creativecommons.org/licenses/by/4.0/legalcode,tan1101/43/EEX,,si
GBIF,1990391882,"Enypniastes eximia Théel, 1882",Enypniastes eximia,-42.65,177.76,1211,1176,1246,2011-01-04T04:42/2011-01-04T05:34,2011,New Zealand,Pacífico Sur,HUMAN_OBSERVATION,421890f7-e909-40ed-a573-b1c9529a55fa,NZ research trawl surveys since 2008,10.15468/gzpcyl,Southwestern Pacific Ocean Biogeographic Information System (OBIS) Node,MPI,CC-BY,http://creativecommons.org/licenses/by/4.0/legalcode,tan1101/5/EEX,,si
GBIF,4081100084,"Enypniastes eximia Théel, 1882",Enypniastes eximia,-42.775167,178.200667,923,913,933,2011-11-17,2011,New Zealand,Pacífico Sur,PRESERVED_SPECIMEN,4d0b1b2a-3209-49ce-bb93-7503e4868019,Earth Sciences New Zealand National Invertebrate Collection (NIC),10.15468/6qgswo,Earth Sciences New Zealand (ESNZ),Earth Sciences New Zealand,CC-BY,http://creativecommons.org/licenses/by/4.0/legalcode,60e1f210-fa36-11e2-96b3-aa6f927c92a3,,si
GBIF,4081102980,"Enypniastes eximia Théel, 1882",Enypniastes eximia,-42.833667,178.6755,975.5,966,985,2011-11-14,2011,New Zealand,Pacífico Sur,PRESERVED_SPECIMEN,4d0b1b2a-3209-49ce-bb93-7503e4868019,Earth Sciences New Zealand National Invertebrate Collection (NIC),10.15468/6qgswo,Earth Sciences New Zealand (ESNZ),Earth Sciences New Zealand,CC-BY,http://creativecommons.org/licenses/by/4.0/legalcode,60e0de98-fa36-11e2-96b3-aa6f927c92a3,,si
GBIF,4081184015,"Enypniastes eximia Théel, 1882",Enypniastes eximia,-42.711833,178.098833,1067.5,1065,1070,2011-11-16,2011,New Zealand,Pacífico Sur,PRESERVED_SPECIMEN,4d0b1b2a-3209-49ce-bb93-7503e4868019,Earth Sciences New Zealand National Invertebrate Collection (NIC),10.15468/6qgswo,Earth Sciences New Zealand (ESNZ),Earth Sciences New Zealand,CC-BY,http://creativecommons.org/licenses/by/4.0/legalcode,60e15580-fa36-11e2-96b3-aa6f927c92a3,,si
GBIF,1990378354,"Enypniastes eximia Théel, 1882",Enypniastes eximia,-42.68,-179.52,1188.5,1180,1197,2010-01-03T21:51/2010-01-03T22:45,2010,New Zealand,Pacífico Sur,HUMAN_OBSERVATION,421890f7-e909-40ed-a573-b1c9529a55fa,NZ research trawl surveys since 2008,10.15468/gzpcyl,Southwestern Pacific Ocean Biogeographic Information System (OBIS) Node,MPI,CC-BY,http://creativecommons.org/licenses/by/4.0/legalcode,tan1001/11/EEX,,si
GBIF,1990378726,"Enypniastes eximia Théel, 1882",Enypniastes eximia,-42.7,-179.35,1058.5,1049,1068,2010-01-04T00:25/2010-01-04T01:16,2010,New Zealand,Pacífico Sur,HUMAN_OBSERVATION,421890f7-e909-40ed-a573-b1c9529a55fa,NZ research trawl surveys since 2008,10.15468/gzpcyl,Southwestern Pacific Ocean Biogeographic Information System (OBIS) Node,MPI,CC-BY,http://creativecommons.org/licenses/by/4.0/legalcode,tan1001/12/EEX,,si
GBIF,1990380154,"Enypniastes eximia Théel, 1882",Enypniastes eximia,-42.79,-175.89,1152.5,1148,1157,2010-01-09T21:36/2010-01-09T22:28,2010,New Zealand,Pacífico Sur,HUMAN_OBSERVATION,421890f7-e909-40ed-a573-b1c9529a55fa,NZ research trawl surveys since 2008,10.15468/gzpcyl,Southwestern Pacific Ocean Biogeographic Information System (OBIS) Node,MPI,CC-BY,http://creativecommons.org/licenses/by/4.0/legalcode,tan1001/44/EEX,,si
GBIF,1990380348,"Enypniastes eximia Théel, 1882",Enypniastes eximia,-42.86,178.8,900,900,900,2010-01-02T20:35/2010-01-02T21:28,2010,New Zealand,Pacífico Sur,HUMAN_OBSERVATION,421890f7-e909-40ed-a573-b1c9529a55fa,NZ research trawl surveys since 2008,10.15468/gzpcyl,Southwestern Pacific Ocean Biogeographic Information System (OBIS) Node,MPI,CC-BY,http://creativecommons.org/licenses/by/4.0/legalcode,tan1001/5/EEX,,si
GBIF,1990380528,"Enypniastes eximia Théel, 1882",Enypniastes eximia,-43.06,-174.03,1182,1155,1209,2010-01-11T13:31/2010-01-11T14:22,2010,New Zealand,Pacífico Sur,HUMAN_OBSERVATION,421890f7-e909-40ed-a573-b1c9529a55fa,NZ research trawl surveys since 2008,10.15468/gzpcyl,Southwestern Pacific Ocean Biogeographic Information System (OBIS) Node,MPI,CC-BY,http://creativecommons.org/licenses/by/4.0/legalcode,tan1001/55/EEX,,si
GBIF,1990380582,"Enypniastes eximia Théel, 1882",Enypniastes eximia,-43.39,-174.05,1046.5,1040,1053,2010-01-11T17:09/2010-01-11T17:38,2010,New Zealand,Pacífico Sur,HUMAN_OBSERVATION,421890f7-e909-40ed-a573-b1c9529a55fa,NZ research trawl surveys since 2008,10.15468/gzpcyl,Southwestern Pacific Ocean Biogeographic Information System (OBIS) Node,MPI,CC-BY,http://creativecommons.org/licenses/by/4.0/legalcode,tan1001/56/EEX,,si
GBIF,1990381061,"Enypniastes eximia Théel, 1882",Enypniastes eximia,-42.75,179.52,1223,1221,1225,2010-01-03T03:12/2010-01-03T04:05,2010,New Zealand,Pacífico Sur,HUMAN_OBSERVATION,421890f7-e909-40ed-a573-b1c9529a55fa,NZ research trawl surveys since 2008,10.15468/gzpcyl,Southwestern Pacific Ocean Biogeographic Information System (OBIS) Node,MPI,CC-BY,http://creativecommons.org/licenses/by/4.0/legalcode,tan1001/7/EEX,,si
GBIF,1990382322,"Enypniastes eximia Théel, 1882",Enypniastes eximia,-42.09,174.5,1144,1144,1144,2010-03-31T20:40/2010-03-31T21:20,2010,New Zealand,Pacífico Sur,HUMAN_OBSERVATION,421890f7-e909-40ed-a573-b1c9529a55fa,NZ research trawl surveys since 2008,10.15468/gzpcyl,Southwestern Pacific Ocean Biogeographic Information System (OBIS) Node,MPI,CC-BY,http://creativecommons.org/licenses/by/4.0/legalcode,tan1003/111/EEX,,si
GBIF,1990384278,"Enypniastes eximia Théel, 1882",Enypniastes eximia,-39.76,178.17,1079,1003,1155,2010-03-21T11:38/2010-03-21T12:22,2010,New Zealand,Pacífico Sur,HUMAN_OBSERVATION,421890f7-e909-40ed-a573-b1c9529a55fa,NZ research trawl surveys since 2008,10.15468/gzpcyl,Southwestern Pacific Ocean Biogeographic Information System (OBIS) Node,MPI,CC-BY,http://creativecommons.org/licenses/by/4.0/legalcode,tan1003/18/EEX,,si
GBIF,1990384699,"Enypniastes eximia Théel, 1882",Enypniastes eximia,-40.02,177.75,1318,1308,1328,2010-03-22T07:57/2010-03-22T08:37,2010,New Zealand,Pacífico Sur,HUMAN_OBSERVATION,421890f7-e909-40ed-a573-b1c9529a55fa,NZ research trawl surveys since 2008,10.15468/gzpcyl,Southwestern Pacific Ocean Biogeographic Information System (OBIS) Node,MPI,CC-BY,http://creativecommons.org/licenses/by/4.0/legalcode,tan1003/26/EEX,,si
GBIF,1990384706,"Enypniastes eximia Théel, 1882",Enypniastes eximia,-39.97,177.58,1135.5,1128,1143,2010-03-22T10:27/2010-03-22T11:06,2010,New Zealand,Pacífico Sur,HUMAN_OBSERVATION,421890f7-e909-40ed-a573-b1c9529a55fa,NZ research trawl surveys since 2008,10.15468/gzpcyl,Southwestern Pacific Ocean Biogeographic Information System (OBIS) Node,MPI,CC-BY,http://creativecommons.org/licenses/by/4.0/legalcode,tan1003/27/EEX,,si
GBIF,1990384808,"Enypniastes eximia Théel, 1882",Enypniastes eximia,-39.91,177.88,1341,1310,1372,2010-03-22T19:44/2010-03-22T20:24,2010,New Zealand,Pacífico Sur,HUMAN_OBSERVATION,421890f7-e909-40ed-a573-b1c9529a55fa,NZ research trawl surveys since 2008,10.15468/gzpcyl,Southwestern Pacific Ocean Biogeographic Information System (OBIS) Node,MPI,CC-BY,http://creativecommons.org/licenses/by/4.0/legalcode,tan1003/31/EEX,,si
GBIF,1990384854,"Enypniastes eximia Théel, 1882",Enypniastes eximia,-39.83,177.86,790,264,1316,2010-03-22T17:28/2010-03-22T18:09,2010,New Zealand,Pacífico Sur,HUMAN_OBSERVATION,421890f7-e909-40ed-a573-b1c9529a55fa,NZ research trawl surveys since 2008,10.15468/gzpcyl,Southwestern Pacific Ocean Biogeographic Information System (OBIS) Node,MPI,CC-BY,http://creativecommons.org/licenses/by/4.0/legalcode,tan1003/30/EEX,profundidad_rango_amplio_>1000m,si
GBIF,1990384948,"Enypniastes eximia Théel, 1882",Enypniastes eximia,-39.96,178.27,1341,1272,1410,2010-03-23T18:18/2010-03-23T18:30,2010,New Zealand,Pacífico Sur,HUMAN_OBSERVATION,421890f7-e909-40ed-a573-b1c9529a55fa,NZ research trawl surveys since 2008,10.15468/gzpcyl,Southwestern Pacific Ocean Biogeographic Information System (OBIS) Node,MPI,CC-BY,http://creativecommons.org/licenses/by/4.0/legalcode,tan1003/40/EEX,,si
GBIF,1990385354,"Enypniastes eximia Théel, 1882",Enypniastes eximia,-39.38,178.35,1274,1266,1282,2010-03-25T12:10/2010-03-25T12:49,2010,New Zealand,Pacífico Sur,HUMAN_OBSERVATION,421890f7-e909-40ed-a573-b1c9529a55fa,NZ research trawl surveys since 2008,10.15468/gzpcyl,Southwestern Pacific Ocean Biogeographic Information System (OBIS) Node,MPI,CC-BY,http://creativecommons.org/licenses/by/4.0/legalcode,tan1003/58/EEX,,si
GBIF,1990385609,"Enypniastes eximia Théel, 1882",Enypniastes eximia,-39.95,178.27,1345,1250,1440,2010-03-26T20:27/2010-03-26T21:01,2010,New Zealand,Pacífico Sur,HUMAN_OBSERVATION,421890f7-e909-40ed-a573-b1c9529a55fa,NZ research trawl surveys since 2008,10.15468/gzpcyl,Southwestern Pacific Ocean Biogeographic Information System (OBIS) Node,MPI,CC-BY,http://creativecommons.org/licenses/by/4.0/legalcode,tan1003/65/EEX,,si
GBIF,1990385679,"Enypniastes eximia Théel, 1882",Enypniastes eximia,-40.44,177.3,1375,1350,1400,2010-03-27T08:49/2010-03-27T09:28,2010,New Zealand,Pacífico Sur,HUMAN_OBSERVATION,421890f7-e909-40ed-a573-b1c9529a55fa,NZ research trawl surveys since 2008,10.15468/gzpcyl,Southwestern Pacific Ocean Biogeographic Information System (OBIS) Node,MPI,CC-BY,http://creativecommons.org/licenses/by/4.0/legalcode,tan1003/68/EEX,,si
GBIF,1990385827,"Enypniastes eximia Théel, 1882",Enypniastes eximia,-40.95,176.8,1330,1211,1449,2010-03-27T23:47/2010-03-28T00:29,2010,New Zealand,Pacífico Sur,HUMAN_OBSERVATION,421890f7-e909-40ed-a573-b1c9529a55fa,NZ research trawl surveys since 2008,10.15468/gzpcyl,Southwestern Pacific Ocean Biogeographic Information System (OBIS) Node,MPI,CC-BY,http://creativecommons.org/licenses/by/4.0/legalcode,tan1003/73/EEX,,si
GBIF,1990386117,"Enypniastes eximia Théel, 1882",Enypniastes eximia,-41.13,176.56,1221,1215,1227,2010-03-28T17:39/2010-03-28T18:21,2010,New Zealand,Pacífico Sur,HUMAN_OBSERVATION,421890f7-e909-40ed-a573-b1c9529a55fa,NZ research trawl surveys since 2008,10.15468/gzpcyl,Southwestern Pacific Ocean Biogeographic Information System (OBIS) Node,MPI,CC-BY,http://creativecommons.org/licenses/by/4.0/legalcode,tan1003/81/EEX,,si
GBIF,1990386141,"Enypniastes eximia Théel, 1882",Enypniastes eximia,-41.12,176.78,1375.5,1325,1426,2010-03-28T22:30/2010-03-28T23:06,2010,New Zealand,Pacífico Sur,HUMAN_OBSERVATION,421890f7-e909-40ed-a573-b1c9529a55fa,NZ research trawl surveys since 2008,10.15468/gzpcyl,Southwestern Pacific Ocean Biogeographic Information System (OBIS) Node,MPI,CC-BY,http://creativecommons.org/licenses/by/4.0/legalcode,tan1003/83/EEX,,si
GBIF,1990386168,"Enypniastes eximia Théel, 1882",Enypniastes eximia,-41.2,177.07,1503.5,1473,1534,2010-03-29T01:38/2010-03-29T02:07,2010,New Zealand,Pacífico Sur,HUMAN_OBSERVATION,421890f7-e909-40ed-a573-b1c9529a55fa,NZ research trawl surveys since 2008,10.15468/gzpcyl,Southwestern Pacific Ocean Biogeographic Information System (OBIS) Node,MPI,CC-BY,http://creativecommons.org/licenses/by/4.0/legalcode,tan1003/84/EEX,,si
GBIF,1990386313,"Enypniastes eximia Théel, 1882",Enypniastes eximia,-41.2,176.41,1197.5,1197,1198,2010-03-29T16:28/2010-03-29T17:08,2010,New Zealand,Pacífico Sur,HUMAN_OBSERVATION,421890f7-e909-40ed-a573-b1c9529a55fa,NZ research trawl surveys since 2008,10.15468/gzpcyl,Southwestern Pacific Ocean Biogeographic Information System (OBIS) Node,MPI,CC-BY,http://creativecommons.org/licenses/by/4.0/legalcode,tan1003/90/EEX,,si
GBIF,1990382502,"Enypniastes eximia Théel, 1882",Enypniastes eximia,-42.3,174.41,1431.5,1430,1433,2010-04-01T06:53/2010-04-01T07:37,2010,New Zealand,Pacífico Sur,HUMAN_OBSERVATION,421890f7-e909-40ed-a573-b1c9529a55fa,NZ research trawl surveys since 2008,10.15468/gzpcyl,Southwestern Pacific Ocean Biogeographic Information System (OBIS) Node,MPI,CC-BY,http://creativecommons.org/licenses/by/4.0/legalcode,tan1003/116/EEX,,si
GBIF,1990382593,"Enypniastes eximia Théel, 1882",Enypniastes eximia,-42.35,174.19,1219.5,1213,1226,2010-04-01T13:34/2010-04-01T14:15,2010,New Zealand,Pacífico Sur,HUMAN_OBSERVATION,421890f7-e909-40ed-a573-b1c9529a55fa,NZ research trawl surveys since 2008,10.15468/gzpcyl,Southwestern Pacific Ocean Biogeographic Information System (OBIS) Node,MPI,CC-BY,http://creativecommons.org/licenses/by/4.0/legalcode,tan1003/119/EEX,,si
GBIF,1990382674,"Enypniastes eximia Théel, 1882",Enypniastes eximia,-42.38,174.08,1332.5,1297,1368,2010-04-01T16:16/2010-04-01T16:51,2010,New Zealand,Pacífico Sur,HUMAN_OBSERVATION,421890f7-e909-40ed-a573-b1c9529a55fa,NZ research trawl surveys since 2008,10.15468/gzpcyl,Southwestern Pacific Ocean Biogeographic Information System (OBIS) Node,MPI,CC-BY,http://creativecommons.org/licenses/by/4.0/legalcode,tan1003/120/EEX,,si
GBIF,1990383232,"Enypniastes eximia Théel, 1882",Enypniastes eximia,-42.86,174.28,1288,1232,1344,2010-04-03T22:48/2010-04-03T23:28,2010,New Zealand,Pacífico Sur,HUMAN_OBSERVATION,421890f7-e909-40ed-a573-b1c9529a55fa,NZ research trawl surveys since 2008,10.15468/gzpcyl,Southwestern Pacific Ocean Biogeographic Information System (OBIS) Node,MPI,CC-BY,http://creativecommons.org/licenses/by/4.0/legalcode,tan1003/143/EEX,,si
GBIF,1990383279,"Enypniastes eximia Théel, 1882",Enypniastes eximia,-42.93,174.11,1266,1208,1324,2010-04-04T01:32/2010-04-04T02:11,2010,New Zealand,Pacífico Sur,HUMAN_OBSERVATION,421890f7-e909-40ed-a573-b1c9529a55fa,NZ research trawl surveys since 2008,10.15468/gzpcyl,Southwestern Pacific Ocean Biogeographic Information System (OBIS) Node,MPI,CC-BY,http://creativecommons.org/licenses/by/4.0/legalcode,tan1003/144/EEX,,si
GBIF,1990383411,"Enypniastes eximia Théel, 1882",Enypniastes eximia,-42.92,173.87,1291,1239,1343,2010-04-04T14:13/2010-04-04T14:40,2010,New Zealand,Pacífico Sur,HUMAN_OBSERVATION,421890f7-e909-40ed-a573-b1c9529a55fa,NZ research trawl surveys since 2008,10.15468/gzpcyl,Southwestern Pacific Ocean Biogeographic Information System (OBIS) Node,MPI,CC-BY,http://creativecommons.org/licenses/by/4.0/legalcode,tan1003/148/EEX,,si
GBIF,1990384019,"Enypniastes eximia Théel, 1882",Enypniastes eximia,-39.94,178.05,1434,1390,1478,2010-04-08T07:57/2010-04-08T08:38,2010,New Zealand,Pacífico Sur,HUMAN_OBSERVATION,421890f7-e909-40ed-a573-b1c9529a55fa,NZ research trawl surveys since 2008,10.15468/gzpcyl,Southwestern Pacific Ocean Biogeographic Information System (OBIS) Node,MPI,CC-BY,http://creativecommons.org/licenses/by/4.0/legalcode,tan1003/170/EEX,,si
GBIF,1990384076,"Enypniastes eximia Théel, 1882",Enypniastes eximia,-38.91,178.75,1365.5,1326,1405,2010-04-08T18:33/2010-04-08T19:05,2010,New Zealand,Pacífico Sur,HUMAN_OBSERVATION,421890f7-e909-40ed-a573-b1c9529a55fa,NZ research trawl surveys since 2008,10.15468/gzpcyl,Southwestern Pacific Ocean Biogeographic Information System (OBIS) Node,MPI,CC-BY,http://creativecommons.org/licenses/by/4.0/legalcode,tan1003/172/EEX,,si
GBIF,1990384244,"Enypniastes eximia Théel, 1882",Enypniastes eximia,-38.96,178.69,1441.5,1432,1451,2010-04-09T11:47/2010-04-09T12:27,2010,New Zealand,Pacífico Sur,HUMAN_OBSERVATION,421890f7-e909-40ed-a573-b1c9529a55fa,NZ research trawl surveys since 2008,10.15468/gzpcyl,Southwestern Pacific Ocean Biogeographic Information System (OBIS) Node,MPI,CC-BY,http://creativecommons.org/licenses/by/4.0/legalcode,tan1003/179/EEX,,si
GBIF,4081094859,"Enypniastes eximia Théel, 1882",Enypniastes eximia,-41.692333,175.635,1343,1324,1362,2010-04-15,2010,New Zealand,Pacífico Sur,PRESERVED_SPECIMEN,4d0b1b2a-3209-49ce-bb93-7503e4868019,Earth Sciences New Zealand National Invertebrate Collection (NIC),10.15468/6qgswo,Earth Sciences New Zealand (ESNZ),Earth Sciences New Zealand,CC-BY,http://creativecommons.org/licenses/by/4.0/legalcode,60541d8c-fa36-11e2-96b3-aa6f927c92a3,,si
GBIF,4081117059,"Enypniastes eximia Théel, 1882",Enypniastes eximia,-41.721333,175.662833,1479.5,1473,1486,2010-04-15,2010,New Zealand,Pacífico Sur,HUMAN_OBSERVATION,4d0b1b2a-3209-49ce-bb93-7503e4868019,Earth Sciences New Zealand National Invertebrate Collection (NIC),10.15468/6qgswo,Earth Sciences New Zealand (ESNZ),Earth Sciences New Zealand,CC-BY,http://creativecommons.org/licenses/by/4.0/legalcode,5c7f920e-fa36-11e2-96b3-aa6f927c92a3,,si
GBIF,4081146177,"Enypniastes eximia Théel, 1882",Enypniastes eximia,-42.121167,174.5755,1475.5,1452,1499,2010-04-23,2010,New Zealand,Pacífico Sur,PRESERVED_SPECIMEN,4d0b1b2a-3209-49ce-bb93-7503e4868019,Earth Sciences New Zealand National Invertebrate Collection (NIC),10.15468/6qgswo,Earth Sciences New Zealand (ESNZ),Earth Sciences New Zealand,CC-BY,http://creativecommons.org/licenses/by/4.0/legalcode,5ef9d6e8-fa36-11e2-96b3-aa6f927c92a3,,si
GBIF,1990386717,"Enypniastes eximia Théel, 1882",Enypniastes eximia,-42.8,-179.87,966,960,972,2010-06-17T04:09/2010-06-17T04:39,2010,New Zealand,Pacífico Sur,HUMAN_OBSERVATION,421890f7-e909-40ed-a573-b1c9529a55fa,NZ research trawl surveys since 2008,10.15468/gzpcyl,Southwestern Pacific Ocean Biogeographic Information System (OBIS) Node,MPI,CC-BY,http://creativecommons.org/licenses/by/4.0/legalcode,tan1008/13/EEX,,si
GBIF,1990386745,"Enypniastes eximia Théel, 1882",Enypniastes eximia,-42.8,-179.93,963.5,960,967,2010-06-17T02:06/2010-06-17T02:36,2010,New Zealand,Pacífico Sur,HUMAN_OBSERVATION,421890f7-e909-40ed-a573-b1c9529a55fa,NZ research trawl surveys since 2008,10.15468/gzpcyl,Southwestern Pacific Ocean Biogeographic Information System (OBIS) Node,MPI,CC-BY,http://creativecommons.org/licenses/by/4.0/legalcode,tan1008/12/EEX,,si
GBIF,1990386852,"Enypniastes eximia Théel, 1882",Enypniastes eximia,-42.78,-179.93,1009.5,1004,1015,2010-06-17T06:27/2010-06-17T06:57,2010,New Zealand,Pacífico Sur,HUMAN_OBSERVATION,421890f7-e909-40ed-a573-b1c9529a55fa,NZ research trawl surveys since 2008,10.15468/gzpcyl,Southwestern Pacific Ocean Biogeographic Information System (OBIS) Node,MPI,CC-BY,http://creativecommons.org/licenses/by/4.0/legalcode,tan1008/14/EEX,,si
GBIF,1990386887,"Enypniastes eximia Théel, 1882",Enypniastes eximia,-42.8,179.96,1004.5,1002,1007,2010-06-17T18:13/2010-06-17T18:41,2010,New Zealand,Pacífico Sur,HUMAN_OBSERVATION,421890f7-e909-40ed-a573-b1c9529a55fa,NZ research trawl surveys since 2008,10.15468/gzpcyl,Southwestern Pacific Ocean Biogeographic Information System (OBIS) Node,MPI,CC-BY,http://creativecommons.org/licenses/by/4.0/legalcode,tan1008/16/EEX,,si
GBIF,1990386952,"Enypniastes eximia Théel, 1882",Enypniastes eximia,-42.76,-179.88,1047.5,1047,1048,2010-06-17T20:10/2010-06-17T20:40,2010,New Zealand,Pacífico Sur,HUMAN_OBSERVATION,421890f7-e909-40ed-a573-b1c9529a55fa,NZ research trawl surveys since 2008,10.15468/gzpcyl,Southwestern Pacific Ocean Biogeographic Information System (OBIS) Node,MPI,CC-BY,http://creativecommons.org/licenses/by/4.0/legalcode,tan1008/17/EEX,,si
GBIF,1990386965,"Enypniastes eximia Théel, 1882",Enypniastes eximia,-42.78,-179.78,1002,1001,1003,2010-06-18T02:27/2010-06-18T02:57,2010,New Zealand,Pacífico Sur,HUMAN_OBSERVATION,421890f7-e909-40ed-a573-b1c9529a55fa,NZ research trawl surveys since 2008,10.15468/gzpcyl,Southwestern Pacific Ocean Biogeographic Information System (OBIS) Node,MPI,CC-BY,http://creativecommons.org/licenses/by/4.0/legalcode,tan1008/19/EEX,,si
GBIF,1990387000,"Enypniastes eximia Théel, 1882",Enypniastes eximia,-42.78,-179.84,1009,1007,1011,2010-06-18T00:34/2010-06-18T01:04,2010,New Zealand,Pacífico Sur,HUMAN_OBSERVATION,421890f7-e909-40ed-a573-b1c9529a55fa,NZ research trawl surveys since 2008,10.15468/gzpcyl,Southwestern Pacific Ocean Biogeographic Information System (OBIS) Node,MPI,CC-BY,http://creativecommons.org/licenses/by/4.0/legalcode,tan1008/18/EEX,,si
GBIF,1990387073,"Enypniastes eximia Théel, 1882",Enypniastes eximia,-42.76,-179.81,1043,1042,1044,2010-06-18T09:39/2010-06-18T10:09,2010,New Zealand,Pacífico Sur,HUMAN_OBSERVATION,421890f7-e909-40ed-a573-b1c9529a55fa,NZ research trawl surveys since 2008,10.15468/gzpcyl,Southwestern Pacific Ocean Biogeographic Information System (OBIS) Node,MPI,CC-BY,http://creativecommons.org/licenses/by/4.0/legalcode,tan1008/20/EEX,,si
GBIF,1990387083,"Enypniastes eximia Théel, 1882",Enypniastes eximia,-42.8,179.86,1002,1001,1003,2010-06-16T01:56/2010-06-16T02:26,2010,New Zealand,Pacífico Sur,HUMAN_OBSERVATION,421890f7-e909-40ed-a573-b1c9529a55fa,NZ research trawl surveys since 2008,10.15468/gzpcyl,Southwestern Pacific Ocean Biogeographic Information System (OBIS) Node,MPI,CC-BY,http://creativecommons.org/licenses/by/4.0/legalcode,tan1008/2/EEX,,si
GBIF,1990387182,"Enypniastes eximia Théel, 1882",Enypniastes eximia,-42.76,-179.75,1044.5,1044,1045,2010-06-18T11:45/2010-06-18T12:15,2010,New Zealand,Pacífico Sur,HUMAN_OBSERVATION,421890f7-e909-40ed-a573-b1c9529a55fa,NZ research trawl surveys since 2008,10.15468/gzpcyl,Southwestern Pacific Ocean Biogeographic Information System (OBIS) Node,MPI,CC-BY,http://creativecommons.org/licenses/by/4.0/legalcode,tan1008/21/EEX,,si
GBIF,1990387235,"Enypniastes eximia Théel, 1882",Enypniastes eximia,-42.76,-179.69,1036,1031,1041,2010-06-18T15:50/2010-06-18T16:21,2010,New Zealand,Pacífico Sur,HUMAN_OBSERVATION,421890f7-e909-40ed-a573-b1c9529a55fa,NZ research trawl surveys since 2008,10.15468/gzpcyl,Southwestern Pacific Ocean Biogeographic Information System (OBIS) Node,MPI,CC-BY,http://creativecommons.org/licenses/by/4.0/legalcode,tan1008/23/EEX,,si
GBIF,1990387365,"Enypniastes eximia Théel, 1882",Enypniastes eximia,-42.76,-179.63,1024.5,1020,1029,2010-06-18T17:39/2010-06-18T18:09,2010,New Zealand,Pacífico Sur,HUMAN_OBSERVATION,421890f7-e909-40ed-a573-b1c9529a55fa,NZ research trawl surveys since 2008,10.15468/gzpcyl,Southwestern Pacific Ocean Biogeographic Information System (OBIS) Node,MPI,CC-BY,http://creativecommons.org/licenses/by/4.0/legalcode,tan1008/24/EEX,,si
GBIF,1990387397,"Enypniastes eximia Théel, 1882",Enypniastes eximia,-42.71,179.89,1280,1278,1282,2010-06-19T00:12/2010-06-19T00:42,2010,New Zealand,Pacífico Sur,HUMAN_OBSERVATION,421890f7-e909-40ed-a573-b1c9529a55fa,NZ research trawl surveys since 2008,10.15468/gzpcyl,Southwestern Pacific Ocean Biogeographic Information System (OBIS) Node,MPI,CC-BY,http://creativecommons.org/licenses/by/4.0/legalcode,tan1008/26/EEX,,si
GBIF,1990387401,"Enypniastes eximia Théel, 1882",Enypniastes eximia,-42.71,179.94,1245.5,1243,1248,2010-06-19T02:21/2010-06-19T02:41,2010,New Zealand,Pacífico Sur,HUMAN_OBSERVATION,421890f7-e909-40ed-a573-b1c9529a55fa,NZ research trawl surveys since 2008,10.15468/gzpcyl,Southwestern Pacific Ocean Biogeographic Information System (OBIS) Node,MPI,CC-BY,http://creativecommons.org/licenses/by/4.0/legalcode,tan1008/27/EEX,,si
GBIF,1990387485,"Enypniastes eximia Théel, 1882",Enypniastes eximia,-42.61,179.87,1698,1692,1704,2010-06-19T12:48/2010-06-19T13:18,2010,New Zealand,Pacífico Sur,HUMAN_OBSERVATION,421890f7-e909-40ed-a573-b1c9529a55fa,NZ research trawl surveys since 2008,10.15468/gzpcyl,Southwestern Pacific Ocean Biogeographic Information System (OBIS) Node,MPI,CC-BY,http://creativecommons.org/licenses/by/4.0/legalcode,tan1008/29/EEX,,si
GBIF,1990387508,"Enypniastes eximia Théel, 1882",Enypniastes eximia,-42.63,179.87,1609,1599,1619,2010-06-19T06:19/2010-06-19T06:49,2010,New Zealand,Pacífico Sur,HUMAN_OBSERVATION,421890f7-e909-40ed-a573-b1c9529a55fa,NZ research trawl surveys since 2008,10.15468/gzpcyl,Southwestern Pacific Ocean Biogeographic Information System (OBIS) Node,MPI,CC-BY,http://creativecommons.org/licenses/by/4.0/legalcode,tan1008/28/EEX,,si
GBIF,1990387553,"Enypniastes eximia Théel, 1882",Enypniastes eximia,-42.66,179.78,1513,1510,1516,2010-06-19T17:28/2010-06-19T17:59,2010,New Zealand,Pacífico Sur,HUMAN_OBSERVATION,421890f7-e909-40ed-a573-b1c9529a55fa,NZ research trawl surveys since 2008,10.15468/gzpcyl,Southwestern Pacific Ocean Biogeographic Information System (OBIS) Node,MPI,CC-BY,http://creativecommons.org/licenses/by/4.0/legalcode,tan1008/30/EEX,,si
GBIF,1990387559,"Enypniastes eximia Théel, 1882",Enypniastes eximia,-42.8,179.8,1016.5,1013,1020,2010-06-16T04:39/2010-06-16T05:10,2010,New Zealand,Pacífico Sur,HUMAN_OBSERVATION,421890f7-e909-40ed-a573-b1c9529a55fa,NZ research trawl surveys since 2008,10.15468/gzpcyl,Southwestern Pacific Ocean Biogeographic Information System (OBIS) Node,MPI,CC-BY,http://creativecommons.org/licenses/by/4.0/legalcode,tan1008/3/EEX,,si
GBIF,1990388085,"Enypniastes eximia Théel, 1882",Enypniastes eximia,-42.81,179.68,1004.5,1002,1007,2010-06-16T09:20/2010-06-16T09:50,2010,New Zealand,Pacífico Sur,HUMAN_OBSERVATION,421890f7-e909-40ed-a573-b1c9529a55fa,NZ research trawl surveys since 2008,10.15468/gzpcyl,Southwestern Pacific Ocean Biogeographic Information System (OBIS) Node,MPI,CC-BY,http://creativecommons.org/licenses/by/4.0/legalcode,tan1008/5/EEX,,si
GBIF,1990388126,"Enypniastes eximia Théel, 1882",Enypniastes eximia,-42.76,179.76,1156.5,1156,1157,2010-06-22T12:43/2010-06-22T13:13,2010,New Zealand,Pacífico Sur,HUMAN_OBSERVATION,421890f7-e909-40ed-a573-b1c9529a55fa,NZ research trawl surveys since 2008,10.15468/gzpcyl,Southwestern Pacific Ocean Biogeographic Information System (OBIS) Node,MPI,CC-BY,http://creativecommons.org/licenses/by/4.0/legalcode,tan1008/50/EEX,,si
GBIF,1990388212,"Enypniastes eximia Théel, 1882",Enypniastes eximia,-42.59,-179.8,1597,1584,1610,2010-06-22T22:42/2010-06-22T23:12,2010,New Zealand,Pacífico Sur,HUMAN_OBSERVATION,421890f7-e909-40ed-a573-b1c9529a55fa,NZ research trawl surveys since 2008,10.15468/gzpcyl,Southwestern Pacific Ocean Biogeographic Information System (OBIS) Node,MPI,CC-BY,http://creativecommons.org/licenses/by/4.0/legalcode,tan1008/52/EEX,,si
GBIF,1990388225,"Enypniastes eximia Théel, 1882",Enypniastes eximia,-42.62,179.75,1721,1710,1732,2010-06-22T17:43/2010-06-22T18:14,2010,New Zealand,Pacífico Sur,HUMAN_OBSERVATION,421890f7-e909-40ed-a573-b1c9529a55fa,NZ research trawl surveys since 2008,10.15468/gzpcyl,Southwestern Pacific Ocean Biogeographic Information System (OBIS) Node,MPI,CC-BY,http://creativecommons.org/licenses/by/4.0/legalcode,tan1008/51/EEX,,si
GBIF,1990388307,"Enypniastes eximia Théel, 1882",Enypniastes eximia,-42.98,179.74,627,626,628,2010-06-23T09:06/2010-06-23T09:47,2010,New Zealand,Pacífico Sur,HUMAN_OBSERVATION,421890f7-e909-40ed-a573-b1c9529a55fa,NZ research trawl surveys since 2008,10.15468/gzpcyl,Southwestern Pacific Ocean Biogeographic Information System (OBIS) Node,MPI,CC-BY,http://creativecommons.org/licenses/by/4.0/legalcode,tan1008/54/EEX,,si
GBIF,1990388369,"Enypniastes eximia Théel, 1882",Enypniastes eximia,-42.65,-179.94,1385.5,1379,1392,2010-06-23T03:22/2010-06-23T03:51,2010,New Zealand,Pacífico Sur,HUMAN_OBSERVATION,421890f7-e909-40ed-a573-b1c9529a55fa,NZ research trawl surveys since 2008,10.15468/gzpcyl,Southwestern Pacific Ocean Biogeographic Information System (OBIS) Node,MPI,CC-BY,http://creativecommons.org/licenses/by/4.0/legalcode,tan1008/53/EEX,,si
GBIF,1990388551,"Enypniastes eximia Théel, 1882",Enypniastes eximia,-42.78,179.92,1042,1035,1049,2010-06-24T20:46/2010-06-24T21:46,2010,New Zealand,Pacífico Sur,HUMAN_OBSERVATION,421890f7-e909-40ed-a573-b1c9529a55fa,NZ research trawl surveys since 2008,10.15468/gzpcyl,Southwestern Pacific Ocean Biogeographic Information System (OBIS) Node,MPI,CC-BY,http://creativecommons.org/licenses/by/4.0/legalcode,tan1008/61/EEX,,si
GBIF,1990388853,"Enypniastes eximia Théel, 1882",Enypniastes eximia,-42.76,-179.8,1047,1047,1047,2010-06-25T21:32/2010-06-25T22:03,2010,New Zealand,Pacífico Sur,HUMAN_OBSERVATION,421890f7-e909-40ed-a573-b1c9529a55fa,NZ research trawl surveys since 2008,10.15468/gzpcyl,Southwestern Pacific Ocean Biogeographic Information System (OBIS) Node,MPI,CC-BY,http://creativecommons.org/licenses/by/4.0/legalcode,tan1008/69/EEX,,si
GBIF,1990388957,"Enypniastes eximia Théel, 1882",Enypniastes eximia,-42.78,-179.74,1003,1000,1006,2010-06-25T23:42/2010-06-26T00:09,2010,New Zealand,Pacífico Sur,HUMAN_OBSERVATION,421890f7-e909-40ed-a573-b1c9529a55fa,NZ research trawl surveys since 2008,10.15468/gzpcyl,Southwestern Pacific Ocean Biogeographic Information System (OBIS) Node,MPI,CC-BY,http://creativecommons.org/licenses/by/4.0/legalcode,tan1008/70/EEX,,si
GBIF,1990389442,"Enypniastes eximia Théel, 1882",Enypniastes eximia,-42.76,-179.72,1037,1030,1044,2010-06-27T20:41/2010-06-27T21:10,2010,New Zealand,Pacífico Sur,HUMAN_OBSERVATION,421890f7-e909-40ed-a573-b1c9529a55fa,NZ research trawl surveys since 2008,10.15468/gzpcyl,Southwestern Pacific Ocean Biogeographic Information System (OBIS) Node,MPI,CC-BY,http://creativecommons.org/licenses/by/4.0/legalcode,tan1008/83/EEX,,si
GBIF,1990389460,"Enypniastes eximia Théel, 1882",Enypniastes eximia,-42.81,179.74,1019,1012,1026,2010-06-16T16:36/2010-06-16T17:08,2010,New Zealand,Pacífico Sur,HUMAN_OBSERVATION,421890f7-e909-40ed-a573-b1c9529a55fa,NZ research trawl surveys since 2008,10.15468/gzpcyl,Southwestern Pacific Ocean Biogeographic Information System (OBIS) Node,MPI,CC-BY,http://creativecommons.org/licenses/by/4.0/legalcode,tan1008/8/EEX,,si
GBIF,1990389578,"Enypniastes eximia Théel, 1882",Enypniastes eximia,-42.6,179.67,1834.5,1832,1837,2010-06-28T06:27/2010-06-28T06:58,2010,New Zealand,Pacífico Sur,HUMAN_OBSERVATION,421890f7-e909-40ed-a573-b1c9529a55fa,NZ research trawl surveys since 2008,10.15468/gzpcyl,Southwestern Pacific Ocean Biogeographic Information System (OBIS) Node,MPI,CC-BY,http://creativecommons.org/licenses/by/4.0/legalcode,tan1008/85/EEX,,si
GBIF,1990389667,"Enypniastes eximia Théel, 1882",Enypniastes eximia,-42.8,-179.79,946,945,947,2010-06-28T10:40/2010-06-28T11:12,2010,New Zealand,Pacífico Sur,HUMAN_OBSERVATION,421890f7-e909-40ed-a573-b1c9529a55fa,NZ research trawl surveys since 2008,10.15468/gzpcyl,Southwestern Pacific Ocean Biogeographic Information System (OBIS) Node,MPI,CC-BY,http://creativecommons.org/licenses/by/4.0/legalcode,tan1008/86/EEX,,si
GBIF,1990389668,"Enypniastes eximia Théel, 1882",Enypniastes eximia,-42.8,179.8,1029.5,1021,1038,2010-06-28T17:08/2010-06-28T18:08,2010,New Zealand,Pacífico Sur,HUMAN_OBSERVATION,421890f7-e909-40ed-a573-b1c9529a55fa,NZ research trawl surveys since 2008,10.15468/gzpcyl,Southwestern Pacific Ocean Biogeographic Information System (OBIS) Node,MPI,CC-BY,http://creativecommons.org/licenses/by/4.0/legalcode,tan1008/87/EEX,,si
GBIF,1990389705,"Enypniastes eximia Théel, 1882",Enypniastes eximia,-42.76,-179.89,1044.5,1043,1046,2010-06-28T22:27/2010-06-28T22:57,2010,New Zealand,Pacífico Sur,HUMAN_OBSERVATION,421890f7-e909-40ed-a573-b1c9529a55fa,NZ research trawl surveys since 2008,10.15468/gzpcyl,Southwestern Pacific Ocean Biogeographic Information System (OBIS) Node,MPI,CC-BY,http://creativecommons.org/licenses/by/4.0/legalcode,tan1008/88/EEX,,si
GBIF,1990389775,"Enypniastes eximia Théel, 1882",Enypniastes eximia,-42.81,179.67,1001.5,997,1006,2010-06-29T02:52/2010-06-29T03:28,2010,New Zealand,Pacífico Sur,HUMAN_OBSERVATION,421890f7-e909-40ed-a573-b1c9529a55fa,NZ research trawl surveys since 2008,10.15468/gzpcyl,Southwestern Pacific Ocean Biogeographic Information System (OBIS) Node,MPI,CC-BY,http://creativecommons.org/licenses/by/4.0/legalcode,tan1008/89/EEX,,si
GBIF,1990389816,"Enypniastes eximia Théel, 1882",Enypniastes eximia,-42.78,179.92,1041,1040,1042,2010-06-16T19:28/2010-06-16T19:59,2010,New Zealand,Pacífico Sur,HUMAN_OBSERVATION,421890f7-e909-40ed-a573-b1c9529a55fa,NZ research trawl surveys since 2008,10.15468/gzpcyl,Southwestern Pacific Ocean Biogeographic Information System (OBIS) Node,MPI,CC-BY,http://creativecommons.org/licenses/by/4.0/legalcode,tan1008/9/EEX,,si
GBIF,1272590482,"Enypniastes eximia Théel, 1882",Enypniastes eximia,-44.3845,147.262,1921,1921,1921,2008-12-25,2008,Australia,Pacífico Sur,PRESERVED_SPECIMEN,39905320-6c8a-11de-8226-b8a03c50a862,Southern Seamounts Expedition - RV T.G. Thompson 2008-2009,10.15468/lp1ctu,Museums Victoria,NMV,CC0,http://creativecommons.org/publicdomain/zero/1.0/legalcode,2c087a14-7ff9-43bb-93ce-b8403dd2ddda,,si
GBIF,4081132318,"Enypniastes eximia Théel, 1882",Enypniastes eximia,-42.623501,175.921494,1208.5,1202,1215,2007-04-26,2007,New Zealand,Pacífico Sur,PRESERVED_SPECIMEN,4d0b1b2a-3209-49ce-bb93-7503e4868019,Earth Sciences New Zealand National Invertebrate Collection (NIC),10.15468/6qgswo,Earth Sciences New Zealand (ESNZ),Earth Sciences New Zealand,CC-BY,http://creativecommons.org/licenses/by/4.0/legalcode,5e306718-fa36-11e2-96b3-aa6f927c92a3,,si
GBIF,4081134364,"Enypniastes eximia Théel, 1882",Enypniastes eximia,-42.542499,175.141495,1812.5,1812,1813,2007-04-28,2007,New Zealand,Pacífico Sur,PRESERVED_SPECIMEN,4d0b1b2a-3209-49ce-bb93-7503e4868019,Earth Sciences New Zealand National Invertebrate Collection (NIC),10.15468/6qgswo,Earth Sciences New Zealand (ESNZ),Earth Sciences New Zealand,CC-BY,http://creativecommons.org/licenses/by/4.0/legalcode,5e307212-fa36-11e2-96b3-aa6f927c92a3,,si
GBIF,4081159394,"Enypniastes eximia Théel, 1882",Enypniastes eximia,-42.542499,175.141495,1812.5,1812,1813,2007-04-28,2007,New Zealand,Pacífico Sur,PRESERVED_SPECIMEN,4d0b1b2a-3209-49ce-bb93-7503e4868019,Earth Sciences New Zealand National Invertebrate Collection (NIC),10.15468/6qgswo,Earth Sciences New Zealand (ESNZ),Earth Sciences New Zealand,CC-BY,http://creativecommons.org/licenses/by/4.0/legalcode,5e3073ac-fa36-11e2-96b3-aa6f927c92a3,,si
GBIF,4081118262,"Enypniastes eximia Théel, 1882",Enypniastes eximia,-37.61934,167.3847,1013,1012,1014,2007-05-31,2007,,Pacífico Sur,PRESERVED_SPECIMEN,4d0b1b2a-3209-49ce-bb93-7503e4868019,Earth Sciences New Zealand National Invertebrate Collection (NIC),10.15468/6qgswo,Earth Sciences New Zealand (ESNZ),Earth Sciences New Zealand,CC-BY,http://creativecommons.org/licenses/by/4.0/legalcode,5e308ab8-fa36-11e2-96b3-aa6f927c92a3,,si
GBIF,4081132321,"Enypniastes eximia Théel, 1882",Enypniastes eximia,-37.61934,167.3847,1013,1012,1014,2007-05-31,2007,,Pacífico Sur,PRESERVED_SPECIMEN,4d0b1b2a-3209-49ce-bb93-7503e4868019,Earth Sciences New Zealand National Invertebrate Collection (NIC),10.15468/6qgswo,Earth Sciences New Zealand (ESNZ),Earth Sciences New Zealand,CC-BY,http://creativecommons.org/licenses/by/4.0/legalcode,5e30a188-fa36-11e2-96b3-aa6f927c92a3,,si
GBIF,4081193252,"Enypniastes eximia Théel, 1882",Enypniastes eximia,-36.92067,167.5268,1219,1216,1222,2007-05-30,2007,,Pacífico Sur,PRESERVED_SPECIMEN,4d0b1b2a-3209-49ce-bb93-7503e4868019,Earth Sciences New Zealand National Invertebrate Collection (NIC),10.15468/6qgswo,Earth Sciences New Zealand (ESNZ),Earth Sciences New Zealand,CC-BY,http://creativecommons.org/licenses/by/4.0/legalcode,5e30c2d0-fa36-11e2-96b3-aa6f927c92a3,,si
GBIF,1272571197,"Enypniastes eximia Théel, 1882",Enypniastes eximia,-14.6086,121.329,710.5,709,712,2007-06-26,2007,Australia,Océano Índico,PRESERVED_SPECIMEN,39905320-6c8a-11de-8226-b8a03c50a862,CERF,10.15468/lp1ctu,Museums Victoria,NMV,CC0,http://creativecommons.org/publicdomain/zero/1.0/legalcode,5a2acb42-9278-4bed-8c41-1874b6bcf921,,si
GBIF,1272570754,"Enypniastes eximia Théel, 1882",Enypniastes eximia,-14.5511,121.256,1022,1021,1023,2007-07-03,2007,Australia,Océano Índico,PRESERVED_SPECIMEN,39905320-6c8a-11de-8226-b8a03c50a862,CERF,10.15468/lp1ctu,Museums Victoria,NMV,CC0,http://creativecommons.org/publicdomain/zero/1.0/legalcode,42eef236-ff6f-4c1e-9040-89880fe975a3,,si
GBIF,1427210865,"Enypniastes eximia Théel, 1882",Enypniastes eximia,-43.9665,-174.3145,1188,1185,1191,2007-07-20T10:49/2007-07-20T11:19,2007,New Zealand,Pacífico Sur,HUMAN_OBSERVATION,2a636fd6-dc73-49c0-9e5b-26bd05532313,MBIS research trawl surveys,10.15468/ti5yah,Earth Sciences New Zealand (ESNZ),NIWA,CC-BY,http://creativecommons.org/licenses/by/4.0/legalcode,285272,,si
GBIF,1427211481,"Enypniastes eximia Théel, 1882",Enypniastes eximia,-42.659,179.967,1525,1494,1556,2007-07-25T06:34/2007-07-25T07:11,2007,New Zealand,Pacífico Sur,HUMAN_OBSERVATION,2a636fd6-dc73-49c0-9e5b-26bd05532313,MBIS research trawl surveys,10.15468/ti5yah,Earth Sciences New Zealand (ESNZ),NIWA,CC-BY,http://creativecommons.org/licenses/by/4.0/legalcode,285919,,si
GBIF,1427211532,"Enypniastes eximia Théel, 1882",Enypniastes eximia,-42.6347,179.8828,1591.5,1573,1610,2007-07-25T09:57/2007-07-25T10:28,2007,New Zealand,Pacífico Sur,HUMAN_OBSERVATION,2a636fd6-dc73-49c0-9e5b-26bd05532313,MBIS research trawl surveys,10.15468/ti5yah,Earth Sciences New Zealand (ESNZ),NIWA,CC-BY,http://creativecommons.org/licenses/by/4.0/legalcode,285957,,si
GBIF,1427211867,"Enypniastes eximia Théel, 1882",Enypniastes eximia,-42.8558,-175.059,1136,1132,1140,2007-07-09T05:55/2007-07-09T06:25,2007,New Zealand,Pacífico Sur,HUMAN_OBSERVATION,2a636fd6-dc73-49c0-9e5b-26bd05532313,MBIS research trawl surveys,10.15468/ti5yah,Earth Sciences New Zealand (ESNZ),NIWA,CC-BY,http://creativecommons.org/licenses/by/4.0/legalcode,286252,,si
GBIF,1427211909,"Enypniastes eximia Théel, 1882",Enypniastes eximia,-42.8278,-175.1658,1207.5,1199,1216,2007-07-09T07:46/2007-07-09T08:16,2007,New Zealand,Pacífico Sur,HUMAN_OBSERVATION,2a636fd6-dc73-49c0-9e5b-26bd05532313,MBIS research trawl surveys,10.15468/ti5yah,Earth Sciences New Zealand (ESNZ),NIWA,CC-BY,http://creativecommons.org/licenses/by/4.0/legalcode,286290,,si
GBIF,1427211952,"Enypniastes eximia Théel, 1882",Enypniastes eximia,-42.8137,-175.3427,1205,1196,1214,2007-07-09T14:08/2007-07-09T14:39,2007,New Zealand,Pacífico Sur,HUMAN_OBSERVATION,2a636fd6-dc73-49c0-9e5b-26bd05532313,MBIS research trawl surveys,10.15468/ti5yah,Earth Sciences New Zealand (ESNZ),NIWA,CC-BY,http://creativecommons.org/licenses/by/4.0/legalcode,286360,,si
GBIF,1427212982,"Enypniastes eximia Théel, 1882",Enypniastes eximia,-42.8762,-174.679,1188,1184,1192,2007-07-17T21:27/2007-07-17T21:57,2007,New Zealand,Pacífico Sur,HUMAN_OBSERVATION,2a636fd6-dc73-49c0-9e5b-26bd05532313,MBIS research trawl surveys,10.15468/ti5yah,Earth Sciences New Zealand (ESNZ),NIWA,CC-BY,http://creativecommons.org/licenses/by/4.0/legalcode,287399,,si
GBIF,1427213392,"Enypniastes eximia Théel, 1882",Enypniastes eximia,-43.4315,-173.9237,1207,1205,1209,2007-07-18T19:35/2007-07-18T20:05,2007,New Zealand,Pacífico Sur,HUMAN_OBSERVATION,2a636fd6-dc73-49c0-9e5b-26bd05532313,MBIS research trawl surveys,10.15468/ti5yah,Earth Sciences New Zealand (ESNZ),NIWA,CC-BY,http://creativecommons.org/licenses/by/4.0/legalcode,287796,,si
GBIF,4081104240,"Enypniastes eximia Théel, 1882",Enypniastes eximia,-42.659,179.967,1525,1494,1556,2007-07-25,2007,New Zealand,Pacífico Sur,HUMAN_OBSERVATION,4d0b1b2a-3209-49ce-bb93-7503e4868019,Earth Sciences New Zealand National Invertebrate Collection (NIC),10.15468/6qgswo,Earth Sciences New Zealand (ESNZ),Earth Sciences New Zealand,CC-BY,http://creativecommons.org/licenses/by/4.0/legalcode,5d0ddea6-fa36-11e2-96b3-aa6f927c92a3,,si
GBIF,4081128965,"Enypniastes eximia Théel, 1882",Enypniastes eximia,-44.7,-179,1283,1283,1283,2007-11-12,2007,New Zealand,Pacífico Sur,PRESERVED_SPECIMEN,4d0b1b2a-3209-49ce-bb93-7503e4868019,Earth Sciences New Zealand National Invertebrate Collection (NIC),10.15468/6qgswo,Earth Sciences New Zealand (ESNZ),Earth Sciences New Zealand,CC-BY,http://creativecommons.org/licenses/by/4.0/legalcode,5e7f64e4-fa36-11e2-96b3-aa6f927c92a3,,si
GBIF,4081169179,"Enypniastes eximia Théel, 1882",Enypniastes eximia,-44.7,176.2,1133.5,1115,1152,2007-11-09,2007,New Zealand,Pacífico Sur,PRESERVED_SPECIMEN,4d0b1b2a-3209-49ce-bb93-7503e4868019,Earth Sciences New Zealand National Invertebrate Collection (NIC),10.15468/6qgswo,Earth Sciences New Zealand (ESNZ),Earth Sciences New Zealand,CC-BY,http://creativecommons.org/licenses/by/4.0/legalcode,5f924d1a-fa36-11e2-96b3-aa6f927c92a3,,si
GBIF,4081065553,"Enypniastes eximia Théel, 1882",Enypniastes eximia,-42.7885,179.9985,1037,1020,1054,2006-05-30,2006,New Zealand,Pacífico Sur,PRESERVED_SPECIMEN,4d0b1b2a-3209-49ce-bb93-7503e4868019,Earth Sciences New Zealand National Invertebrate Collection (NIC),10.15468/6qgswo,Earth Sciences New Zealand (ESNZ),Earth Sciences New Zealand,CC-BY,http://creativecommons.org/licenses/by/4.0/legalcode,5f4d3d9c-fa36-11e2-96b3-aa6f927c92a3,,si
GBIF,4081153610,"Enypniastes eximia Théel, 1882",Enypniastes eximia,-42.7878,-179.9995,1038,1021,1055,2006-05-30,2006,New Zealand,Pacífico Sur,PRESERVED_SPECIMEN,4d0b1b2a-3209-49ce-bb93-7503e4868019,Earth Sciences New Zealand National Invertebrate Collection (NIC),10.15468/6qgswo,Earth Sciences New Zealand (ESNZ),Earth Sciences New Zealand,CC-BY,http://creativecommons.org/licenses/by/4.0/legalcode,5f461c2e-fa36-11e2-96b3-aa6f927c92a3,,si
GBIF,4081112048,"Enypniastes eximia Théel, 1882",Enypniastes eximia,-42.7898,-179.9872,1025,890,1160,2006-06-04,2006,New Zealand,Pacífico Sur,PRESERVED_SPECIMEN,4d0b1b2a-3209-49ce-bb93-7503e4868019,Earth Sciences New Zealand National Invertebrate Collection (NIC),10.15468/6qgswo,Earth Sciences New Zealand (ESNZ),Earth Sciences New Zealand,CC-BY,http://creativecommons.org/licenses/by/4.0/legalcode,5d7c52dc-fa36-11e2-96b3-aa6f927c92a3,,si
GBIF,4081123629,"Enypniastes eximia Théel, 1882",Enypniastes eximia,-42.5193,173.7203,1295,1285,1305,2006-11-15,2006,New Zealand,Pacífico Sur,PRESERVED_SPECIMEN,4d0b1b2a-3209-49ce-bb93-7503e4868019,Earth Sciences New Zealand National Invertebrate Collection (NIC),10.15468/6qgswo,Earth Sciences New Zealand (ESNZ),Earth Sciences New Zealand,CC-BY,http://creativecommons.org/licenses/by/4.0/legalcode,5dbce608-fa36-11e2-96b3-aa6f927c92a3,,si
GBIF,4081181667,"Enypniastes eximia Théel, 1882",Enypniastes eximia,-42.5497,173.7253,1362.5,1360,1365,2006-11-15,2006,New Zealand,Pacífico Sur,PRESERVED_SPECIMEN,4d0b1b2a-3209-49ce-bb93-7503e4868019,Earth Sciences New Zealand National Invertebrate Collection (NIC),10.15468/6qgswo,Earth Sciences New Zealand (ESNZ),Earth Sciences New Zealand,CC-BY,http://creativecommons.org/licenses/by/4.0/legalcode,5c492d0e-fa36-11e2-96b3-aa6f927c92a3,,si
GBIF,4081192705,"Enypniastes eximia Théel, 1882",Enypniastes eximia,-42.5497,173.7253,1362.5,1360,1365,2006-11-15,2006,New Zealand,Pacífico Sur,PRESERVED_SPECIMEN,4d0b1b2a-3209-49ce-bb93-7503e4868019,Earth Sciences New Zealand National Invertebrate Collection (NIC),10.15468/6qgswo,Earth Sciences New Zealand (ESNZ),Earth Sciences New Zealand,CC-BY,http://creativecommons.org/licenses/by/4.0/legalcode,5ddc0736-fa36-11e2-96b3-aa6f927c92a3,,si
GBIF,4081116408,"Enypniastes eximia Théel, 1882",Enypniastes eximia,-42.794666,179.746826,1070,1068,1072,2005-06-27,2005,New Zealand,Pacífico Sur,HUMAN_OBSERVATION,4d0b1b2a-3209-49ce-bb93-7503e4868019,Earth Sciences New Zealand National Invertebrate Collection (NIC),10.15468/6qgswo,Earth Sciences New Zealand (ESNZ),Earth Sciences New Zealand,CC-BY,http://creativecommons.org/licenses/by/4.0/legalcode,5c2b1e2c-fa36-11e2-96b3-aa6f927c92a3,,si
GBIF,4081189818,"Enypniastes eximia Théel, 1882",Enypniastes eximia,-42.815666,179.335327,1076,1076,1076,2005-06-20,2005,New Zealand,Pacífico Sur,PRESERVED_SPECIMEN,4d0b1b2a-3209-49ce-bb93-7503e4868019,Earth Sciences New Zealand National Invertebrate Collection (NIC),10.15468/6qgswo,Earth Sciences New Zealand (ESNZ),Earth Sciences New Zealand,CC-BY,http://creativecommons.org/licenses/by/4.0/legalcode,5cecde4a-fa36-11e2-96b3-aa6f927c92a3,,si
GBIF,1272532376,"Enypniastes eximia Théel, 1882",Enypniastes eximia,-31.965,115.105,1049,928,1170,2005-11-30,2005,Australia,Océano Índico,PRESERVED_SPECIMEN,39905320-6c8a-11de-8226-b8a03c50a862,SS102005,10.15468/lp1ctu,Museums Victoria,NMV,CC0,http://creativecommons.org/publicdomain/zero/1.0/legalcode,b430b415-3bf0-4c51-9cb0-4af2c7f84a6e,,si
GBIF,1272533241,"Enypniastes eximia Théel, 1882",Enypniastes eximia,-31.9714,115.1,949,848,1050,2005-11-29,2005,Australia,Océano Índico,PRESERVED_SPECIMEN,39905320-6c8a-11de-8226-b8a03c50a862,SS102005,10.15468/lp1ctu,Museums Victoria,NMV,CC0,http://creativecommons.org/publicdomain/zero/1.0/legalcode,0ea1bf59-a005-4e8e-a568-ea81d6fd34ce,,si
GBIF,4147426136,"Enypniastes eximia Théel, 1882",Enypniastes eximia,-31.965,115.105,1169.6,1169.6,1169.6,2005-11-30T00:00,2005,Australia,Océano Índico,PRESERVED_SPECIMEN,cb01f1fc-42c4-4267-a5db-475b40ef199b,CSIRO Marine Invertebrates Image Collection (MIIC),10.15468/mt4kza,CSIRO National Collections and Marine Infrastructure (NCMI) Information and Data Centre (IDC),CSIRO,CC-BY,http://creativecommons.org/licenses/by/4.0/legalcode,urn:csiro:MIIC:MIIC-02673,,si
GBIF,4147426138,"Enypniastes eximia Théel, 1882",Enypniastes eximia,-31.965,115.105,1169.6,1169.6,1169.6,2005-11-30T00:00,2005,Australia,Océano Índico,PRESERVED_SPECIMEN,cb01f1fc-42c4-4267-a5db-475b40ef199b,CSIRO Marine Invertebrates Image Collection (MIIC),10.15468/mt4kza,CSIRO National Collections and Marine Infrastructure (NCMI) Information and Data Centre (IDC),CSIRO,CC-BY,http://creativecommons.org/licenses/by/4.0/legalcode,urn:csiro:MIIC:MIIC-02674,,si
GBIF,1272699169,"Enypniastes eximia Théel, 1882",Enypniastes eximia,-32.4322,161.794,1164.5,1132,1197,2003-05-24,2003,Australia,Pacífico Sur,PRESERVED_SPECIMEN,39905320-6c8a-11de-8226-b8a03c50a862,NORFANZ,10.15468/lp1ctu,Museums Victoria,NMV,CC0,http://creativecommons.org/publicdomain/zero/1.0/legalcode,4328d883-0c56-4ff1-8d01-38730e5151b7,,si
GBIF,1272699305,"Enypniastes eximia Théel, 1882",Enypniastes eximia,-32.1931,160.861,1355.5,1350,1361,2003-05-24,2003,Australia,Pacífico Sur,PRESERVED_SPECIMEN,39905320-6c8a-11de-8226-b8a03c50a862,NORFANZ,10.15468/lp1ctu,Museums Victoria,NMV,CC0,http://creativecommons.org/publicdomain/zero/1.0/legalcode,3937c030-d622-40cf-b9e8-fbfe814d3ed3,,si
GBIF,1272699469,"Enypniastes eximia Théel, 1882",Enypniastes eximia,-32.1117,161.782,1138.5,1130,1147,2003-05-25,2003,Australia,Pacífico Sur,PRESERVED_SPECIMEN,39905320-6c8a-11de-8226-b8a03c50a862,Museums Victoria provider for OZCAM,10.15468/lp1ctu,Museums Victoria,NMV,CC0,http://creativecommons.org/publicdomain/zero/1.0/legalcode,4ef5bad1-3834-4ff7-ab76-43e6fa19424e,,si
GBIF,1272699622,"Enypniastes eximia Théel, 1882",Enypniastes eximia,-32.7083,162.564,861,850,872,2003-05-25,2003,Australia,Pacífico Sur,PRESERVED_SPECIMEN,39905320-6c8a-11de-8226-b8a03c50a862,NORFANZ,10.15468/lp1ctu,Museums Victoria,NMV,CC0,http://creativecommons.org/publicdomain/zero/1.0/legalcode,a585ceca-63a6-4df0-a3d3-188c612ee18f,,si
GBIF,1272699103,"Enypniastes eximia Théel, 1882",Enypniastes eximia,-34.0688,168.941,1176.5,1013,1340,2003-06-03,2003,New Zealand,Pacífico Sur,PRESERVED_SPECIMEN,39905320-6c8a-11de-8226-b8a03c50a862,Museums Victoria provider for OZCAM,10.15468/lp1ctu,Museums Victoria,NMV,CC0,http://creativecommons.org/publicdomain/zero/1.0/legalcode,4cafb8e0-1a60-4c6c-852c-dad0ae68ea55,,si
GBIF,1272699160,"Enypniastes eximia Théel, 1882",Enypniastes eximia,-34.1475,169.493,1291,1288,1294,2003-06-04,2003,New Zealand,Pacífico Sur,PRESERVED_SPECIMEN,39905320-6c8a-11de-8226-b8a03c50a862,Museums Victoria provider for OZCAM,10.15468/lp1ctu,Museums Victoria,NMV,CC0,http://creativecommons.org/publicdomain/zero/1.0/legalcode,997949aa-cf3d-41bd-96cd-7a30c91489c4,,si
GBIF,1272699388,"Enypniastes eximia Théel, 1882",Enypniastes eximia,-34.1522,169.442,1282.5,1278,1287,2003-06-04,2003,New Zealand,Pacífico Sur,PRESERVED_SPECIMEN,39905320-6c8a-11de-8226-b8a03c50a862,Museums Victoria provider for OZCAM,10.15468/lp1ctu,Museums Victoria,NMV,CC0,http://creativecommons.org/publicdomain/zero/1.0/legalcode,44548b96-c66e-4aa3-a6da-283ea81d6884,,si
GBIF,1272699501,"Enypniastes eximia Théel, 1882",Enypniastes eximia,-35.9411,170.017,75,0,150,2003-06-05,2003,New Zealand,Pacífico Sur,PRESERVED_SPECIMEN,39905320-6c8a-11de-8226-b8a03c50a862,NORFANZ,10.15468/lp1ctu,Museums Victoria,NMV,CC0,http://creativecommons.org/publicdomain/zero/1.0/legalcode,e08cbc43-b36f-4c0a-aede-38770a0445a0,profundidad_<300m_revisar,si
GBIF,1272699522,"Enypniastes eximia Théel, 1882",Enypniastes eximia,-34.2389,168.47,1197.5,1195,1200,2003-06-03,2003,New Zealand,Pacífico Sur,PRESERVED_SPECIMEN,39905320-6c8a-11de-8226-b8a03c50a862,NORFANZ,10.15468/lp1ctu,Museums Victoria,NMV,CC0,http://creativecommons.org/publicdomain/zero/1.0/legalcode,e15eb68b-a9d8-47bb-91d5-bdd40dc07332,,si
GBIF,4081130915,"Enypniastes eximia Théel, 1882",Enypniastes eximia,-42.8355,178.772167,1016.5,1016,1017,2002-07-06,2002,New Zealand,Pacífico Sur,PRESERVED_SPECIMEN,4d0b1b2a-3209-49ce-bb93-7503e4868019,Earth Sciences New Zealand National Invertebrate Collection (NIC),10.15468/6qgswo,Earth Sciences New Zealand (ESNZ),Earth Sciences New Zealand,CC-BY,http://creativecommons.org/licenses/by/4.0/legalcode,60cb4a74-fa36-11e2-96b3-aa6f927c92a3,,si
GBIF,4081190721,"Enypniastes eximia Théel, 1882",Enypniastes eximia,-46.646667,178.646667,2875,2750,3000,2001-10-10,2001,New Zealand,Pacífico Sur,HUMAN_OBSERVATION,4d0b1b2a-3209-49ce-bb93-7503e4868019,Earth Sciences New Zealand National Invertebrate Collection (NIC),10.15468/6qgswo,Earth Sciences New Zealand (ESNZ),Earth Sciences New Zealand,CC-BY,http://creativecommons.org/licenses/by/4.0/legalcode,613c3b9e-fa36-11e2-96b3-aa6f927c92a3,,si
GBIF,4081104864,"Enypniastes eximia Théel, 1882",Enypniastes eximia,-37.4,168.2,900,900,900,1999-03-03,1999,,Pacífico Sur,PRESERVED_SPECIMEN,4d0b1b2a-3209-49ce-bb93-7503e4868019,Earth Sciences New Zealand National Invertebrate Collection (NIC),10.15468/6qgswo,Earth Sciences New Zealand (ESNZ),Earth Sciences New Zealand,CC-BY,http://creativecommons.org/licenses/by/4.0/legalcode,60cb4d3a-fa36-11e2-96b3-aa6f927c92a3,,si
GBIF,4081188873,"Enypniastes eximia Théel, 1882",Enypniastes eximia,-42.733333,179.003333,1345,1280,1410,1993-09-19,1993,New Zealand,Pacífico Sur,PRESERVED_SPECIMEN,4d0b1b2a-3209-49ce-bb93-7503e4868019,Earth Sciences New Zealand National Invertebrate Collection (NIC),10.15468/6qgswo,Earth Sciences New Zealand (ESNZ),Earth Sciences New Zealand,CC-BY,http://creativecommons.org/licenses/by/4.0/legalcode,60cb5b04-fa36-11e2-96b3-aa6f927c92a3,,si
GBIF,1322297553,"Enypniastes Théel, 1882",,28.3731,-86.8081,850.5,845,856,1985-05-21,1985,United States of America,Atlántico Norte,PRESERVED_SPECIMEN,821cc27a-e3bb-4bc5-ac34-89ada245069d,NMNH Extant Biology,10.15468/hnhrg3,"National Museum of Natural History, Smithsonian Institution",USNM,CC0,http://creativecommons.org/publicdomain/zero/1.0/legalcode,http://n2t.net/ark:/65665/3e166cbba-a9ef-499d-a86e-0a7ae38fd2fb,,si
GBIF,1319779579,"Enypniastes ecalcarea (Sluiter, 1901)",Enypniastes eximia,20.9317,-92.6083,2432,2432,2432,1971-08-15,1971,Mexico,Atlántico Norte,PRESERVED_SPECIMEN,821cc27a-e3bb-4bc5-ac34-89ada245069d,NMNH Extant Biology,10.15468/hnhrg3,"National Museum of Natural History, Smithsonian Institution",USNM,CC0,http://creativecommons.org/publicdomain/zero/1.0/legalcode,http://n2t.net/ark:/65665/3720000c2-44e6-4912-a02a-5a68c501d9b6,,si
GBIF,4081183892,"Enypniastes eximia Théel, 1882",Enypniastes eximia,-77.8592,166.7075,100,100,100,1961-01-18,1961,Antarctica,Océano Austral,PRESERVED_SPECIMEN,4d0b1b2a-3209-49ce-bb93-7503e4868019,Earth Sciences New Zealand National Invertebrate Collection (NIC),10.15468/6qgswo,Earth Sciences New Zealand (ESNZ),Earth Sciences New Zealand,CC-BY,http://creativecommons.org/licenses/by/4.0/legalcode,60cb47d6-fa36-11e2-96b3-aa6f927c92a3,profundidad_<300m_revisar,si
GBIF,4081188872,"Enypniastes eximia Théel, 1882",Enypniastes eximia,-42.55,176.6983,1530,1530,1530,1961-04-25,1961,New Zealand,Pacífico Sur,PRESERVED_SPECIMEN,4d0b1b2a-3209-49ce-bb93-7503e4868019,Earth Sciences New Zealand National Invertebrate Collection (NIC),10.15468/6qgswo,Earth Sciences New Zealand (ESNZ),Earth Sciences New Zealand,CC-BY,http://creativecommons.org/licenses/by/4.0/legalcode,60cb5820-fa36-11e2-96b3-aa6f927c92a3,,si
GBIF,4081096666,"Enypniastes eximia Théel, 1882",Enypniastes eximia,-73.5333,171.3667,572.5,567,578,1959-01-18,1959,Antarctica,Océano Austral,PRESERVED_SPECIMEN,4d0b1b2a-3209-49ce-bb93-7503e4868019,Earth Sciences New Zealand National Invertebrate Collection (NIC),10.15468/6qgswo,Earth Sciences New Zealand (ESNZ),Earth Sciences New Zealand,CC-BY,http://creativecommons.org/licenses/by/4.0/legalcode,60cb5d84-fa36-11e2-96b3-aa6f927c92a3,,si
GBIF,1325670530,"Enypniastes Théel, 1882",,-32.6,16.00083,1646,1646,1646,1921-05-25,1921,South Africa,Atlántico Sur,HUMAN_OBSERVATION,570ceb60-ac58-4b98-9723-54000ee7b391,FBIP:SAEON: Historical Research Survey Database (1897-1949),10.15468/sfwehq,South African National Biodiversity Institute,SAEON,CC-BY,http://creativecommons.org/licenses/by/4.0/legalcode,urn:catalog:SAEON:17345,,si
GBIF,1325666348,"Enypniastes Théel, 1882",,-33.46667,17.05,1066,1066,1066,1921-12-07,1921,South Africa,Atlántico Sur,HUMAN_OBSERVATION,570ceb60-ac58-4b98-9723-54000ee7b391,FBIP:SAEON: Historical Research Survey Database (1897-1949),10.15468/sfwehq,South African National Biodiversity Institute,SAEON,CC-BY,http://creativecommons.org/licenses/by/4.0/legalcode,urn:catalog:SAEON:18857,,si
GBIF,1325655768,"Enypniastes Théel, 1882",,-33.80833,17.11667,1381,1381,1381,1920-05-11,1920,South Africa,Atlántico Sur,HUMAN_OBSERVATION,570ceb60-ac58-4b98-9723-54000ee7b391,FBIP:SAEON: Historical Research Survey Database (1897-1949),10.15468/sfwehq,South African National Biodiversity Institute,SAEON,CC-BY,http://creativecommons.org/licenses/by/4.0/legalcode,urn:catalog:SAEON:14457,,si
GBIF,1325655774,"Enypniastes Théel, 1882",,-33.80833,17.11667,1381,1381,1381,1920-05-11,1920,South Africa,Atlántico Sur,HUMAN_OBSERVATION,570ceb60-ac58-4b98-9723-54000ee7b391,FBIP:SAEON: Historical Research Survey Database (1897-1949),10.15468/sfwehq,South African National Biodiversity Institute,SAEON,CC-BY,http://creativecommons.org/licenses/by/4.0/legalcode,urn:catalog:SAEON:14464,,si
GBIF,1325655783,"Enypniastes Théel, 1882",,-33.80833,17.11667,1381,1381,1381,1920-05-11,1920,South Africa,Atlántico Sur,HUMAN_OBSERVATION,570ceb60-ac58-4b98-9723-54000ee7b391,FBIP:SAEON: Historical Research Survey Database (1897-1949),10.15468/sfwehq,South African National Biodiversity Institute,SAEON,CC-BY,http://creativecommons.org/licenses/by/4.0/legalcode,urn:catalog:SAEON:14463,,si
GBIF,1325655794,"Enypniastes Théel, 1882",,-33.80833,17.11667,1381,1381,1381,1920-05-11,1920,South Africa,Atlántico Sur,HUMAN_OBSERVATION,570ceb60-ac58-4b98-9723-54000ee7b391,FBIP:SAEON: Historical Research Survey Database (1897-1949),10.15468/sfwehq,South African National Biodiversity Institute,SAEON,CC-BY,http://creativecommons.org/licenses/by/4.0/legalcode,urn:catalog:SAEON:14462,,si
GBIF,1325655795,"Enypniastes Théel, 1882",,-33.80833,17.11667,1381,1381,1381,1920-05-11,1920,South Africa,Atlántico Sur,HUMAN_OBSERVATION,570ceb60-ac58-4b98-9723-54000ee7b391,FBIP:SAEON: Historical Research Survey Database (1897-1949),10.15468/sfwehq,South African National Biodiversity Institute,SAEON,CC-BY,http://creativecommons.org/licenses/by/4.0/legalcode,urn:catalog:SAEON:14458,,si
GBIF,1325655866,"Enypniastes Théel, 1882",,-33.76667,17.2,1445,1445,1445,1920-05-14,1920,South Africa,Atlántico Sur,HUMAN_OBSERVATION,570ceb60-ac58-4b98-9723-54000ee7b391,FBIP:SAEON: Historical Research Survey Database (1897-1949),10.15468/sfwehq,South African National Biodiversity Institute,SAEON,CC-BY,http://creativecommons.org/licenses/by/4.0/legalcode,urn:catalog:SAEON:14540,,si
GBIF,1319349586,"Enypniastes Théel, 1882",,-0.6,122.017,1240,1240,1240,1909-11-19,1909,Indonesia,Pacífico Sur,PRESERVED_SPECIMEN,821cc27a-e3bb-4bc5-ac34-89ada245069d,NMNH Extant Biology,10.15468/hnhrg3,"National Museum of Natural History, Smithsonian Institution",USNM,CC0,http://creativecommons.org/publicdomain/zero/1.0/legalcode,http://n2t.net/ark:/65665/35efa6bc6-150e-42aa-a547-7774f6768dba,,si
GBIF,1320605305,"Enypniastes eximia Théel, 1882",Enypniastes eximia,31.65,129.342,733,724,742,1906-08-11,1906,Japan,Pacífico Norte,PRESERVED_SPECIMEN,821cc27a-e3bb-4bc5-ac34-89ada245069d,NMNH Extant Biology,10.15468/hnhrg3,"National Museum of Natural History, Smithsonian Institution",USNM,CC0,http://creativecommons.org/publicdomain/zero/1.0/legalcode,http://n2t.net/ark:/65665/396888f33-c211-49fb-9ec2-5883dc6097fd,,si
GBIF,1426883626,"Enypniastes eximia Théel, 1882",Enypniastes eximia,-40.4667,177.7167,2000,2000,2000,1874-07-08,1874,New Zealand,Pacífico Sur,HUMAN_OBSERVATION,5e2c9b3a-9d7c-4871-af8c-144e4f40e9d2,MBIS Marine Fauna and Flora observations around New Zealand,10.15468/pzpgop,Earth Sciences New Zealand (ESNZ),,CC-BY,http://creativecommons.org/licenses/by/4.0/legalcode,urn:catalog:SWPRON:MBIS:7338,,si
GBIF,4994870434,"Enypniastes eximia Théel, 1882",Enypniastes eximia,-40.46666,177.71666,1980,1980,1980,1874-07-08,1874,New Zealand,Pacífico Sur,PRESERVED_SPECIMEN,f2ec825d-145a-42fd-9bfe-a411a557bc47,Invertebrates (Type Specimens) of the Swedish Museum of Natural History,10.15468/uadgyw,Swedish Museum of Natural History,NRM,CC-BY,http://creativecommons.org/licenses/by/4.0/legalcode,NRM:EVtype:1458,,si
GBIF,4140622408,"Enypniastes eximia Théel, 1882",Enypniastes eximia,-35.35205,134.0515,1526.5,1509,1544,,,Australia,Océano Índico,HUMAN_OBSERVATION,5bf5a032-d602-4217-a355-4f71117a6310,"Great Australian Bight Research Program, Australia (2015-2017)",10.15468/35g64d,CSIRO National Collections and Marine Infrastructure (NCMI) Information and Data Centre (IDC),CSIRO,CC-BY,http://creativecommons.org/licenses/by/4.0/legalcode,CS-IN2015_C02-134-2549248-25425001-78,,si
GBIF,4140622411,"Enypniastes eximia Théel, 1882",Enypniastes eximia,-35.35205,134.0515,1526.5,1509,1544,,,Australia,Océano Índico,HUMAN_OBSERVATION,5bf5a032-d602-4217-a355-4f71117a6310,"Great Australian Bight Research Program, Australia (2015-2017)",10.15468/35g64d,CSIRO National Collections and Marine Infrastructure (NCMI) Information and Data Centre (IDC),CSIRO,CC-BY,http://creativecommons.org/licenses/by/4.0/legalcode,CS-IN2015_C02-134-2549248-25425001-74,,si
GBIF,4140622455,"Enypniastes eximia Théel, 1882",Enypniastes eximia,-34.5162,130.6665,1478,1473,1483,,,Australia,Océano Índico,HUMAN_OBSERVATION,5bf5a032-d602-4217-a355-4f71117a6310,"Great Australian Bight Research Program, Australia (2015-2017)",10.15468/35g64d,CSIRO National Collections and Marine Infrastructure (NCMI) Information and Data Centre (IDC),CSIRO,CC-BY,http://creativecommons.org/licenses/by/4.0/legalcode,CS-IN2015_C02-281-2549265-25425001-22,,si
GBIF,4140625992,"Enypniastes eximia Théel, 1882",Enypniastes eximia,-35.05125,131.0775,2014,1957,2071,,,Australia,Océano Índico,HUMAN_OBSERVATION,5bf5a032-d602-4217-a355-4f71117a6310,"Great Australian Bight Research Program, Australia (2015-2017)",10.15468/35g64d,CSIRO National Collections and Marine Infrastructure (NCMI) Information and Data Centre (IDC),CSIRO,CC-BY,http://creativecommons.org/licenses/by/4.0/legalcode,CS-IN2015_C02-207-2549258-25425001-47,,si
GBIF,4140625993,"Enypniastes eximia Théel, 1882",Enypniastes eximia,-35.05125,131.0775,2014,1957,2071,,,Australia,Océano Índico,HUMAN_OBSERVATION,5bf5a032-d602-4217-a355-4f71117a6310,"Great Australian Bight Research Program, Australia (2015-2017)",10.15468/35g64d,CSIRO National Collections and Marine Infrastructure (NCMI) Information and Data Centre (IDC),CSIRO,CC-BY,http://creativecommons.org/licenses/by/4.0/legalcode,CS-IN2015_C02-207-2549258-25425001-46,,si
GBIF,4140626649,"Enypniastes eximia Théel, 1882",Enypniastes eximia,-34.8556,130.711,2004,2001,2007,,,Australia,Océano Índico,HUMAN_OBSERVATION,5bf5a032-d602-4217-a355-4f71117a6310,"Great Australian Bight Research Program, Australia (2015-2017)",10.15468/35g64d,CSIRO National Collections and Marine Infrastructure (NCMI) Information and Data Centre (IDC),CSIRO,CC-BY,http://creativecommons.org/licenses/by/4.0/legalcode,CS-IN2015_C02-276-2549263-25425001-21,,si
GBIF,4147426125,"Enypniastes eximia Théel, 1882",Enypniastes eximia,-30.10667,153.5895,1200,1200,1200,,,Australia,Pacífico Sur,PRESERVED_SPECIMEN,cb01f1fc-42c4-4267-a5db-475b40ef199b,CSIRO Marine Invertebrates Image Collection (MIIC),10.15468/mt4kza,CSIRO National Collections and Marine Infrastructure (NCMI) Information and Data Centre (IDC),CSIRO,CC-BY,http://creativecommons.org/licenses/by/4.0/legalcode,urn:csiro:MIIC:MIIC-02672,,si
GBIF,5790049580,"Enypniastes eximia Théel, 1882",Enypniastes eximia,48.73,-28.65,2583.5,2547,2620,2007/2010,,,Atlántico Norte,HUMAN_OBSERVATION,7222a2bd-383c-4fd3-bdc3-d9bf363347c5,Holothuroidea,10.15468/tau3qs,Flanders Marine Institute,"P.P. Shirshov Institute of Oceanology, Russian Academy of Sciences; Zoological Institute, Russian Academy of Sciences",CC-BY,http://creativecommons.org/licenses/by/4.0/legalcode,DeepSea_Holothuroidea_6331,,si
GBIF,43711662,"Enypniastes globosa Hansen & Madsen, 1956",Enypniastes eximia,12.1666,114.932999,4500,4500,4500,1951-07-03T00:00,1951,,Pacífico Norte,PRESERVED_SPECIMEN,84c333ce-f762-11e1-a439-00145eb45e9a,"Galathea II, Danish Deep Sea Expedition 1950-52",10.15468/ouseij,"Zoological Museum, Natural History Museum of Denmark",ZMUC,CC-BY,http://creativecommons.org/licenses/by/4.0/legalcode,urn:catalog:ZMUC:Galathea II:Gal-II-185,,si
GBIF,5790049562,"Enypniastes eximia Théel, 1882",Enypniastes eximia,49.73,13.97,3250,3000,3500,1962/2014,,Czechia,Atlántico Norte,HUMAN_OBSERVATION,7222a2bd-383c-4fd3-bdc3-d9bf363347c5,Holothuroidea,10.15468/tau3qs,Flanders Marine Institute,"P.P. Shirshov Institute of Oceanology, Russian Academy of Sciences; Zoological Institute, Russian Academy of Sciences",CC-BY,http://creativecommons.org/licenses/by/4.0/legalcode,DeepSea_Holothuroidea_6329,,si
GBIF,6324258850,"Enypniastes eximia Théel, 1882",Enypniastes eximia,-46.409138,165.228082,4988.5,4797,5180,2025-02-14,2025,New Zealand,Pacífico Sur,PRESERVED_SPECIMEN,4d0b1b2a-3209-49ce-bb93-7503e4868019,Earth Sciences New Zealand National Invertebrate Collection (NIC),10.15468/6qgswo,Earth Sciences New Zealand (ESNZ),Earth Sciences New Zealand,CC-BY,http://creativecommons.org/licenses/by/4.0/legalcode,f8c4b977-c3a4-47bb-8358-3266b11b7c79,,si
GBIF,6324258894,"Enypniastes eximia Théel, 1882",Enypniastes eximia,-46.394036,165.205309,5198,5197,5199,2025-02-26,2025,New Zealand,Pacífico Sur,PRESERVED_SPECIMEN,4d0b1b2a-3209-49ce-bb93-7503e4868019,Earth Sciences New Zealand National Invertebrate Collection (NIC),10.15468/6qgswo,Earth Sciences New Zealand (ESNZ),Earth Sciences New Zealand,CC-BY,http://creativecommons.org/licenses/by/4.0/legalcode,7291db0d-69e2-43e2-9b72-1329b2a12af5,,si
GBIF,6324259829,"Enypniastes eximia Théel, 1882",Enypniastes eximia,-46.409138,165.228082,4988.5,4797,5180,2025-02-14,2025,New Zealand,Pacífico Sur,PRESERVED_SPECIMEN,4d0b1b2a-3209-49ce-bb93-7503e4868019,Earth Sciences New Zealand National Invertebrate Collection (NIC),10.15468/6qgswo,Earth Sciences New Zealand (ESNZ),Earth Sciences New Zealand,CC-BY,http://creativecommons.org/licenses/by/4.0/legalcode,419ceafc-6447-443b-be49-575183219e6f,,si
GBIF,6324260534,"Enypniastes eximia Théel, 1882",Enypniastes eximia,-48.012285,164.249674,5230,5153,5307,2025-02-12,2025,New Zealand,Pacífico Sur,PRESERVED_SPECIMEN,4d0b1b2a-3209-49ce-bb93-7503e4868019,Earth Sciences New Zealand National Invertebrate Collection (NIC),10.15468/6qgswo,Earth Sciences New Zealand (ESNZ),Earth Sciences New Zealand,CC-BY,http://creativecommons.org/licenses/by/4.0/legalcode,d0215686-622e-4ce3-8457-29d878afb833,,si
GBIF,6324263750,"Enypniastes eximia Théel, 1882",Enypniastes eximia,-48.012285,164.249674,5230,5153,5307,2025-02-12,2025,New Zealand,Pacífico Sur,PRESERVED_SPECIMEN,4d0b1b2a-3209-49ce-bb93-7503e4868019,Earth Sciences New Zealand National Invertebrate Collection (NIC),10.15468/6qgswo,Earth Sciences New Zealand (ESNZ),Earth Sciences New Zealand,CC-BY,http://creativecommons.org/licenses/by/4.0/legalcode,a9c0e1f2-7fdd-4716-8a85-3db3bb615a8f,,si
GBIF,6324259713,"Enypniastes eximia Théel, 1882",Enypniastes eximia,-46.547839,165.133486,5049,5049,5049,2025-03-09,2025,New Zealand,Pacífico Sur,PRESERVED_SPECIMEN,4d0b1b2a-3209-49ce-bb93-7503e4868019,Earth Sciences New Zealand National Invertebrate Collection (NIC),10.15468/6qgswo,Earth Sciences New Zealand (ESNZ),Earth Sciences New Zealand,CC-BY,http://creativecommons.org/licenses/by/4.0/legalcode,ca29a783-c267-4456-ae94-aee88b0d4f82,,si
GBIF,1319919834,"Enypniastes eximia Théel, 1882",Enypniastes eximia,27.8867,-142.013,5000,5000,5000,2003-10-09,2003,,Pacífico Norte,PRESERVED_SPECIMEN,821cc27a-e3bb-4bc5-ac34-89ada245069d,NMNH Extant Biology,10.15468/hnhrg3,"National Museum of Natural History, Smithsonian Institution",USNM,CC0,http://creativecommons.org/publicdomain/zero/1.0/legalcode,http://n2t.net/ark:/65665/378340ddc-5513-4298-a709-e6c320b3a7fe,,si
GBIF,4903109070,"Enypniastes eximia Théel, 1882",Enypniastes eximia,48.865855,-16.55833,4844,4843,4845,1991-05-24T01:05Z/1991-05-24T03:55Z,1991,,Atlántico Norte,PRESERVED_SPECIMEN,726468ea-c99d-4da0-aebd-b56c6d034ac0,PAP-TRAWL,10.15468/9bcmx7,The Discovery Collections,NOC,CC-BY,http://creativecommons.org/licenses/by/4.0/legalcode,NOC.DISCOLL.52701.042.Holothuroidea.9.1,,si
GBIF,6324262462,"Enypniastes eximia Théel, 1882",Enypniastes eximia,-47.543851,164.68506,5400,4956,5844,2025-02-11,2025,New Zealand,Pacífico Sur,PRESERVED_SPECIMEN,4d0b1b2a-3209-49ce-bb93-7503e4868019,Earth Sciences New Zealand National Invertebrate Collection (NIC),10.15468/6qgswo,Earth Sciences New Zealand (ESNZ),Earth Sciences New Zealand,CC-BY,http://creativecommons.org/licenses/by/4.0/legalcode,b517fb0b-ed60-4082-9cc4-565c61b1b9ad,,si
GBIF,6324263557,"Enypniastes eximia Théel, 1882",Enypniastes eximia,-46.869001,165.006964,5341,5301,5381,2025-02-23,2025,New Zealand,Pacífico Sur,PRESERVED_SPECIMEN,4d0b1b2a-3209-49ce-bb93-7503e4868019,Earth Sciences New Zealand National Invertebrate Collection (NIC),10.15468/6qgswo,Earth Sciences New Zealand (ESNZ),Earth Sciences New Zealand,CC-BY,http://creativecommons.org/licenses/by/4.0/legalcode,fe286cc0-e13d-4e51-b45f-834a307724df,,si
GBIF,6324263650,"Enypniastes eximia Théel, 1882",Enypniastes eximia,-46.868337,164.965219,5375.5,5365,5386,2025-02-01,2025,New Zealand,Pacífico Sur,PRESERVED_SPECIMEN,4d0b1b2a-3209-49ce-bb93-7503e4868019,Earth Sciences New Zealand National Invertebrate Collection (NIC),10.15468/6qgswo,Earth Sciences New Zealand (ESNZ),Earth Sciences New Zealand,CC-BY,http://creativecommons.org/licenses/by/4.0/legalcode,086ba8ab-b54c-492a-ae15-23c73c825e45,,si
GBIF,6324259381,"Enypniastes eximia Théel, 1882",Enypniastes eximia,-47.297516,164.780671,5288,4887,5689,2025-03-06,2025,New Zealand,Pacífico Sur,PRESERVED_SPECIMEN,4d0b1b2a-3209-49ce-bb93-7503e4868019,Earth Sciences New Zealand National Invertebrate Collection (NIC),10.15468/6qgswo,Earth Sciences New Zealand (ESNZ),Earth Sciences New Zealand,CC-BY,http://creativecommons.org/licenses/by/4.0/legalcode,fe19db95-a228-4d2a-9bd7-041328ba3423,,si
GBIF,6324259891,"Enypniastes eximia Théel, 1882",Enypniastes eximia,-46.867404,164.997289,5402.5,5402,5403,2025-03-13,2025,New Zealand,Pacífico Sur,PRESERVED_SPECIMEN,4d0b1b2a-3209-49ce-bb93-7503e4868019,Earth Sciences New Zealand National Invertebrate Collection (NIC),10.15468/6qgswo,Earth Sciences New Zealand (ESNZ),Earth Sciences New Zealand,CC-BY,http://creativecommons.org/licenses/by/4.0/legalcode,b0cf9688-63cc-4e79-befd-2fe1d4409840,,si
GBIF,6324262871,"Enypniastes eximia Théel, 1882",Enypniastes eximia,-47.297516,164.780671,5288,4887,5689,2025-03-06,2025,New Zealand,Pacífico Sur,PRESERVED_SPECIMEN,4d0b1b2a-3209-49ce-bb93-7503e4868019,Earth Sciences New Zealand National Invertebrate Collection (NIC),10.15468/6qgswo,Earth Sciences New Zealand (ESNZ),Earth Sciences New Zealand,CC-BY,http://creativecommons.org/licenses/by/4.0/legalcode,89c6f34d-dd68-45d8-8579-c0d57b710317,,si
GBIF,6324263707,"Enypniastes eximia Théel, 1882",Enypniastes eximia,-46.867404,164.997289,5402.5,5402,5403,2025-03-13,2025,New Zealand,Pacífico Sur,PRESERVED_SPECIMEN,4d0b1b2a-3209-49ce-bb93-7503e4868019,Earth Sciences New Zealand National Invertebrate Collection (NIC),10.15468/6qgswo,Earth Sciences New Zealand (ESNZ),Earth Sciences New Zealand,CC-BY,http://creativecommons.org/licenses/by/4.0/legalcode,2448b9a4-85f5-4c24-855b-8483a1dd31b3,,si
GBIF,6324263794,"Enypniastes eximia Théel, 1882",Enypniastes eximia,-46.867404,164.997289,5402.5,5402,5403,2025-03-13,2025,New Zealand,Pacífico Sur,PRESERVED_SPECIMEN,4d0b1b2a-3209-49ce-bb93-7503e4868019,Earth Sciences New Zealand National Invertebrate Collection (NIC),10.15468/6qgswo,Earth Sciences New Zealand (ESNZ),Earth Sciences New Zealand,CC-BY,http://creativecommons.org/licenses/by/4.0/legalcode,f91df151-d5ef-4c34-ab0f-0a1e12e42027,,si
GBIF,6324263531,"Enypniastes eximia Théel, 1882",Enypniastes eximia,-47.881436,164.497882,5783,5495,6071,2025-02-13,2025,New Zealand,Pacífico Sur,PRESERVED_SPECIMEN,4d0b1b2a-3209-49ce-bb93-7503e4868019,Earth Sciences New Zealand National Invertebrate Collection (NIC),10.15468/6qgswo,Earth Sciences New Zealand (ESNZ),Earth Sciences New Zealand,CC-BY,http://creativecommons.org/licenses/by/4.0/legalcode,1ea4aa91-03d5-4dc9-8120-ee9fab6baf1b,,si
GBIF,5189180739,"Enypniastes eximia Théel, 1882",Enypniastes eximia,-30.56899,-177.0999,5920,5823,6017,2022-11-01,2022,New Zealand,Pacífico Sur,PRESERVED_SPECIMEN,4d0b1b2a-3209-49ce-bb93-7503e4868019,Earth Sciences New Zealand National Invertebrate Collection (NIC),10.15468/6qgswo,Earth Sciences New Zealand (ESNZ),Earth Sciences New Zealand,CC-BY,http://creativecommons.org/licenses/by/4.0/legalcode,a7087995-1eac-49b8-afec-ec73c3bc2984,,si
GBIF,6324263623,"Enypniastes eximia Théel, 1882",Enypniastes eximia,-47.766293,164.548056,6023.5,6023,6024,2025-02-27,2025,New Zealand,Pacífico Sur,PRESERVED_SPECIMEN,4d0b1b2a-3209-49ce-bb93-7503e4868019,Earth Sciences New Zealand National Invertebrate Collection (NIC),10.15468/6qgswo,Earth Sciences New Zealand (ESNZ),Earth Sciences New Zealand,CC-BY,http://creativecommons.org/licenses/by/4.0/legalcode,c39d2e5d-4bfb-4855-adec-df6d0f4e3ee0,,si
GBIF,6324258953,"Enypniastes eximia Théel, 1882",Enypniastes eximia,-48.184309,164.451744,6151,6132,6170,2025-03-13,2025,New Zealand,Pacífico Sur,PRESERVED_SPECIMEN,4d0b1b2a-3209-49ce-bb93-7503e4868019,Earth Sciences New Zealand National Invertebrate Collection (NIC),10.15468/6qgswo,Earth Sciences New Zealand (ESNZ),Earth Sciences New Zealand,CC-BY,http://creativecommons.org/licenses/by/4.0/legalcode,99c407b4-1a93-42a3-84cb-58ab817cfda0,,si
GBIF,6324261603,"Enypniastes eximia Théel, 1882",Enypniastes eximia,-49.144259,163.964585,6008,6008,6008,2025-03-05,2025,New Zealand,Pacífico Sur,PRESERVED_SPECIMEN,4d0b1b2a-3209-49ce-bb93-7503e4868019,Earth Sciences New Zealand National Invertebrate Collection (NIC),10.15468/6qgswo,Earth Sciences New Zealand (ESNZ),Earth Sciences New Zealand,CC-BY,http://creativecommons.org/licenses/by/4.0/legalcode,b17602c4-d92f-4ca1-a6ff-29e6d31ada99,,si
GBIF,6324262687,"Enypniastes eximia Théel, 1882",Enypniastes eximia,-48.47314,164.33814,6111.5,6027,6196,2025-03-05,2025,New Zealand,Pacífico Sur,PRESERVED_SPECIMEN,4d0b1b2a-3209-49ce-bb93-7503e4868019,Earth Sciences New Zealand National Invertebrate Collection (NIC),10.15468/6qgswo,Earth Sciences New Zealand (ESNZ),Earth Sciences New Zealand,CC-BY,http://creativecommons.org/licenses/by/4.0/legalcode,15086b2a-c8a3-4b4d-9a42-4782984790cf,,si
OBIS,0fcefced-2fe8-472d-b4de-14faf881913e,Enypniastes eximia,Enypniastes eximia,-33.7758,167.488,1445.5,1431,1460,2003-05-28,2003,,Pacífico Sur,PreservedSpecimen,d104db68-63cf-4f34-b92a-54bd55a07394,Museums Victoria Marine Invertebrates Collection,,"CSIRO Oceans and Atmosphere Information and Data Centre, Hobart; Museums Victoria; CSIRO National Collections and Marine Infrastructure",NMV,CC-BY,This work is licensed under a  Creative Commons Attribution (CC-BY) 4.0 License,F98721,,si
OBIS,19b78b08-6433-40e5-bef3-5db571f7e895,Enypniastes eximia,Enypniastes eximia,34.9169998169,138.766998291,1076,914,1238,1900-05-10T12:00:00Z,1900,Japan,Pacífico Norte,PreservedSpecimen,89e23fc8-3f61-4480-9de3-358fe6eefe0b,National Museum of Natural History Invertebrate Zoology Collections,,"Intergovernmental Oceanographic Commission of UNESCO; National Museum of Natural History, Smithsonian Institution",USNM,CC-BY,This work is licensed under a  Creative Commons Attribution (CC-BY) 4.0 License,,,si
OBIS,24269c36-8d2d-4f63-938e-1c022fc2dabf,Enypniastes eximia,Enypniastes eximia,20.9016704559,-18.2433300018,2112.5,2080,2145,1987-07-06T12:00:00Z,1987,Mauritania,Atlántico Norte,PreservedSpecimen,89e23fc8-3f61-4480-9de3-358fe6eefe0b,National Museum of Natural History Invertebrate Zoology Collections,,"Intergovernmental Oceanographic Commission of UNESCO; National Museum of Natural History, Smithsonian Institution",USNM,CC-BY,This work is licensed under a  Creative Commons Attribution (CC-BY) 4.0 License,,,si
OBIS,29d5a9c8-fd88-4774-937b-3c966743b4d5,Enypniastes eximia,Enypniastes eximia,-35.4,165.3,933,931,935,2013-07-11,2013,High Seas,Pacífico Sur,PreservedSpecimen,2c6db58f-ae91-4a17-9f0f-7db28506b94f,Earth Sciences New Zealand National Invertebrate Collection (NIC),,,Earth Sciences New Zealand,CC-BY,This work is licensed under a  Creative Commons Attribution (CC-BY) 4.0 License,35c3bdff-8d9f-11eb-bd85-005056856f6a,,si
OBIS,2c4322b6-cd14-4292-9f2b-845358e0a622,Enypniastes eximia,Enypniastes eximia,-14.7906,95.6831,1438,1426,1450,2022-10-26 19:46,2022,Australia,Océano Índico,PreservedSpecimen,34a97fab-4eef-4e4f-a211-33d719c1b174,A report of sea cucumbers collected on the first dedicated deep-sea biological survey of Australia's Indian Ocean Territories around Christmas and Cocos (Keeling) Islands (Echinodermata: Holothuroidea) (2021-2022),,CSIRO National Collections and Marine Infrastructure,Museums Victoria,CC-BY,This work is licensed under a  Creative Commons Attribution (CC-BY 4.0) License,NMV F308331,,si
OBIS,36d89854-df64-467d-ab77-11dee320bcb4,Enypniastes eximia,Enypniastes eximia,13.7074474,-132.8080226,5103,5103,5103,2015-08-17T00:00:00,2015,,Pacífico Norte,HumanObservation,93726e4a-940c-4dda-9519-0fbe9eb5f067,TOMLPMN12024 Env Template 20220212 Bio,,International Seabed Authority,,CC-BY,Attribution 3.0 IGO (CC BY 3.0 IGO),CCZ-15__TL_02_TL_02.NOC.mgf_img.2015_08_17_024556.jpg_2,,si
OBIS,3ec7961f-6adb-41ff-8da0-55794851d7c0,Enypniastes,,-6.306667,119.6075,948,936,960,1985-02-13T12:13:30+08:00,1985,Indonesia,Pacífico Sur,PreservedSpecimen,04e3fd32-b08b-4806-a016-d2dff52ae55a,Asia-Pacific Dataset,,"Japan Agency for Marine-Earth Science and Technology, Yokosuka; Frontier Research Center for Global Change/JAMSTEC",S9-5,CC-BY,http://creativecommons.org/licenses/by/4.0/legalcode,urn:catalog:S9-5:Asia-Pacific:Ho87.0669,,si
OBIS,3f25ba6a-1eca-46ef-accd-ab99789d09eb,Enypniastes eximia,Enypniastes eximia,-10.7909,99.6108,1974,1957,1991,2022-10-10 18:28,2022,Australia,Océano Índico,PreservedSpecimen,34a97fab-4eef-4e4f-a211-33d719c1b174,A report of sea cucumbers collected on the first dedicated deep-sea biological survey of Australia's Indian Ocean Territories around Christmas and Cocos (Keeling) Islands (Echinodermata: Holothuroidea) (2021-2022),,CSIRO National Collections and Marine Infrastructure,Museums Victoria,CC-BY,This work is licensed under a  Creative Commons Attribution (CC-BY 4.0) License,NMV F308201,,si
OBIS,4db11ef9-b897-4a37-a314-dd65ff0063e5,Enypniastes eximia,Enypniastes eximia,35.033000946,138.75,986.5,878,1095,1900-05-17T12:00:00Z,1900,Japan,Pacífico Norte,PreservedSpecimen,89e23fc8-3f61-4480-9de3-358fe6eefe0b,National Museum of Natural History Invertebrate Zoology Collections,,"Intergovernmental Oceanographic Commission of UNESCO; National Museum of Natural History, Smithsonian Institution",USNM,CC-BY,This work is licensed under a  Creative Commons Attribution (CC-BY) 4.0 License,,,si
OBIS,771ca67c-d457-4e26-8bfc-bec8fa36b787,Enypniastes eximia,Enypniastes eximia,15.2366246,-129.605826,4909,4909,4909,2015-08-29T00:00:00,2015,,Pacífico Norte,HumanObservation,93726e4a-940c-4dda-9519-0fbe9eb5f067,TOMLPMN12024 Env Template 20220212 Bio,,International Seabed Authority,,CC-BY,Attribution 3.0 IGO (CC BY 3.0 IGO),CCZ-15__TL_05_TL_05.NOC.mgf_img.2015_08_29_143259.jpg_1,,si
OBIS,7b75881c-2576-4145-89fc-d5697ddc835d,Enypniastes eximia,Enypniastes eximia,-39.817833,167.263167,970,960,980,2018-07-05T02:59/2018-07-03T03:15,2018,,Pacífico Sur,HumanObservation,50903a57-ee9f-4367-b2cd-0b36dcf4a6ad,Catch data from New Zealand research trawls since 2008,,National Institute for Water & Atmospheric Research,MPI,CC-BY,This work is licensed under a  Creative Commons Attribution (CC-BY) 4.0 License,thh1801/37/EEX,,si
OBIS,867ce528-5757-4dc4-95a0-a9760c9617a0,Enypniastes eximia,Enypniastes eximia,13.68357,-57.56688,4855,4855,4855,2012-06-10,2012,,Atlántico Norte,PreservedSpecimen,e130c58b-3f35-4353-93ec-1b7ad028325f,"Barbados deep sea biodiversity data sourced from literature, cruise reports and databases",,,,CC-BY,This work is licensed under a  Creative Commons Attribution (CC-BY 4.0) License,852d37c9-0359-406c-a22e-64fe11769c45,,si
OBIS,952d1632-8a38-4493-bd68-4a072e5621c5,Enypniastes eximia,Enypniastes eximia,34.9169998169,138.766998291,1076,914,1238,1900-05-10T12:00:00Z,1900,Japan,Pacífico Norte,PreservedSpecimen,89e23fc8-3f61-4480-9de3-358fe6eefe0b,National Museum of Natural History Invertebrate Zoology Collections,,"Intergovernmental Oceanographic Commission of UNESCO; National Museum of Natural History, Smithsonian Institution",USNM,CC-BY,This work is licensed under a  Creative Commons Attribution (CC-BY) 4.0 License,,,si
OBIS,cff121f0-e82c-411c-b28d-da2606e93e03,Enypniastes eximia,Enypniastes eximia,-32.6039,167.785,947.5,926,969,2003-05-31,2003,,Pacífico Sur,PreservedSpecimen,d104db68-63cf-4f34-b92a-54bd55a07394,Museums Victoria Marine Invertebrates Collection,,"CSIRO Oceans and Atmosphere Information and Data Centre, Hobart; Museums Victoria; CSIRO National Collections and Marine Infrastructure",NMV,CC-BY,This work is licensed under a  Creative Commons Attribution (CC-BY) 4.0 License,F98717,,si
OBIS,e1727659-d0fd-4ca1-96f4-1306c82a1f63,Enypniastes eximia,Enypniastes eximia,13.7181896,-132.7836077,5081,5081,5081,2015-08-17T00:00:00,2015,,Pacífico Norte,HumanObservation,93726e4a-940c-4dda-9519-0fbe9eb5f067,TOMLPMN12024 Env Template 20220212 Bio,,International Seabed Authority,,CC-BY,Attribution 3.0 IGO (CC BY 3.0 IGO),CCZ-15__TL_02_TL_02.NOC.mgf_img.2015_08_17_035704.jpg_2,,si
OBIS,fec4bcc7-7507-47cb-a39f-2f888ff9dbfe,Enypniastes eximia,Enypniastes eximia,31.6499996185,129.341674805,708.5,675,742,1906-08-11T12:00:00Z,1906,Japan,Pacífico Norte,PreservedSpecimen,89e23fc8-3f61-4480-9de3-358fe6eefe0b,National Museum of Natural History Invertebrate Zoology Collections,,"Intergovernmental Oceanographic Commission of UNESCO; National Museum of Natural History, Smithsonian Institution",USNM,CC-BY,This work is licensed under a  Creative Commons Attribution (CC-BY) 4.0 License,,,si
