source,id,scientificName,species,decimalLatitude,decimalLongitude,depth,minimumDepthInMeters,maximumDepthInMeters,eventDate,year,country,region,basisOfRecord,datasetKey,datasetName,datasetDOI,publisher,institutionCode,license,license_raw,occurrenceID,qc_flags,usable_mapa
GBIF,6352317080,"Graneledone verrucosa (A.E.Verrill, 1881)",Graneledone verrucosa,63.1875,-60.265717,,,,2026-05-29T23:40,2026,Canada,Atlántico Norte,HUMAN_OBSERVATION,50c9509d-22c7-4a22-a47d-8c48425ef4a7,iNaturalist research-grade observations,10.15468/ab3s5x,iNaturalist.org,iNaturalist,CC-BY,http://creativecommons.org/licenses/by/4.0/legalcode,https://www.inaturalist.org/observations/367541817,sin_profundidad,si
GBIF,6045629537,"Graneledone taniwha O'Shea, 1999",Graneledone taniwha,-46.427,170.806,1047.5,1035,1060,2024-02-12,2024,New Zealand,Pacífico Sur,PRESERVED_SPECIMEN,ff2ed94e-45ee-4dde-8e1f-0a4798f61a12,Mollusc collection at Museum of New Zealand Te Papa Tongarewa,10.15468/msce6x,Museum of New Zealand Te Papa Tongarewa,NMNZ,CC-BY,http://creativecommons.org/licenses/by/4.0/legalcode,tepapa:collection/object/2278398,,si
GBIF,6324258896,"Graneledone taniwha O'Shea, 1999",Graneledone taniwha,-46.426167,170.8085,1047.5,1035,1060,2024-02-12,2024,New Zealand,Pacífico Sur,PRESERVED_SPECIMEN,4d0b1b2a-3209-49ce-bb93-7503e4868019,Earth Sciences New Zealand National Invertebrate Collection (NIC),10.15468/6qgswo,Earth Sciences New Zealand (ESNZ),Earth Sciences New Zealand,CC-BY,http://creativecommons.org/licenses/by/4.0/legalcode,98bc1ede-e400-4e06-8b69-3ab84e3bde3a,,si
GBIF,6216602408,"Graneledone antarctica G.L.Voss, 1976",Graneledone antarctica,-50.668,74.798,,,,2023-03-30,2023,Heard Island and McDonald Islands,Océano Índico,PRESERVED_SPECIMEN,a79c2b50-6c8a-11de-8226-b8a03c50a862,Queensland Museum provider for OZCAM,10.15468/lotsye,Queensland Museum,QM,CC-BY,http://creativecommons.org/licenses/by/4.0/legalcode,7f889587-c0a2-4266-995e-49dff3af482a,sin_profundidad,si
GBIF,6257918593,"Graneledone boreopacifica Nesis, 1982",Graneledone boreopacifica,47.29665,-125.273982,1631.49,1631.49,1631.49,2023-04-24T20:10:23,2023,United States of America,Pacífico Norte,MACHINE_OBSERVATION,b7584a87-d359-429c-bc7b-d19ee7b64677,Okeanos Explorer (EX2301): 2023 Shakedown + EXPRESS West Coast Exploration,10.15468/adse9x,NOAA Ocean Exploration,NOAA Ocean Exploration,CC-BY,http://creativecommons.org/licenses/by/4.0/legalcode,2605cc25-695c-448e-aecc-ef925c943d42,,si
GBIF,6257918739,"Graneledone Joubin, 1918",,46.488969,-125.806985,2528.99,2528.99,2528.99,2023-04-23T17:10:34,2023,United States of America,Pacífico Norte,MACHINE_OBSERVATION,b7584a87-d359-429c-bc7b-d19ee7b64677,Okeanos Explorer (EX2301): 2023 Shakedown + EXPRESS West Coast Exploration,10.15468/adse9x,NOAA Ocean Exploration,NOAA Ocean Exploration,CC-BY,http://creativecommons.org/licenses/by/4.0/legalcode,9903c439-dbcb-495b-925f-6c7e44c7babe,,si
GBIF,6257919653,"Graneledone boreopacifica Nesis, 1982",Graneledone boreopacifica,47.296411,-125.273834,1650.39,1650.39,1650.39,2023-04-24T19:46:02,2023,United States of America,Pacífico Norte,MACHINE_OBSERVATION,b7584a87-d359-429c-bc7b-d19ee7b64677,Okeanos Explorer (EX2301): 2023 Shakedown + EXPRESS West Coast Exploration,10.15468/adse9x,NOAA Ocean Exploration,NOAA Ocean Exploration,CC-BY,http://creativecommons.org/licenses/by/4.0/legalcode,da3b807a-d707-43fa-ed61-d3b742eeeb1e,,si
GBIF,6257921839,"Graneledone boreopacifica Nesis, 1982",Graneledone boreopacifica,41.494683,-125.096166,2338.99,2338.99,2338.99,2023-04-20T20:54:52,2023,United States of America,Pacífico Norte,MACHINE_OBSERVATION,b7584a87-d359-429c-bc7b-d19ee7b64677,Okeanos Explorer (EX2301): 2023 Shakedown + EXPRESS West Coast Exploration,10.15468/adse9x,NOAA Ocean Exploration,NOAA Ocean Exploration,CC-BY,http://creativecommons.org/licenses/by/4.0/legalcode,1ae921f9-5606-4b26-f76b-bfeb8fedeb1e,,si
GBIF,6257923197,"Graneledone boreopacifica Nesis, 1982",Graneledone boreopacifica,47.29698,-125.274479,1591.7,1591.7,1591.7,2023-04-24T22:20:48,2023,United States of America,Pacífico Norte,MACHINE_OBSERVATION,b7584a87-d359-429c-bc7b-d19ee7b64677,Okeanos Explorer (EX2301): 2023 Shakedown + EXPRESS West Coast Exploration,10.15468/adse9x,NOAA Ocean Exploration,NOAA Ocean Exploration,CC-BY,http://creativecommons.org/licenses/by/4.0/legalcode,f3a0e335-9494-414c-b02c-cb1cbc8b2b1c,,si
GBIF,6257924435,"Graneledone boreopacifica Nesis, 1982",Graneledone boreopacifica,41.494056,-125.097635,2406.34,2406.34,2406.34,2023-04-20T18:05:26,2023,United States of America,Pacífico Norte,MACHINE_OBSERVATION,b7584a87-d359-429c-bc7b-d19ee7b64677,Okeanos Explorer (EX2301): 2023 Shakedown + EXPRESS West Coast Exploration,10.15468/adse9x,NOAA Ocean Exploration,NOAA Ocean Exploration,CC-BY,http://creativecommons.org/licenses/by/4.0/legalcode,f2931bf9-9124-422e-870b-2c6621e82b0b,,si
GBIF,6257925045,"Graneledone boreopacifica Nesis, 1982",Graneledone boreopacifica,41.494366,-125.096969,2369.06,2369.06,2369.06,2023-04-20T18:51:19,2023,United States of America,Pacífico Norte,MACHINE_OBSERVATION,b7584a87-d359-429c-bc7b-d19ee7b64677,Okeanos Explorer (EX2301): 2023 Shakedown + EXPRESS West Coast Exploration,10.15468/adse9x,NOAA Ocean Exploration,NOAA Ocean Exploration,CC-BY,http://creativecommons.org/licenses/by/4.0/legalcode,64234854-718a-43a1-b10e-dda0eb5538c5,,si
GBIF,6257925078,"Graneledone boreopacifica Nesis, 1982",Graneledone boreopacifica,41.494083,-125.097317,2395.2,2395.2,2395.2,2023-04-20T18:22:01,2023,United States of America,Pacífico Norte,MACHINE_OBSERVATION,b7584a87-d359-429c-bc7b-d19ee7b64677,Okeanos Explorer (EX2301): 2023 Shakedown + EXPRESS West Coast Exploration,10.15468/adse9x,NOAA Ocean Exploration,NOAA Ocean Exploration,CC-BY,http://creativecommons.org/licenses/by/4.0/legalcode,a7325504-584b-46a3-306a-07e18fedeb1e,,si
GBIF,6257925448,"Graneledone boreopacifica Nesis, 1982",Graneledone boreopacifica,41.494417,-125.097016,2375.88,2375.88,2375.88,2023-04-20T18:47:41,2023,United States of America,Pacífico Norte,MACHINE_OBSERVATION,b7584a87-d359-429c-bc7b-d19ee7b64677,Okeanos Explorer (EX2301): 2023 Shakedown + EXPRESS West Coast Exploration,10.15468/adse9x,NOAA Ocean Exploration,NOAA Ocean Exploration,CC-BY,http://creativecommons.org/licenses/by/4.0/legalcode,616825ad-2f24-49d4-8c2b-82eb2830c157,,si
GBIF,6257927038,"Graneledone boreopacifica Nesis, 1982",Graneledone boreopacifica,41.494916,-125.095294,2314.66,2314.66,2314.66,2023-04-20T22:11:16,2023,United States of America,Pacífico Norte,MACHINE_OBSERVATION,b7584a87-d359-429c-bc7b-d19ee7b64677,Okeanos Explorer (EX2301): 2023 Shakedown + EXPRESS West Coast Exploration,10.15468/adse9x,NOAA Ocean Exploration,NOAA Ocean Exploration,CC-BY,http://creativecommons.org/licenses/by/4.0/legalcode,deef06d3-5d11-474e-91ee-fe5e330d5b38,,si
GBIF,6257929451,"Graneledone boreopacifica Nesis, 1982",Graneledone boreopacifica,41.494247,-125.097137,2383.91,2383.91,2383.91,2023-04-20T18:39:47,2023,United States of America,Pacífico Norte,MACHINE_OBSERVATION,b7584a87-d359-429c-bc7b-d19ee7b64677,Okeanos Explorer (EX2301): 2023 Shakedown + EXPRESS West Coast Exploration,10.15468/adse9x,NOAA Ocean Exploration,NOAA Ocean Exploration,CC-BY,http://creativecommons.org/licenses/by/4.0/legalcode,8657931b-daa1-4483-95c2-08159803f2f9,,si
GBIF,6257930687,"Graneledone boreopacifica Nesis, 1982",Graneledone boreopacifica,41.494689,-125.096176,2338.96,2338.96,2338.96,2023-04-20T20:54,2023,United States of America,Pacífico Norte,MACHINE_OBSERVATION,b7584a87-d359-429c-bc7b-d19ee7b64677,Okeanos Explorer (EX2301): 2023 Shakedown + EXPRESS West Coast Exploration,10.15468/adse9x,NOAA Ocean Exploration,NOAA Ocean Exploration,CC-BY,http://creativecommons.org/licenses/by/4.0/legalcode,b9cdfb51-1097-4b97-9111-740198e10782,,si
GBIF,6257934432,"Graneledone boreopacifica Nesis, 1982",Graneledone boreopacifica,47.296964,-125.274439,1598.66,1598.66,1598.66,2023-04-24T22:07:45,2023,United States of America,Pacífico Norte,MACHINE_OBSERVATION,b7584a87-d359-429c-bc7b-d19ee7b64677,Okeanos Explorer (EX2301): 2023 Shakedown + EXPRESS West Coast Exploration,10.15468/adse9x,NOAA Ocean Exploration,NOAA Ocean Exploration,CC-BY,http://creativecommons.org/licenses/by/4.0/legalcode,78b7c029-808d-4b27-a41b-01b4de481e19,,si
GBIF,6243128349,"Graneledone boreopacifica Nesis, 1982",Graneledone boreopacifica,54.137451,-137.380536,1376.52,1376.52,1376.52,2023-08-31T19:39:54,2023,United States of America,Pacífico Norte,MACHINE_OBSERVATION,f0bb28ad-fd47-44a1-87db-6e0fbcee5737,Okeanos Explorer (EX2306): Seascape Alaska 5: Gulf of Alaska Remotely Operated Vehicle Exploration and Mapping,10.15468/gr46mr,NOAA Ocean Exploration,NOAA Ocean Exploration,CC-BY,http://creativecommons.org/licenses/by/4.0/legalcode,aa7f10e6-762e-455c-7e6e-091283fee81e,,si
GBIF,6243133441,"Graneledone boreopacifica Nesis, 1982",Graneledone boreopacifica,54.137464,-137.380519,1376.55,1376.55,1376.55,2023-08-31T19:40:47,2023,United States of America,Pacífico Norte,MACHINE_OBSERVATION,f0bb28ad-fd47-44a1-87db-6e0fbcee5737,Okeanos Explorer (EX2306): Seascape Alaska 5: Gulf of Alaska Remotely Operated Vehicle Exploration and Mapping,10.15468/gr46mr,NOAA Ocean Exploration,NOAA Ocean Exploration,CC-BY,http://creativecommons.org/licenses/by/4.0/legalcode,d5d71cac-1dbc-4f6f-2467-701283fee81e,,si
GBIF,6243135738,"Graneledone boreopacifica Nesis, 1982",Graneledone boreopacifica,54.135309,-137.385308,1274.29,1274.29,1274.29,2023-08-31T23:17:57,2023,United States of America,Pacífico Norte,MACHINE_OBSERVATION,f0bb28ad-fd47-44a1-87db-6e0fbcee5737,Okeanos Explorer (EX2306): Seascape Alaska 5: Gulf of Alaska Remotely Operated Vehicle Exploration and Mapping,10.15468/gr46mr,NOAA Ocean Exploration,NOAA Ocean Exploration,CC-BY,http://creativecommons.org/licenses/by/4.0/legalcode,f10fd732-80d0-4c17-a060-01eabd6bec1e,,si
GBIF,6243142169,"Graneledone boreopacifica Nesis, 1982",Graneledone boreopacifica,54.137462,-137.380534,1376.56,1376.56,1376.56,2023-08-31T19:38:57,2023,United States of America,Pacífico Norte,MACHINE_OBSERVATION,f0bb28ad-fd47-44a1-87db-6e0fbcee5737,Okeanos Explorer (EX2306): Seascape Alaska 5: Gulf of Alaska Remotely Operated Vehicle Exploration and Mapping,10.15468/gr46mr,NOAA Ocean Exploration,NOAA Ocean Exploration,CC-BY,http://creativecommons.org/licenses/by/4.0/legalcode,77c5b63c-f8cf-4bb9-2b6a-d61183fee81e,,si
GBIF,6243146092,"Graneledone boreopacifica Nesis, 1982",Graneledone boreopacifica,54.137455,-137.380565,1376.53,1376.53,1376.53,2023-08-31T19:40:15,2023,United States of America,Pacífico Norte,MACHINE_OBSERVATION,f0bb28ad-fd47-44a1-87db-6e0fbcee5737,Okeanos Explorer (EX2306): Seascape Alaska 5: Gulf of Alaska Remotely Operated Vehicle Exploration and Mapping,10.15468/gr46mr,NOAA Ocean Exploration,NOAA Ocean Exploration,CC-BY,http://creativecommons.org/licenses/by/4.0/legalcode,773ff17c-2427-49d5-d162-3d1283fee81e,,si
GBIF,6243157543,"Graneledone boreopacifica Nesis, 1982",Graneledone boreopacifica,54.13745,-137.380537,1376.59,1376.59,1376.59,2023-08-31T19:38:37,2023,United States of America,Pacífico Norte,MACHINE_OBSERVATION,f0bb28ad-fd47-44a1-87db-6e0fbcee5737,Okeanos Explorer (EX2306): Seascape Alaska 5: Gulf of Alaska Remotely Operated Vehicle Exploration and Mapping,10.15468/gr46mr,NOAA Ocean Exploration,NOAA Ocean Exploration,CC-BY,http://creativecommons.org/licenses/by/4.0/legalcode,ba3f4a2a-cc8d-44c0-9869-991183fee81e,,si
GBIF,6243124740,"Graneledone boreopacifica Nesis, 1982",Graneledone boreopacifica,59.073242,-147.011596,1753.49,1753.49,1753.49,2023-09-12T22:35:19,2023,United States of America,Pacífico Norte,MACHINE_OBSERVATION,f0bb28ad-fd47-44a1-87db-6e0fbcee5737,Okeanos Explorer (EX2306): Seascape Alaska 5: Gulf of Alaska Remotely Operated Vehicle Exploration and Mapping,10.15468/gr46mr,NOAA Ocean Exploration,NOAA Ocean Exploration,CC-BY,http://creativecommons.org/licenses/by/4.0/legalcode,837a64cc-951a-48d4-a363-262ce062e91e,,si
GBIF,6243125563,"Graneledone boreopacifica Nesis, 1982",Graneledone boreopacifica,59.073048,-147.011424,1741.21,1741.21,1741.21,2023-09-12T23:04:11,2023,United States of America,Pacífico Norte,MACHINE_OBSERVATION,f0bb28ad-fd47-44a1-87db-6e0fbcee5737,Okeanos Explorer (EX2306): Seascape Alaska 5: Gulf of Alaska Remotely Operated Vehicle Exploration and Mapping,10.15468/gr46mr,NOAA Ocean Exploration,NOAA Ocean Exploration,CC-BY,http://creativecommons.org/licenses/by/4.0/legalcode,8737a05e-c8ee-4a45-1569-0f31e062e91e,,si
GBIF,6243125686,"Graneledone boreopacifica Nesis, 1982",Graneledone boreopacifica,59.073287,-147.011345,1751.04,1751.04,1751.04,2023-09-12T22:44:59,2023,United States of America,Pacífico Norte,MACHINE_OBSERVATION,f0bb28ad-fd47-44a1-87db-6e0fbcee5737,Okeanos Explorer (EX2306): Seascape Alaska 5: Gulf of Alaska Remotely Operated Vehicle Exploration and Mapping,10.15468/gr46mr,NOAA Ocean Exploration,NOAA Ocean Exploration,CC-BY,http://creativecommons.org/licenses/by/4.0/legalcode,90340002-5077-4b16-946e-8f2ee062e91e,,si
GBIF,6243127703,"Graneledone boreopacifica Nesis, 1982",Graneledone boreopacifica,59.0746,-147.012833,1864.43,1864.43,1864.43,2023-09-12T19:14:12,2023,United States of America,Pacífico Norte,MACHINE_OBSERVATION,f0bb28ad-fd47-44a1-87db-6e0fbcee5737,Okeanos Explorer (EX2306): Seascape Alaska 5: Gulf of Alaska Remotely Operated Vehicle Exploration and Mapping,10.15468/gr46mr,NOAA Ocean Exploration,NOAA Ocean Exploration,CC-BY,http://creativecommons.org/licenses/by/4.0/legalcode,49e0f980-3737-4398-2c69-9d0fe062e91e,,si
GBIF,6243127739,"Graneledone boreopacifica Nesis, 1982",Graneledone boreopacifica,59.073292,-147.011507,1755.11,1755.11,1755.11,2023-09-12T22:33:02,2023,United States of America,Pacífico Norte,MACHINE_OBSERVATION,f0bb28ad-fd47-44a1-87db-6e0fbcee5737,Okeanos Explorer (EX2306): Seascape Alaska 5: Gulf of Alaska Remotely Operated Vehicle Exploration and Mapping,10.15468/gr46mr,NOAA Ocean Exploration,NOAA Ocean Exploration,CC-BY,http://creativecommons.org/licenses/by/4.0/legalcode,40dc92d3-8e8b-4549-1a68-762be062e91e,,si
GBIF,6243129892,"Graneledone boreopacifica Nesis, 1982",Graneledone boreopacifica,59.072887,-147.011617,1738.87,1738.87,1738.87,2023-09-12T23:12:51,2023,United States of America,Pacífico Norte,MACHINE_OBSERVATION,f0bb28ad-fd47-44a1-87db-6e0fbcee5737,Okeanos Explorer (EX2306): Seascape Alaska 5: Gulf of Alaska Remotely Operated Vehicle Exploration and Mapping,10.15468/gr46mr,NOAA Ocean Exploration,NOAA Ocean Exploration,CC-BY,http://creativecommons.org/licenses/by/4.0/legalcode,6ed49034-3b6d-4dd0-0161-f531e062e91e,,si
GBIF,6243132932,"Graneledone boreopacifica Nesis, 1982",Graneledone boreopacifica,59.073257,-147.011407,1750.99,1750.99,1750.99,2023-09-12T22:43:03,2023,United States of America,Pacífico Norte,MACHINE_OBSERVATION,f0bb28ad-fd47-44a1-87db-6e0fbcee5737,Okeanos Explorer (EX2306): Seascape Alaska 5: Gulf of Alaska Remotely Operated Vehicle Exploration and Mapping,10.15468/gr46mr,NOAA Ocean Exploration,NOAA Ocean Exploration,CC-BY,http://creativecommons.org/licenses/by/4.0/legalcode,1c089e83-bc7a-4f17-ce67-242ee062e91e,,si
GBIF,6243133083,"Graneledone boreopacifica Nesis, 1982",Graneledone boreopacifica,59.073282,-147.011516,1761.84,1761.84,1761.84,2023-09-12T22:01:35,2023,United States of America,Pacífico Norte,MACHINE_OBSERVATION,f0bb28ad-fd47-44a1-87db-6e0fbcee5737,Okeanos Explorer (EX2306): Seascape Alaska 5: Gulf of Alaska Remotely Operated Vehicle Exploration and Mapping,10.15468/gr46mr,NOAA Ocean Exploration,NOAA Ocean Exploration,CC-BY,http://creativecommons.org/licenses/by/4.0/legalcode,68915be2-9aef-4b0d-046b-5c27e062e91e,,si
GBIF,6243133909,"Graneledone boreopacifica Nesis, 1982",Graneledone boreopacifica,59.073123,-147.011471,1743.07,1743.07,1743.07,2023-09-12T23:00:41,2023,United States of America,Pacífico Norte,MACHINE_OBSERVATION,f0bb28ad-fd47-44a1-87db-6e0fbcee5737,Okeanos Explorer (EX2306): Seascape Alaska 5: Gulf of Alaska Remotely Operated Vehicle Exploration and Mapping,10.15468/gr46mr,NOAA Ocean Exploration,NOAA Ocean Exploration,CC-BY,http://creativecommons.org/licenses/by/4.0/legalcode,920302c0-da39-41dd-8c6c-5f30e062e91e,,si
GBIF,6243134101,"Graneledone boreopacifica Nesis, 1982",Graneledone boreopacifica,59.073436,-147.011206,1761.66,1761.66,1761.66,2023-09-12T22:18:49,2023,United States of America,Pacífico Norte,MACHINE_OBSERVATION,f0bb28ad-fd47-44a1-87db-6e0fbcee5737,Okeanos Explorer (EX2306): Seascape Alaska 5: Gulf of Alaska Remotely Operated Vehicle Exploration and Mapping,10.15468/gr46mr,NOAA Ocean Exploration,NOAA Ocean Exploration,CC-BY,http://creativecommons.org/licenses/by/4.0/legalcode,250fd1cb-62f5-4274-4062-af7af456ee1e,,si
GBIF,6243134882,"Graneledone boreopacifica Nesis, 1982",Graneledone boreopacifica,55.031729,-134.518304,1558.38,1558.38,1558.38,2023-09-05T20:34:13,2023,United States of America,Pacífico Norte,MACHINE_OBSERVATION,f0bb28ad-fd47-44a1-87db-6e0fbcee5737,Okeanos Explorer (EX2306): Seascape Alaska 5: Gulf of Alaska Remotely Operated Vehicle Exploration and Mapping,10.15468/gr46mr,NOAA Ocean Exploration,NOAA Ocean Exploration,CC-BY,http://creativecommons.org/licenses/by/4.0/legalcode,cf8f2220-59e2-4ae7-8e62-bb3f3756e91e,,si
GBIF,6243138879,"Graneledone boreopacifica Nesis, 1982",Graneledone boreopacifica,55.031777,-134.51837,1553.07,1553.07,1553.07,2023-09-05T20:51:20,2023,United States of America,Pacífico Norte,MACHINE_OBSERVATION,f0bb28ad-fd47-44a1-87db-6e0fbcee5737,Okeanos Explorer (EX2306): Seascape Alaska 5: Gulf of Alaska Remotely Operated Vehicle Exploration and Mapping,10.15468/gr46mr,NOAA Ocean Exploration,NOAA Ocean Exploration,CC-BY,http://creativecommons.org/licenses/by/4.0/legalcode,a9534ede-4450-4f28-476a-89443756e91e,,si
GBIF,6243138891,"Graneledone boreopacifica Nesis, 1982",Graneledone boreopacifica,55.032693,-134.519637,1622.42,1622.42,1622.42,2023-09-05T18:32:08,2023,United States of America,Pacífico Norte,MACHINE_OBSERVATION,f0bb28ad-fd47-44a1-87db-6e0fbcee5737,Okeanos Explorer (EX2306): Seascape Alaska 5: Gulf of Alaska Remotely Operated Vehicle Exploration and Mapping,10.15468/gr46mr,NOAA Ocean Exploration,NOAA Ocean Exploration,CC-BY,http://creativecommons.org/licenses/by/4.0/legalcode,fd9fd6c3-c728-408a-1763-52233756e91e,,si
GBIF,6243138925,"Graneledone boreopacifica Nesis, 1982",Graneledone boreopacifica,55.03142,-134.517337,1516.7,1516.7,1516.7,2023-09-05T21:50:32,2023,United States of America,Pacífico Norte,MACHINE_OBSERVATION,f0bb28ad-fd47-44a1-87db-6e0fbcee5737,Okeanos Explorer (EX2306): Seascape Alaska 5: Gulf of Alaska Remotely Operated Vehicle Exploration and Mapping,10.15468/gr46mr,NOAA Ocean Exploration,NOAA Ocean Exploration,CC-BY,http://creativecommons.org/licenses/by/4.0/legalcode,3b12679b-c20c-4127-2c67-a9a850abec1e,,si
GBIF,6243139915,"Graneledone boreopacifica Nesis, 1982",Graneledone boreopacifica,55.0316,-134.517705,1541.62,1541.62,1541.62,2023-09-05T21:14:03,2023,United States of America,Pacífico Norte,MACHINE_OBSERVATION,f0bb28ad-fd47-44a1-87db-6e0fbcee5737,Okeanos Explorer (EX2306): Seascape Alaska 5: Gulf of Alaska Remotely Operated Vehicle Exploration and Mapping,10.15468/gr46mr,NOAA Ocean Exploration,NOAA Ocean Exploration,CC-BY,http://creativecommons.org/licenses/by/4.0/legalcode,449db4a8-a869-4a3f-3e65-914c3756e91e,,si
GBIF,6243141235,"Graneledone boreopacifica Nesis, 1982",Graneledone boreopacifica,55.031654,-134.517922,1543.82,1543.82,1543.82,2023-09-05T21:08:18,2023,United States of America,Pacífico Norte,MACHINE_OBSERVATION,f0bb28ad-fd47-44a1-87db-6e0fbcee5737,Okeanos Explorer (EX2306): Seascape Alaska 5: Gulf of Alaska Remotely Operated Vehicle Exploration and Mapping,10.15468/gr46mr,NOAA Ocean Exploration,NOAA Ocean Exploration,CC-BY,http://creativecommons.org/licenses/by/4.0/legalcode,69f9109c-e66b-4f81-f66d-ca493756e91e,,si
GBIF,6243142290,"Graneledone boreopacifica Nesis, 1982",Graneledone boreopacifica,55.031346,-134.517288,1523.3,1523.3,1523.3,2023-09-05T21:44:26,2023,United States of America,Pacífico Norte,MACHINE_OBSERVATION,f0bb28ad-fd47-44a1-87db-6e0fbcee5737,Okeanos Explorer (EX2306): Seascape Alaska 5: Gulf of Alaska Remotely Operated Vehicle Exploration and Mapping,10.15468/gr46mr,NOAA Ocean Exploration,NOAA Ocean Exploration,CC-BY,http://creativecommons.org/licenses/by/4.0/legalcode,1e28b4ac-ef0e-4621-626e-b5533756e91e,,si
GBIF,6243146290,"Graneledone boreopacifica Nesis, 1982",Graneledone boreopacifica,55.031596,-134.517733,1541.96,1541.96,1541.96,2023-09-05T21:13:26,2023,United States of America,Pacífico Norte,MACHINE_OBSERVATION,f0bb28ad-fd47-44a1-87db-6e0fbcee5737,Okeanos Explorer (EX2306): Seascape Alaska 5: Gulf of Alaska Remotely Operated Vehicle Exploration and Mapping,10.15468/gr46mr,NOAA Ocean Exploration,NOAA Ocean Exploration,CC-BY,http://creativecommons.org/licenses/by/4.0/legalcode,1fb3a23b-0406-4c04-a56a-189f63a9ec1e,,si
GBIF,6243146702,"Graneledone boreopacifica Nesis, 1982",Graneledone boreopacifica,59.073937,-147.012334,1821.41,1821.41,1821.41,2023-09-12T20:17:08,2023,United States of America,Pacífico Norte,MACHINE_OBSERVATION,f0bb28ad-fd47-44a1-87db-6e0fbcee5737,Okeanos Explorer (EX2306): Seascape Alaska 5: Gulf of Alaska Remotely Operated Vehicle Exploration and Mapping,10.15468/gr46mr,NOAA Ocean Exploration,NOAA Ocean Exploration,CC-BY,http://creativecommons.org/licenses/by/4.0/legalcode,7aa3cea4-d263-468e-e060-de19e062e91e,,si
GBIF,6243146777,"Graneledone boreopacifica Nesis, 1982",Graneledone boreopacifica,59.073843,-147.011876,1827.39,1827.39,1827.39,2023-09-12T20:11:48,2023,United States of America,Pacífico Norte,MACHINE_OBSERVATION,f0bb28ad-fd47-44a1-87db-6e0fbcee5737,Okeanos Explorer (EX2306): Seascape Alaska 5: Gulf of Alaska Remotely Operated Vehicle Exploration and Mapping,10.15468/gr46mr,NOAA Ocean Exploration,NOAA Ocean Exploration,CC-BY,http://creativecommons.org/licenses/by/4.0/legalcode,d0fd7bdd-3cd2-45c1-fa6b-6d19e062e91e,,si
GBIF,6243148701,"Graneledone boreopacifica Nesis, 1982",Graneledone boreopacifica,59.073234,-147.011517,1751.1,1751.1,1751.1,2023-09-12T22:38:53,2023,United States of America,Pacífico Norte,MACHINE_OBSERVATION,f0bb28ad-fd47-44a1-87db-6e0fbcee5737,Okeanos Explorer (EX2306): Seascape Alaska 5: Gulf of Alaska Remotely Operated Vehicle Exploration and Mapping,10.15468/gr46mr,NOAA Ocean Exploration,NOAA Ocean Exploration,CC-BY,http://creativecommons.org/licenses/by/4.0/legalcode,c394cc00-c588-469a-1c69-d32ce062e91e,,si
GBIF,6243149755,"Graneledone boreopacifica Nesis, 1982",Graneledone boreopacifica,59.073735,-147.011984,1800.97,1800.97,1800.97,2023-09-12T21:09:36,2023,United States of America,Pacífico Norte,MACHINE_OBSERVATION,f0bb28ad-fd47-44a1-87db-6e0fbcee5737,Okeanos Explorer (EX2306): Seascape Alaska 5: Gulf of Alaska Remotely Operated Vehicle Exploration and Mapping,10.15468/gr46mr,NOAA Ocean Exploration,NOAA Ocean Exploration,CC-BY,http://creativecommons.org/licenses/by/4.0/legalcode,3bd62531-d301-4b4e-f963-76fbe430ee1e,,si
GBIF,6243150594,"Graneledone boreopacifica Nesis, 1982",Graneledone boreopacifica,59.072698,-147.010681,1735.64,1735.64,1735.64,2023-09-12T23:30:32,2023,United States of America,Pacífico Norte,MACHINE_OBSERVATION,f0bb28ad-fd47-44a1-87db-6e0fbcee5737,Okeanos Explorer (EX2306): Seascape Alaska 5: Gulf of Alaska Remotely Operated Vehicle Exploration and Mapping,10.15468/gr46mr,NOAA Ocean Exploration,NOAA Ocean Exploration,CC-BY,http://creativecommons.org/licenses/by/4.0/legalcode,d4df7542-0d13-47cb-6a65-c34f7c62ee1e,,si
GBIF,6243152610,"Graneledone boreopacifica Nesis, 1982",Graneledone boreopacifica,55.031739,-134.518276,1557.75,1557.75,1557.75,2023-09-05T20:37:35,2023,United States of America,Pacífico Norte,MACHINE_OBSERVATION,f0bb28ad-fd47-44a1-87db-6e0fbcee5737,Okeanos Explorer (EX2306): Seascape Alaska 5: Gulf of Alaska Remotely Operated Vehicle Exploration and Mapping,10.15468/gr46mr,NOAA Ocean Exploration,NOAA Ocean Exploration,CC-BY,http://creativecommons.org/licenses/by/4.0/legalcode,5697c838-34f5-40de-ba66-aa403756e91e,,si
GBIF,4081064866,"Graneledone taniwha O'Shea, 1999",Graneledone taniwha,-43.7855,174.151333,835,835,835,2020-01-25,2020,New Zealand,Pacífico Sur,PRESERVED_SPECIMEN,4d0b1b2a-3209-49ce-bb93-7503e4868019,Earth Sciences New Zealand National Invertebrate Collection (NIC),10.15468/6qgswo,Earth Sciences New Zealand (ESNZ),Earth Sciences New Zealand,CC-BY,http://creativecommons.org/licenses/by/4.0/legalcode,141a5d73-f426-4eb8-a8e8-0f4b67ac3e04,,si
GBIF,4081169821,"Graneledone taniwha O'Shea, 1999",Graneledone taniwha,-44.382667,176.723,910,910,910,2020-01-22,2020,New Zealand,Pacífico Sur,PRESERVED_SPECIMEN,4d0b1b2a-3209-49ce-bb93-7503e4868019,Earth Sciences New Zealand National Invertebrate Collection (NIC),10.15468/6qgswo,Earth Sciences New Zealand (ESNZ),Earth Sciences New Zealand,CC-BY,http://creativecommons.org/licenses/by/4.0/legalcode,bd85763a-33df-45e8-a625-9c2d7ed0c7cf,,si
GBIF,4081177329,"Graneledone taniwha O'Shea, 1999",Graneledone taniwha,-44.509167,176.296167,875.5,868,883,2020-01-23,2020,New Zealand,Pacífico Sur,PRESERVED_SPECIMEN,4d0b1b2a-3209-49ce-bb93-7503e4868019,Earth Sciences New Zealand National Invertebrate Collection (NIC),10.15468/6qgswo,Earth Sciences New Zealand (ESNZ),Earth Sciences New Zealand,CC-BY,http://creativecommons.org/licenses/by/4.0/legalcode,ce43d53d-816c-4c64-99eb-fca9ae703e24,,si
GBIF,4081208034,"Graneledone taniwha O'Shea, 1999",Graneledone taniwha,-44.602333,175.951333,965.5,940,991,2020-01-24,2020,New Zealand,Pacífico Sur,PRESERVED_SPECIMEN,4d0b1b2a-3209-49ce-bb93-7503e4868019,Earth Sciences New Zealand National Invertebrate Collection (NIC),10.15468/6qgswo,Earth Sciences New Zealand (ESNZ),Earth Sciences New Zealand,CC-BY,http://creativecommons.org/licenses/by/4.0/legalcode,e3871f78-5b37-4008-b6e6-2942dc46f899,,si
GBIF,4081081466,"Graneledone taniwha O'Shea, 1999",Graneledone taniwha,-46.7035,170.287333,709.5,708,711,2019-11-14,2019,New Zealand,Pacífico Sur,PRESERVED_SPECIMEN,4d0b1b2a-3209-49ce-bb93-7503e4868019,Earth Sciences New Zealand National Invertebrate Collection (NIC),10.15468/6qgswo,Earth Sciences New Zealand (ESNZ),Earth Sciences New Zealand,CC-BY,http://creativecommons.org/licenses/by/4.0/legalcode,40efc3f8-32d3-498d-b073-45867e869f0f,,si
GBIF,4081082216,"Graneledone taniwha O'Shea, 1999",Graneledone taniwha,-48.6105,167.869167,550.5,550,551,2019-11-19,2019,New Zealand,Pacífico Sur,PRESERVED_SPECIMEN,4d0b1b2a-3209-49ce-bb93-7503e4868019,Earth Sciences New Zealand National Invertebrate Collection (NIC),10.15468/6qgswo,Earth Sciences New Zealand (ESNZ),Earth Sciences New Zealand,CC-BY,http://creativecommons.org/licenses/by/4.0/legalcode,5b84b026-462a-4a77-9e05-afe3326b8156,,si
GBIF,4081197522,"Graneledone taniwha O'Shea, 1999",Graneledone taniwha,-47.1925,170.142667,975.5,971,980,2019-11-15,2019,New Zealand,Pacífico Sur,PRESERVED_SPECIMEN,4d0b1b2a-3209-49ce-bb93-7503e4868019,Earth Sciences New Zealand National Invertebrate Collection (NIC),10.15468/6qgswo,Earth Sciences New Zealand (ESNZ),Earth Sciences New Zealand,CC-BY,http://creativecommons.org/licenses/by/4.0/legalcode,8ece7b11-12c1-4f76-896b-2f0c90451a25,,si
GBIF,2458314251,"Graneledone Joubin, 1918",,-43.832,175.951333,465,462,468,2018-01-29T14:24/2018-01-29T15:02,2018,New Zealand,Pacífico Sur,HUMAN_OBSERVATION,421890f7-e909-40ed-a573-b1c9529a55fa,NZ research trawl surveys since 2008,10.15468/gzpcyl,Southwestern Pacific Ocean Biogeographic Information System (OBIS) Node,MPI,CC-BY,http://creativecommons.org/licenses/by/4.0/legalcode,tan1801/119/DWO,,si
GBIF,2458316878,"Graneledone Joubin, 1918",,-43.300333,-174.700667,838,835,841,2018-01-14T01:00/2018-01-14T01:51,2018,New Zealand,Pacífico Sur,HUMAN_OBSERVATION,421890f7-e909-40ed-a573-b1c9529a55fa,NZ research trawl surveys since 2008,10.15468/gzpcyl,Southwestern Pacific Ocean Biogeographic Information System (OBIS) Node,MPI,CC-BY,http://creativecommons.org/licenses/by/4.0/legalcode,tan1801/41/DWO,,si
GBIF,2458317689,"Graneledone Joubin, 1918",,-44.740667,174.000667,846.5,843,850,2018-01-31T15:48/2018-01-31T16:26,2018,New Zealand,Pacífico Sur,HUMAN_OBSERVATION,421890f7-e909-40ed-a573-b1c9529a55fa,NZ research trawl surveys since 2008,10.15468/gzpcyl,Southwestern Pacific Ocean Biogeographic Information System (OBIS) Node,MPI,CC-BY,http://creativecommons.org/licenses/by/4.0/legalcode,tan1801/128/DWO,,si
GBIF,2458317906,"Graneledone Joubin, 1918",,-44.112333,-178.7195,475,463,487,2018-01-17T13:36/2018-01-17T14:21,2018,New Zealand,Pacífico Sur,HUMAN_OBSERVATION,421890f7-e909-40ed-a573-b1c9529a55fa,NZ research trawl surveys since 2008,10.15468/gzpcyl,Southwestern Pacific Ocean Biogeographic Information System (OBIS) Node,MPI,CC-BY,http://creativecommons.org/licenses/by/4.0/legalcode,tan1801/58/DWO,,si
GBIF,2458318210,"Graneledone Joubin, 1918",,-44.276667,178.358333,1161.5,1150,1173,2018-01-21T00:38/2018-01-21T01:29,2018,,Pacífico Sur,HUMAN_OBSERVATION,421890f7-e909-40ed-a573-b1c9529a55fa,NZ research trawl surveys since 2008,10.15468/gzpcyl,Southwestern Pacific Ocean Biogeographic Information System (OBIS) Node,MPI,CC-BY,http://creativecommons.org/licenses/by/4.0/legalcode,tan1801/77/DWO,,si
GBIF,2458318309,"Graneledone Joubin, 1918",,-42.939833,-175.834167,832.5,830,835,2018-01-12T17:38/2018-01-12T18:29,2018,New Zealand,Pacífico Sur,HUMAN_OBSERVATION,421890f7-e909-40ed-a573-b1c9529a55fa,NZ research trawl surveys since 2008,10.15468/gzpcyl,Southwestern Pacific Ocean Biogeographic Information System (OBIS) Node,MPI,CC-BY,http://creativecommons.org/licenses/by/4.0/legalcode,tan1801/34/DWO,,si
GBIF,2458318393,"Graneledone Joubin, 1918",,-44.584333,173.574667,724,722,726,2018-01-30T14:48/2018-01-30T15:25,2018,New Zealand,Pacífico Sur,HUMAN_OBSERVATION,421890f7-e909-40ed-a573-b1c9529a55fa,NZ research trawl surveys since 2008,10.15468/gzpcyl,Southwestern Pacific Ocean Biogeographic Information System (OBIS) Node,MPI,CC-BY,http://creativecommons.org/licenses/by/4.0/legalcode,tan1801/123/DWO,,si
GBIF,4081160896,"Graneledone challengeri (S.S.Berry, 1916)",Graneledone challengeri,-44.166,178.215,1161.5,1150,1173,2018-01-21,2018,New Zealand,Pacífico Sur,PRESERVED_SPECIMEN,4d0b1b2a-3209-49ce-bb93-7503e4868019,Earth Sciences New Zealand National Invertebrate Collection (NIC),10.15468/6qgswo,Earth Sciences New Zealand (ESNZ),Earth Sciences New Zealand,CC-BY,http://creativecommons.org/licenses/by/4.0/legalcode,ffb8960d-d555-4db1-8a22-20791043c522,,si
GBIF,2458323697,"Graneledone Joubin, 1918",,-40.0365,168.149333,878.5,877,880,2018-06-30T15:59/2018-06-30T16:21,2018,New Zealand,Pacífico Sur,HUMAN_OBSERVATION,421890f7-e909-40ed-a573-b1c9529a55fa,NZ research trawl surveys since 2008,10.15468/gzpcyl,Southwestern Pacific Ocean Biogeographic Information System (OBIS) Node,MPI,CC-BY,http://creativecommons.org/licenses/by/4.0/legalcode,thh1801/21/DWO,,si
GBIF,2458323760,"Graneledone Joubin, 1918",,-40.029333,167.9575,892.5,891,894,2018-06-29T06:57/2018-06-29T07:24,2018,New Zealand,Pacífico Sur,HUMAN_OBSERVATION,421890f7-e909-40ed-a573-b1c9529a55fa,NZ research trawl surveys since 2008,10.15468/gzpcyl,Southwestern Pacific Ocean Biogeographic Information System (OBIS) Node,MPI,CC-BY,http://creativecommons.org/licenses/by/4.0/legalcode,thh1801/15/DWO,,si
GBIF,2458324051,"Graneledone Joubin, 1918",,-40.059833,168.153667,883,882,884,2018-06-29T04:48/2018-06-29T05:14,2018,New Zealand,Pacífico Sur,HUMAN_OBSERVATION,421890f7-e909-40ed-a573-b1c9529a55fa,NZ research trawl surveys since 2008,10.15468/gzpcyl,Southwestern Pacific Ocean Biogeographic Information System (OBIS) Node,MPI,CC-BY,http://creativecommons.org/licenses/by/4.0/legalcode,thh1801/14/DWO,,si
GBIF,2458324211,"Graneledone Joubin, 1918",,-40.006167,168.027333,878,875,881,2018-07-02T20:10/2018-07-02T20:35,2018,New Zealand,Pacífico Sur,HUMAN_OBSERVATION,421890f7-e909-40ed-a573-b1c9529a55fa,NZ research trawl surveys since 2008,10.15468/gzpcyl,Southwestern Pacific Ocean Biogeographic Information System (OBIS) Node,MPI,CC-BY,http://creativecommons.org/licenses/by/4.0/legalcode,thh1801/33/DWO,,si
GBIF,2458321439,"Graneledone taniwha O'Shea, 1999",Graneledone taniwha,-48.962333,169.838667,913.5,909,918,2018-11-28T14:42/2018-11-28T15:33,2018,New Zealand,Pacífico Sur,HUMAN_OBSERVATION,421890f7-e909-40ed-a573-b1c9529a55fa,NZ research trawl surveys since 2008,10.15468/gzpcyl,Southwestern Pacific Ocean Biogeographic Information System (OBIS) Node,MPI,CC-BY,http://creativecommons.org/licenses/by/4.0/legalcode,tan1811/14/GTA,,si
GBIF,2458323043,"Graneledone taniwha O'Shea, 1999",Graneledone taniwha,-46.798167,169.985,557,542,572,2018-11-27T08:22/2018-11-27T09:14,2018,New Zealand,Pacífico Sur,HUMAN_OBSERVATION,421890f7-e909-40ed-a573-b1c9529a55fa,NZ research trawl surveys since 2008,10.15468/gzpcyl,Southwestern Pacific Ocean Biogeographic Information System (OBIS) Node,MPI,CC-BY,http://creativecommons.org/licenses/by/4.0/legalcode,tan1811/7/GTA,,si
GBIF,2458323557,"Graneledone taniwha O'Shea, 1999",Graneledone taniwha,-46.867667,170.210167,868,861,875,2018-11-27T05:14/2018-11-27T06:05,2018,New Zealand,Pacífico Sur,HUMAN_OBSERVATION,421890f7-e909-40ed-a573-b1c9529a55fa,NZ research trawl surveys since 2008,10.15468/gzpcyl,Southwestern Pacific Ocean Biogeographic Information System (OBIS) Node,MPI,CC-BY,http://creativecommons.org/licenses/by/4.0/legalcode,tan1811/6/GTA,,si
GBIF,5189164969,"Graneledone taniwha O'Shea, 1999",Graneledone taniwha,-46.798167,169.985,551,542,560,2018-11-27,2018,New Zealand,Pacífico Sur,PRESERVED_SPECIMEN,4d0b1b2a-3209-49ce-bb93-7503e4868019,Earth Sciences New Zealand National Invertebrate Collection (NIC),10.15468/6qgswo,Earth Sciences New Zealand (ESNZ),Earth Sciences New Zealand,CC-BY,http://creativecommons.org/licenses/by/4.0/legalcode,fe721157-b609-4fac-b117-cb1dcf73c673,,si
GBIF,5189173338,"Graneledone taniwha O'Shea, 1999",Graneledone taniwha,-48.962333,169.838667,914.5,911,918,2018-11-28,2018,New Zealand,Pacífico Sur,PRESERVED_SPECIMEN,4d0b1b2a-3209-49ce-bb93-7503e4868019,Earth Sciences New Zealand National Invertebrate Collection (NIC),10.15468/6qgswo,Earth Sciences New Zealand (ESNZ),Earth Sciences New Zealand,CC-BY,http://creativecommons.org/licenses/by/4.0/legalcode,0e253bab-9b56-4262-b1b1-3bc7393b2140,,si
GBIF,5189179580,"Graneledone kubodera O'Shea, 1999",Graneledone kubodera,-46.867667,170.210167,865,861,869,2018-11-28,2018,New Zealand,Pacífico Sur,PRESERVED_SPECIMEN,4d0b1b2a-3209-49ce-bb93-7503e4868019,Earth Sciences New Zealand National Invertebrate Collection (NIC),10.15468/6qgswo,Earth Sciences New Zealand (ESNZ),Earth Sciences New Zealand,CC-BY,http://creativecommons.org/licenses/by/4.0/legalcode,62d6a05e-3d9c-4f4d-8d67-1ac4a5a21b6a,,si
GBIF,2458321570,"Graneledone taniwha O'Shea, 1999",Graneledone taniwha,-46.617833,166.599333,840,824,856,2018-12-01T10:48/2018-12-01T11:42,2018,New Zealand,Pacífico Sur,HUMAN_OBSERVATION,421890f7-e909-40ed-a573-b1c9529a55fa,NZ research trawl surveys since 2008,10.15468/gzpcyl,Southwestern Pacific Ocean Biogeographic Information System (OBIS) Node,MPI,CC-BY,http://creativecommons.org/licenses/by/4.0/legalcode,tan1811/24/GTA,,si
GBIF,2458322069,"Graneledone Joubin, 1918",,-49.5405,174.922667,568,567,569,2018-12-07T12:39/2018-12-07T13:30,2018,New Zealand,Pacífico Sur,HUMAN_OBSERVATION,421890f7-e909-40ed-a573-b1c9529a55fa,NZ research trawl surveys since 2008,10.15468/gzpcyl,Southwestern Pacific Ocean Biogeographic Information System (OBIS) Node,MPI,CC-BY,http://creativecommons.org/licenses/by/4.0/legalcode,tan1811/42/DWO,,si
GBIF,2458322568,"Graneledone taniwha O'Shea, 1999",Graneledone taniwha,-49.085833,167.331333,747.5,744,751,2018-12-16T11:55/2018-12-16T12:46,2018,New Zealand,Pacífico Sur,HUMAN_OBSERVATION,421890f7-e909-40ed-a573-b1c9529a55fa,NZ research trawl surveys since 2008,10.15468/gzpcyl,Southwestern Pacific Ocean Biogeographic Information System (OBIS) Node,MPI,CC-BY,http://creativecommons.org/licenses/by/4.0/legalcode,tan1811/78/GTA,,si
GBIF,2458323133,"Graneledone taniwha O'Shea, 1999",Graneledone taniwha,-49.036667,167.549,721.5,720,723,2018-12-16T14:05/2018-12-16T14:56,2018,New Zealand,Pacífico Sur,HUMAN_OBSERVATION,421890f7-e909-40ed-a573-b1c9529a55fa,NZ research trawl surveys since 2008,10.15468/gzpcyl,Southwestern Pacific Ocean Biogeographic Information System (OBIS) Node,MPI,CC-BY,http://creativecommons.org/licenses/by/4.0/legalcode,tan1811/79/GTA,,si
GBIF,5189165332,"Graneledone taniwha O'Shea, 1999",Graneledone taniwha,-49.036667,167.549,720.5,720,721,2018-12-16,2018,New Zealand,Pacífico Sur,PRESERVED_SPECIMEN,4d0b1b2a-3209-49ce-bb93-7503e4868019,Earth Sciences New Zealand National Invertebrate Collection (NIC),10.15468/6qgswo,Earth Sciences New Zealand (ESNZ),Earth Sciences New Zealand,CC-BY,http://creativecommons.org/licenses/by/4.0/legalcode,09a0f93d-03b1-4d10-8f5a-898b4f362e7b,,si
GBIF,5189169646,"Graneledone taniwha O'Shea, 1999",Graneledone taniwha,-49.085833,167.331333,746,744,748,2018-12-16,2018,New Zealand,Pacífico Sur,PRESERVED_SPECIMEN,4d0b1b2a-3209-49ce-bb93-7503e4868019,Earth Sciences New Zealand National Invertebrate Collection (NIC),10.15468/6qgswo,Earth Sciences New Zealand (ESNZ),Earth Sciences New Zealand,CC-BY,http://creativecommons.org/licenses/by/4.0/legalcode,7fb8bf64-b1e1-4aba-98c0-1e63dc8a6089,,si
GBIF,5189175636,"Graneledone taniwha O'Shea, 1999",Graneledone taniwha,-46.617833,166.599333,850.5,845,856,2018-12-01,2018,New Zealand,Pacífico Sur,PRESERVED_SPECIMEN,4d0b1b2a-3209-49ce-bb93-7503e4868019,Earth Sciences New Zealand National Invertebrate Collection (NIC),10.15468/6qgswo,Earth Sciences New Zealand (ESNZ),Earth Sciences New Zealand,CC-BY,http://creativecommons.org/licenses/by/4.0/legalcode,6f899c05-d1a2-4267-9713-b131e54a82c6,,si
GBIF,2458303961,"Graneledone Joubin, 1918",,-42.9945,174.994833,524.5,515,534,2017-06-02T11:42/2017-06-02T16:12,2017,New Zealand,Pacífico Sur,HUMAN_OBSERVATION,421890f7-e909-40ed-a573-b1c9529a55fa,NZ research trawl surveys since 2008,10.15468/gzpcyl,Southwestern Pacific Ocean Biogeographic Information System (OBIS) Node,MPI,CC-BY,http://creativecommons.org/licenses/by/4.0/legalcode,reh1701/2/DWO,,si
GBIF,2458305652,"Graneledone Joubin, 1918",,-43.395833,173.903333,703.5,633,774,2017-06-05T03:01/2017-06-05T04:46,2017,New Zealand,Pacífico Sur,HUMAN_OBSERVATION,421890f7-e909-40ed-a573-b1c9529a55fa,NZ research trawl surveys since 2008,10.15468/gzpcyl,Southwestern Pacific Ocean Biogeographic Information System (OBIS) Node,MPI,CC-BY,http://creativecommons.org/licenses/by/4.0/legalcode,reh1701/9/DWO,,si
GBIF,3901845681,"Graneledone Joubin, 1918",,-56.7246,-68.6459,,,,2017,2017,Chile,Pacífico Sur,PRESERVED_SPECIMEN,7c93d290-6c8b-11de-8226-b8a03c50a862,Western Australian Museum provider for OZCAM,10.15468/5qt0dm,Western Australian Museum,WAM,CC-BY,http://creativecommons.org/licenses/by/4.0/legalcode,053429c1-360b-41da-9df5-f6e7f1096774,sin_profundidad,si
GBIF,2458309653,"Graneledone taniwha O'Shea, 1999",Graneledone taniwha,-43.034333,174.064167,938.5,908,969,2016-01-21T20:36/2016-01-21T21:28,2016,New Zealand,Pacífico Sur,HUMAN_OBSERVATION,421890f7-e909-40ed-a573-b1c9529a55fa,NZ research trawl surveys since 2008,10.15468/gzpcyl,Southwestern Pacific Ocean Biogeographic Information System (OBIS) Node,MPI,CC-BY,http://creativecommons.org/licenses/by/4.0/legalcode,tan1601/94/GTA,,si
GBIF,2458310314,"Graneledone taniwha O'Shea, 1999",Graneledone taniwha,-44.634,174.909333,817,800,834,2016-01-20T09:02/2016-01-20T09:53,2016,New Zealand,Pacífico Sur,HUMAN_OBSERVATION,421890f7-e909-40ed-a573-b1c9529a55fa,NZ research trawl surveys since 2008,10.15468/gzpcyl,Southwestern Pacific Ocean Biogeographic Information System (OBIS) Node,MPI,CC-BY,http://creativecommons.org/licenses/by/4.0/legalcode,tan1601/87/GTA,,si
GBIF,2458310351,"Graneledone taniwha O'Shea, 1999",Graneledone taniwha,-44.207833,179.547333,883,873,893,2016-01-16T23:12/2016-01-17T00:03,2016,New Zealand,Pacífico Sur,HUMAN_OBSERVATION,421890f7-e909-40ed-a573-b1c9529a55fa,NZ research trawl surveys since 2008,10.15468/gzpcyl,Southwestern Pacific Ocean Biogeographic Information System (OBIS) Node,MPI,CC-BY,http://creativecommons.org/licenses/by/4.0/legalcode,tan1601/69/GTA,,si
GBIF,2458310658,"Graneledone taniwha O'Shea, 1999",Graneledone taniwha,-44.598667,175.730333,821,809,833,2016-01-19T02:10/2016-01-19T03:01,2016,New Zealand,Pacífico Sur,HUMAN_OBSERVATION,421890f7-e909-40ed-a573-b1c9529a55fa,NZ research trawl surveys since 2008,10.15468/gzpcyl,Southwestern Pacific Ocean Biogeographic Information System (OBIS) Node,MPI,CC-BY,http://creativecommons.org/licenses/by/4.0/legalcode,tan1601/79/GTA,,si
GBIF,2458310829,"Graneledone taniwha O'Shea, 1999",Graneledone taniwha,-44.332167,177.414167,1155.5,1155,1156,2016-01-18T06:04/2016-01-18T06:56,2016,New Zealand,Pacífico Sur,HUMAN_OBSERVATION,421890f7-e909-40ed-a573-b1c9529a55fa,NZ research trawl surveys since 2008,10.15468/gzpcyl,Southwestern Pacific Ocean Biogeographic Information System (OBIS) Node,MPI,CC-BY,http://creativecommons.org/licenses/by/4.0/legalcode,tan1601/75/GTA,,si
GBIF,4081066720,"Graneledone taniwha O'Shea, 1999",Graneledone taniwha,-44.598667,175.730333,821,809,833,2016-01-19,2016,New Zealand,Pacífico Sur,PRESERVED_SPECIMEN,4d0b1b2a-3209-49ce-bb93-7503e4868019,Earth Sciences New Zealand National Invertebrate Collection (NIC),10.15468/6qgswo,Earth Sciences New Zealand (ESNZ),Earth Sciences New Zealand,CC-BY,http://creativecommons.org/licenses/by/4.0/legalcode,2effa426-b845-4fc2-a74c-9f93deb136f2,,si
GBIF,4081069456,"Graneledone taniwha O'Shea, 1999",Graneledone taniwha,-44.207833,179.547333,883,873,893,2016-01-16,2016,New Zealand,Pacífico Sur,PRESERVED_SPECIMEN,4d0b1b2a-3209-49ce-bb93-7503e4868019,Earth Sciences New Zealand National Invertebrate Collection (NIC),10.15468/6qgswo,Earth Sciences New Zealand (ESNZ),Earth Sciences New Zealand,CC-BY,http://creativecommons.org/licenses/by/4.0/legalcode,28d2ef24-7fe7-4ba5-97c2-ec804d3558b2,,si
GBIF,4081082340,"Graneledone taniwha O'Shea, 1999",Graneledone taniwha,-43.043333,174.064167,939,909,969,2016-01-21,2016,New Zealand,Pacífico Sur,PRESERVED_SPECIMEN,4d0b1b2a-3209-49ce-bb93-7503e4868019,Earth Sciences New Zealand National Invertebrate Collection (NIC),10.15468/6qgswo,Earth Sciences New Zealand (ESNZ),Earth Sciences New Zealand,CC-BY,http://creativecommons.org/licenses/by/4.0/legalcode,f1740f84-169d-4243-87f2-6c5fdec14e06,,si
GBIF,4081085700,"Graneledone taniwha O'Shea, 1999",Graneledone taniwha,-44.64,174.909333,816,800,832,2016-01-20,2016,New Zealand,Pacífico Sur,PRESERVED_SPECIMEN,4d0b1b2a-3209-49ce-bb93-7503e4868019,Earth Sciences New Zealand National Invertebrate Collection (NIC),10.15468/6qgswo,Earth Sciences New Zealand (ESNZ),Earth Sciences New Zealand,CC-BY,http://creativecommons.org/licenses/by/4.0/legalcode,0ca0c07d-c0b1-41c4-a484-11019ee05cc2,,si
GBIF,4081204731,"Graneledone taniwha O'Shea, 1999",Graneledone taniwha,-44.332167,177.414167,1155.5,1155,1156,2016-01-18,2016,New Zealand,Pacífico Sur,PRESERVED_SPECIMEN,4d0b1b2a-3209-49ce-bb93-7503e4868019,Earth Sciences New Zealand National Invertebrate Collection (NIC),10.15468/6qgswo,Earth Sciences New Zealand (ESNZ),Earth Sciences New Zealand,CC-BY,http://creativecommons.org/licenses/by/4.0/legalcode,8ffa36f0-6025-4746-950a-1ea46c96202e,,si
GBIF,2458288019,"Graneledone Joubin, 1918",,-43.191667,168.6375,990,987,993,2016-07-09T08:25/2016-07-09T08:59,2016,New Zealand,Pacífico Sur,HUMAN_OBSERVATION,421890f7-e909-40ed-a573-b1c9529a55fa,NZ research trawl surveys since 2008,10.15468/gzpcyl,Southwestern Pacific Ocean Biogeographic Information System (OBIS) Node,MPI,CC-BY,http://creativecommons.org/licenses/by/4.0/legalcode,ccy1601/6/DWO,,si
GBIF,2458313994,"Graneledone Joubin, 1918",,-48.3795,169.088333,663.5,649,678,2016-11-30T07:35/2016-11-30T08:26,2016,New Zealand,Pacífico Sur,HUMAN_OBSERVATION,421890f7-e909-40ed-a573-b1c9529a55fa,NZ research trawl surveys since 2008,10.15468/gzpcyl,Southwestern Pacific Ocean Biogeographic Information System (OBIS) Node,MPI,CC-BY,http://creativecommons.org/licenses/by/4.0/legalcode,tan1614/5/DWO,,si
GBIF,2458314891,"Graneledone Joubin, 1918",,-46.851667,170.3055,937,930,944,2016-11-29T12:00/2016-11-29T12:53,2016,New Zealand,Pacífico Sur,HUMAN_OBSERVATION,421890f7-e909-40ed-a573-b1c9529a55fa,NZ research trawl surveys since 2008,10.15468/gzpcyl,Southwestern Pacific Ocean Biogeographic Information System (OBIS) Node,MPI,CC-BY,http://creativecommons.org/licenses/by/4.0/legalcode,tan1614/2/DWO,,si
GBIF,2458313215,"Graneledone Joubin, 1918",,-49.91,172.262333,490,489,491,2016-12-03T05:26/2016-12-03T06:17,2016,New Zealand,Pacífico Sur,HUMAN_OBSERVATION,421890f7-e909-40ed-a573-b1c9529a55fa,NZ research trawl surveys since 2008,10.15468/gzpcyl,Southwestern Pacific Ocean Biogeographic Information System (OBIS) Node,MPI,CC-BY,http://creativecommons.org/licenses/by/4.0/legalcode,tan1614/14/DWO,,si
GBIF,2458314671,"Graneledone taniwha O'Shea, 1999",Graneledone taniwha,-50.4175,173.834,736.5,731,742,2016-12-05T17:42/2016-12-05T18:33,2016,New Zealand,Pacífico Sur,HUMAN_OBSERVATION,421890f7-e909-40ed-a573-b1c9529a55fa,NZ research trawl surveys since 2008,10.15468/gzpcyl,Southwestern Pacific Ocean Biogeographic Information System (OBIS) Node,MPI,CC-BY,http://creativecommons.org/licenses/by/4.0/legalcode,tan1614/24/GTA,,si
GBIF,2458315246,"Graneledone taniwha O'Shea, 1999",Graneledone taniwha,-49.112333,167.196,684,679,689,2016-12-13T15:41/2016-12-13T16:33,2016,New Zealand,Pacífico Sur,HUMAN_OBSERVATION,421890f7-e909-40ed-a573-b1c9529a55fa,NZ research trawl surveys since 2008,10.15468/gzpcyl,Southwestern Pacific Ocean Biogeographic Information System (OBIS) Node,MPI,CC-BY,http://creativecommons.org/licenses/by/4.0/legalcode,tan1614/50/GTA,,si
GBIF,4081085995,"Graneledone antarctica G.L.Voss, 1976",Graneledone antarctica,-72.599333,179.087833,1992.5,1990,1995,2015-02-20,2015,Antarctica,Océano Austral,PRESERVED_SPECIMEN,4d0b1b2a-3209-49ce-bb93-7503e4868019,Earth Sciences New Zealand National Invertebrate Collection (NIC),10.15468/6qgswo,Earth Sciences New Zealand (ESNZ),Earth Sciences New Zealand,CC-BY,http://creativecommons.org/licenses/by/4.0/legalcode,176c779b-4ffd-43a9-8e6a-d01ceee6fbd2,,si
GBIF,4081157489,"Graneledone antarctica G.L.Voss, 1976",Graneledone antarctica,-71.872167,174.070333,1935,1932,1938,2015-02-19,2015,Antarctica,Océano Austral,PRESERVED_SPECIMEN,4d0b1b2a-3209-49ce-bb93-7503e4868019,Earth Sciences New Zealand National Invertebrate Collection (NIC),10.15468/6qgswo,Earth Sciences New Zealand (ESNZ),Earth Sciences New Zealand,CC-BY,http://creativecommons.org/licenses/by/4.0/legalcode,d0211a37-fa9f-4371-a01c-55e1d43a5406,,si
GBIF,4081200092,"Graneledone antarctica G.L.Voss, 1976",Graneledone antarctica,-71.872167,174.070333,1935,1932,1938,2015-02-19,2015,Antarctica,Océano Austral,PRESERVED_SPECIMEN,4d0b1b2a-3209-49ce-bb93-7503e4868019,Earth Sciences New Zealand National Invertebrate Collection (NIC),10.15468/6qgswo,Earth Sciences New Zealand (ESNZ),Earth Sciences New Zealand,CC-BY,http://creativecommons.org/licenses/by/4.0/legalcode,7a94692a-2f03-4496-9267-fa5610f3b6ea,,si
GBIF,4081202921,"Graneledone antarctica G.L.Voss, 1976",Graneledone antarctica,-71.966167,-179.161667,1339.5,1311,1368,2015-02-17,2015,Antarctica,Océano Austral,PRESERVED_SPECIMEN,4d0b1b2a-3209-49ce-bb93-7503e4868019,Earth Sciences New Zealand National Invertebrate Collection (NIC),10.15468/6qgswo,Earth Sciences New Zealand (ESNZ),Earth Sciences New Zealand,CC-BY,http://creativecommons.org/licenses/by/4.0/legalcode,9981d7b3-1a6a-4386-970e-2ea3ac93f62d,,si
GBIF,4081204556,"Graneledone antarctica G.L.Voss, 1976",Graneledone antarctica,-71.047,179.795333,1217.5,1208,1227,2015-02-16,2015,Antarctica,Océano Austral,PRESERVED_SPECIMEN,4d0b1b2a-3209-49ce-bb93-7503e4868019,Earth Sciences New Zealand National Invertebrate Collection (NIC),10.15468/6qgswo,Earth Sciences New Zealand (ESNZ),Earth Sciences New Zealand,CC-BY,http://creativecommons.org/licenses/by/4.0/legalcode,8b023939-40d5-4c4e-b55f-2eb84c6c2cb8,,si
GBIF,1945667428,"Graneledone Joubin, 1918",,1.676364,-91.688354,977.94,977.94,977.94,2015-06-28T12:08:01,2015,Ecuador,Pacífico Norte,HUMAN_OBSERVATION,3a288cf3-4038-4759-a2d9-4541b10e41e3,Video transect framegrabs,10.15468/kpjavv,Deep-sea OBIS node,CDF,CC-BY,http://creativecommons.org/licenses/by/4.0/legalcode,H1436_120801_Graneledone sp. indet.,,si
GBIF,1945667429,"Graneledone Joubin, 1918",,1.672432,-91.685169,1233.94,1233.94,1233.94,2015-06-28T07:18:54,2015,Ecuador,Pacífico Norte,HUMAN_OBSERVATION,3a288cf3-4038-4759-a2d9-4541b10e41e3,Video transect framegrabs,10.15468/kpjavv,Deep-sea OBIS node,CDF,CC-BY,http://creativecommons.org/licenses/by/4.0/legalcode,H1436_071854_Graneledone sp. indet.,,si
GBIF,1945667446,"Graneledone Joubin, 1918",,1.219436,-91.0972,1013.51,1013.51,1013.51,2015-06-27T04:24:22,2015,Ecuador,Pacífico Norte,HUMAN_OBSERVATION,3a288cf3-4038-4759-a2d9-4541b10e41e3,Video transect framegrabs,10.15468/kpjavv,Deep-sea OBIS node,CDF,CC-BY,http://creativecommons.org/licenses/by/4.0/legalcode,H1435_042422_Graneledone sp. indet.,,si
GBIF,1945667448,"Graneledone Joubin, 1918",,1.675297,-91.686564,1011.29,1011.29,1011.29,2015-06-28T09:48:44,2015,Ecuador,Pacífico Norte,HUMAN_OBSERVATION,3a288cf3-4038-4759-a2d9-4541b10e41e3,Video transect framegrabs,10.15468/kpjavv,Deep-sea OBIS node,CDF,CC-BY,http://creativecommons.org/licenses/by/4.0/legalcode,H1436_094844_Graneledone sp. indet.,,si
GBIF,1990346386,"Graneledone Joubin, 1918",,-43.21,168.93,903,903,903,2015-06-29T13:09/2015-06-29T15:48,2015,New Zealand,Pacífico Sur,HUMAN_OBSERVATION,421890f7-e909-40ed-a573-b1c9529a55fa,NZ research trawl surveys since 2008,10.15468/gzpcyl,Southwestern Pacific Ocean Biogeographic Information System (OBIS) Node,MPI,CC-BY,http://creativecommons.org/licenses/by/4.0/legalcode,aex1501/3/DWO,,si
GBIF,1945667432,"Graneledone Joubin, 1918",,1.874836,-92.125223,1249.75,1249.75,1249.75,2015-07-02T04:29:15,2015,Ecuador,Pacífico Norte,HUMAN_OBSERVATION,3a288cf3-4038-4759-a2d9-4541b10e41e3,Video transect framegrabs,10.15468/kpjavv,Deep-sea OBIS node,CDF,CC-BY,http://creativecommons.org/licenses/by/4.0/legalcode,H1440_042915_Graneledone sp. indet.,,si
GBIF,1945667444,"Graneledone Joubin, 1918",,1.862068,-92.113721,1546.85,1546.85,1546.85,2015-07-02T00:29:25,2015,Ecuador,Pacífico Norte,HUMAN_OBSERVATION,3a288cf3-4038-4759-a2d9-4541b10e41e3,Video transect framegrabs,10.15468/kpjavv,Deep-sea OBIS node,CDF,CC-BY,http://creativecommons.org/licenses/by/4.0/legalcode,H1440_002925_Graneledone sp. indet.,,si
GBIF,1945667449,"Graneledone Joubin, 1918",,1.880362,-92.130857,1209.72,1209.72,1209.72,2015-07-02T06:42:44,2015,Ecuador,Pacífico Norte,HUMAN_OBSERVATION,3a288cf3-4038-4759-a2d9-4541b10e41e3,Video transect framegrabs,10.15468/kpjavv,Deep-sea OBIS node,CDF,CC-BY,http://creativecommons.org/licenses/by/4.0/legalcode,H1440_064244_Graneledone sp. indet.,,si
GBIF,3351921147,"Graneledone taniwha kubodera O'Shea, 1999",Graneledone kubodera,-44.2,174.7,,,,2015-08-08,2015,New Zealand,Pacífico Sur,PRESERVED_SPECIMEN,d8cd16ba-bb74-4420-821e-083f2bac17c2,INSDC Sequences,10.15468/sbmztx,European Nucleotide Archive (EMBL-EBI),,CC-BY,http://creativecommons.org/licenses/by/4.0/legalcode,MT225053,sin_profundidad,si
GBIF,3969098754,"Graneledone taniwha kubodera O'Shea, 1999",Graneledone kubodera,-44.2,174.7,,,,2015-08-07,2015,New Zealand,Pacífico Sur,PRESERVED_SPECIMEN,d8cd16ba-bb74-4420-821e-083f2bac17c2,INSDC Sequences,10.15468/sbmztx,European Nucleotide Archive (EMBL-EBI),,CC-BY,http://creativecommons.org/licenses/by/4.0/legalcode,MT225052,sin_profundidad,si
GBIF,4081141085,"Graneledone kubodera O'Shea, 1999",Graneledone kubodera,-43.118,-179.623333,522,521,523,2015-08-21,2015,New Zealand,Pacífico Sur,PRESERVED_SPECIMEN,4d0b1b2a-3209-49ce-bb93-7503e4868019,Earth Sciences New Zealand National Invertebrate Collection (NIC),10.15468/6qgswo,Earth Sciences New Zealand (ESNZ),Earth Sciences New Zealand,CC-BY,http://creativecommons.org/licenses/by/4.0/legalcode,e7c46573-abd7-4e73-9738-67cce0f1d842,,si
GBIF,4081155170,"Graneledone kubodera O'Shea, 1999",Graneledone kubodera,-44.176167,174.6696,580.5,577,584,2015-08-08,2015,New Zealand,Pacífico Sur,PRESERVED_SPECIMEN,4d0b1b2a-3209-49ce-bb93-7503e4868019,Earth Sciences New Zealand National Invertebrate Collection (NIC),10.15468/6qgswo,Earth Sciences New Zealand (ESNZ),Earth Sciences New Zealand,CC-BY,http://creativecommons.org/licenses/by/4.0/legalcode,3a67c53d-8b2e-4861-8da4-b04c39b8754a,,si
GBIF,4081162604,"Graneledone kubodera O'Shea, 1999",Graneledone kubodera,-44.162833,174.6704,567.5,566,569,2015-08-07,2015,New Zealand,Pacífico Sur,PRESERVED_SPECIMEN,4d0b1b2a-3209-49ce-bb93-7503e4868019,Earth Sciences New Zealand National Invertebrate Collection (NIC),10.15468/6qgswo,Earth Sciences New Zealand (ESNZ),Earth Sciences New Zealand,CC-BY,http://creativecommons.org/licenses/by/4.0/legalcode,486b23f0-c21f-457a-bb40-8c28f91bce8d,,si
GBIF,6147963284,"Graneledone verrucosa (A.E.Verrill, 1881)",Graneledone verrucosa,63,-59.672,1276,1276,1276,2015-09-17,2015,Canada,Atlántico Norte,HUMAN_OBSERVATION,4fb0d8de-b4dc-4843-91db-2bc64394bd83,DFO Central and Arctic Multi-species Stock Assessment Surveys,10.15468/nyx88d,Fisheries and Oceans Canada,"DFO-Central and Arctic, Freshwater Institute (FWI)",CC-BY,http://creativecommons.org/licenses/by/4.0/legalcode,72157036_157019,,si
GBIF,6148104881,"Graneledone verrucosa (A.E.Verrill, 1881)",Graneledone verrucosa,62.659,-60.862,849,849,849,2015-09-20,2015,Canada,Atlántico Norte,HUMAN_OBSERVATION,4fb0d8de-b4dc-4843-91db-2bc64394bd83,DFO Central and Arctic Multi-species Stock Assessment Surveys,10.15468/nyx88d,Fisheries and Oceans Canada,"DFO-Central and Arctic, Freshwater Institute (FWI)",CC-BY,http://creativecommons.org/licenses/by/4.0/legalcode,72157063_157019,,si
GBIF,3962575436,"Graneledone Joubin, 1918",,-29.8302,-71.3299,127.5,105,150,2015-10-21,2015,Chile,Pacífico Sur,PRESERVED_SPECIMEN,c2d8bc68-8f4d-465e-80b2-734a4bb9d806,Base de datos de la Sala de Colecciones Biológicas de la Universidad Católica del Norte (SCBUCN) Chile,10.15468/d3auf9,Universidad Católica del Norte,UCN,CC-BY,http://creativecommons.org/licenses/by/4.0/legalcode,urn:scbucn.ucn.coq.cl:Zool:6442,profundidad_<300m_revisar,si
GBIF,3349406303,"Graneledone taniwha taniwha O'Shea, 1999",Graneledone taniwha,-46.1,171.1,,,,2015-11-07,2015,New Zealand,Pacífico Sur,PRESERVED_SPECIMEN,d8cd16ba-bb74-4420-821e-083f2bac17c2,INSDC Sequences,10.15468/sbmztx,European Nucleotide Archive (EMBL-EBI),,CC-BY,http://creativecommons.org/licenses/by/4.0/legalcode,MT225058,sin_profundidad,si
GBIF,4081066953,"Graneledone challengeri (S.S.Berry, 1916)",Graneledone challengeri,-42.7,-179.9,1090,1090,1090,2015-11-21,2015,New Zealand,Pacífico Sur,PRESERVED_SPECIMEN,4d0b1b2a-3209-49ce-bb93-7503e4868019,Earth Sciences New Zealand National Invertebrate Collection (NIC),10.15468/6qgswo,Earth Sciences New Zealand (ESNZ),Earth Sciences New Zealand,CC-BY,http://creativecommons.org/licenses/by/4.0/legalcode,35cacc59-8d9f-11eb-bd85-005056856f6a,,si
GBIF,4081069911,"Graneledone taniwha O'Shea, 1999",Graneledone taniwha,-46.7,170.6,836,836,836,2015-11-08,2015,New Zealand,Pacífico Sur,PRESERVED_SPECIMEN,4d0b1b2a-3209-49ce-bb93-7503e4868019,Earth Sciences New Zealand National Invertebrate Collection (NIC),10.15468/6qgswo,Earth Sciences New Zealand (ESNZ),Earth Sciences New Zealand,CC-BY,http://creativecommons.org/licenses/by/4.0/legalcode,35cabf8a-8d9f-11eb-bd85-005056856f6a,,si
GBIF,4081069912,"Graneledone taniwha O'Shea, 1999",Graneledone taniwha,-46.1,171.1,820,820,820,2015-11-07,2015,New Zealand,Pacífico Sur,PRESERVED_SPECIMEN,4d0b1b2a-3209-49ce-bb93-7503e4868019,Earth Sciences New Zealand National Invertebrate Collection (NIC),10.15468/6qgswo,Earth Sciences New Zealand (ESNZ),Earth Sciences New Zealand,CC-BY,http://creativecommons.org/licenses/by/4.0/legalcode,35cacecf-8d9f-11eb-bd85-005056856f6a,,si
GBIF,4081152915,"Graneledone taniwha O'Shea, 1999",Graneledone taniwha,-46.7,170.6,878,878,878,2015-11-08,2015,New Zealand,Pacífico Sur,PRESERVED_SPECIMEN,4d0b1b2a-3209-49ce-bb93-7503e4868019,Earth Sciences New Zealand National Invertebrate Collection (NIC),10.15468/6qgswo,Earth Sciences New Zealand (ESNZ),Earth Sciences New Zealand,CC-BY,http://creativecommons.org/licenses/by/4.0/legalcode,35cac207-8d9f-11eb-bd85-005056856f6a,,si
GBIF,4081152916,"Graneledone taniwha O'Shea, 1999",Graneledone taniwha,-46.8,170.5,977,977,977,2015-11-08,2015,New Zealand,Pacífico Sur,PRESERVED_SPECIMEN,4d0b1b2a-3209-49ce-bb93-7503e4868019,Earth Sciences New Zealand National Invertebrate Collection (NIC),10.15468/6qgswo,Earth Sciences New Zealand (ESNZ),Earth Sciences New Zealand,CC-BY,http://creativecommons.org/licenses/by/4.0/legalcode,35cac4e2-8d9f-11eb-bd85-005056856f6a,,si
GBIF,4081064802,"Graneledone kubodera O'Shea, 1999",Graneledone kubodera,-44.690333,173.693,917,906,928,2015-12-05,2015,New Zealand,Pacífico Sur,PRESERVED_SPECIMEN,4d0b1b2a-3209-49ce-bb93-7503e4868019,Earth Sciences New Zealand National Invertebrate Collection (NIC),10.15468/6qgswo,Earth Sciences New Zealand (ESNZ),Earth Sciences New Zealand,CC-BY,http://creativecommons.org/licenses/by/4.0/legalcode,124c5df5-adc2-4019-91dc-3e9540d10d24,,si
GBIF,4081140898,"Graneledone kubodera O'Shea, 1999",Graneledone kubodera,-42.861667,175.925,647,642,652,2015-12-12,2015,New Zealand,Pacífico Sur,PRESERVED_SPECIMEN,4d0b1b2a-3209-49ce-bb93-7503e4868019,Earth Sciences New Zealand National Invertebrate Collection (NIC),10.15468/6qgswo,Earth Sciences New Zealand (ESNZ),Earth Sciences New Zealand,CC-BY,http://creativecommons.org/licenses/by/4.0/legalcode,e19fca6b-4103-4264-8b55-9ec5087e51b2,,si
GBIF,4081207856,"Graneledone kubodera O'Shea, 1999",Graneledone kubodera,-42.73,178.076667,985,984,986,2015-12-17,2015,New Zealand,Pacífico Sur,PRESERVED_SPECIMEN,4d0b1b2a-3209-49ce-bb93-7503e4868019,Earth Sciences New Zealand National Invertebrate Collection (NIC),10.15468/6qgswo,Earth Sciences New Zealand (ESNZ),Earth Sciences New Zealand,CC-BY,http://creativecommons.org/licenses/by/4.0/legalcode,dce657ed-cc33-4cb7-af4a-02cde03725cd,,si
GBIF,4081208083,"Graneledone Joubin, 1918",,-43.195,175.8875,447,444,450,2015-12-12,2015,New Zealand,Pacífico Sur,PRESERVED_SPECIMEN,4d0b1b2a-3209-49ce-bb93-7503e4868019,Earth Sciences New Zealand National Invertebrate Collection (NIC),10.15468/6qgswo,Earth Sciences New Zealand (ESNZ),Earth Sciences New Zealand,CC-BY,http://creativecommons.org/licenses/by/4.0/legalcode,e5250e2e-5cc9-43ae-a029-be3f98791b8e,,si
GBIF,1990372944,"Graneledone Joubin, 1918",,-44.64,174.93,820.5,809,832,2014-10-26T21:14/2014-10-26T21:41,2014,New Zealand,Pacífico Sur,HUMAN_OBSERVATION,421890f7-e909-40ed-a573-b1c9529a55fa,NZ research trawl surveys since 2008,10.15468/gzpcyl,Southwestern Pacific Ocean Biogeographic Information System (OBIS) Node,MPI,CC-BY,http://creativecommons.org/licenses/by/4.0/legalcode,swa1402/32/DWO,,si
GBIF,1990373278,"Graneledone Joubin, 1918",,-44.71,173.81,946,938,954,2014-10-19T17:59/2014-10-19T19:26,2014,New Zealand,Pacífico Sur,HUMAN_OBSERVATION,421890f7-e909-40ed-a573-b1c9529a55fa,NZ research trawl surveys since 2008,10.15468/gzpcyl,Southwestern Pacific Ocean Biogeographic Information System (OBIS) Node,MPI,CC-BY,http://creativecommons.org/licenses/by/4.0/legalcode,swa1402/8/DWO,,si
GBIF,1990416825,"Graneledone taniwha O'Shea, 1999",Graneledone taniwha,-48.14,170.08,949,948,950,2014-11-30T17:50/2014-11-30T18:40,2014,New Zealand,Pacífico Sur,HUMAN_OBSERVATION,421890f7-e909-40ed-a573-b1c9529a55fa,NZ research trawl surveys since 2008,10.15468/gzpcyl,Southwestern Pacific Ocean Biogeographic Information System (OBIS) Node,MPI,CC-BY,http://creativecommons.org/licenses/by/4.0/legalcode,tan1412/14/GTA,,si
GBIF,1990416908,"Graneledone taniwha O'Shea, 1999",Graneledone taniwha,-46.53,170.74,907,893,921,2014-11-28T05:30/2014-11-28T06:24,2014,New Zealand,Pacífico Sur,HUMAN_OBSERVATION,421890f7-e909-40ed-a573-b1c9529a55fa,NZ research trawl surveys since 2008,10.15468/gzpcyl,Southwestern Pacific Ocean Biogeographic Information System (OBIS) Node,MPI,CC-BY,http://creativecommons.org/licenses/by/4.0/legalcode,tan1412/2/GTA,,si
GBIF,1990417002,"Graneledone challengeri (S.S.Berry, 1916)",Graneledone challengeri,-46.53,170.74,907,893,921,2014-11-28T05:30/2014-11-28T06:24,2014,New Zealand,Pacífico Sur,HUMAN_OBSERVATION,421890f7-e909-40ed-a573-b1c9529a55fa,NZ research trawl surveys since 2008,10.15468/gzpcyl,Southwestern Pacific Ocean Biogeographic Information System (OBIS) Node,MPI,CC-BY,http://creativecommons.org/licenses/by/4.0/legalcode,tan1412/2/GCL,,si
GBIF,1990417277,"Graneledone taniwha O'Shea, 1999",Graneledone taniwha,-46.62,170.64,874.5,859,890,2014-11-28T09:08/2014-11-28T09:59,2014,New Zealand,Pacífico Sur,HUMAN_OBSERVATION,421890f7-e909-40ed-a573-b1c9529a55fa,NZ research trawl surveys since 2008,10.15468/gzpcyl,Southwestern Pacific Ocean Biogeographic Information System (OBIS) Node,MPI,CC-BY,http://creativecommons.org/licenses/by/4.0/legalcode,tan1412/3/GTA,,si
GBIF,1990417554,"Graneledone taniwha O'Shea, 1999",Graneledone taniwha,-46.84,170.3,924,910,938,2014-11-28T13:23/2014-11-28T14:14,2014,New Zealand,Pacífico Sur,HUMAN_OBSERVATION,421890f7-e909-40ed-a573-b1c9529a55fa,NZ research trawl surveys since 2008,10.15468/gzpcyl,Southwestern Pacific Ocean Biogeographic Information System (OBIS) Node,MPI,CC-BY,http://creativecommons.org/licenses/by/4.0/legalcode,tan1412/4/GTA,,si
GBIF,1990417791,"Graneledone taniwha O'Shea, 1999",Graneledone taniwha,-47.16,169.76,669.5,669,670,2014-11-28T18:02/2014-11-28T18:53,2014,New Zealand,Pacífico Sur,HUMAN_OBSERVATION,421890f7-e909-40ed-a573-b1c9529a55fa,NZ research trawl surveys since 2008,10.15468/gzpcyl,Southwestern Pacific Ocean Biogeographic Information System (OBIS) Node,MPI,CC-BY,http://creativecommons.org/licenses/by/4.0/legalcode,tan1412/5/GTA,,si
GBIF,4081151716,"Graneledone challengeri (S.S.Berry, 1916)",Graneledone challengeri,-46.531833,170.7405,893,893,893,2014-11-28,2014,New Zealand,Pacífico Sur,PRESERVED_SPECIMEN,4d0b1b2a-3209-49ce-bb93-7503e4868019,Earth Sciences New Zealand National Invertebrate Collection (NIC),10.15468/6qgswo,Earth Sciences New Zealand (ESNZ),Earth Sciences New Zealand,CC-BY,http://creativecommons.org/licenses/by/4.0/legalcode,0ef72635-ae01-47ba-8f4a-27aa18596f4a,,si
GBIF,1990416990,"Graneledone taniwha O'Shea, 1999",Graneledone taniwha,-46.61,166.27,829,821,837,2014-12-04T19:49/2014-12-04T20:40,2014,New Zealand,Pacífico Sur,HUMAN_OBSERVATION,421890f7-e909-40ed-a573-b1c9529a55fa,NZ research trawl surveys since 2008,10.15468/gzpcyl,Southwestern Pacific Ocean Biogeographic Information System (OBIS) Node,MPI,CC-BY,http://creativecommons.org/licenses/by/4.0/legalcode,tan1412/21/GTA,,si
GBIF,1990417431,"Graneledone Joubin, 1918",,-50.25,171.29,536.5,534,539,2014-12-07T05:03/2014-12-07T05:54,2014,New Zealand,Pacífico Sur,HUMAN_OBSERVATION,421890f7-e909-40ed-a573-b1c9529a55fa,NZ research trawl surveys since 2008,10.15468/gzpcyl,Southwestern Pacific Ocean Biogeographic Information System (OBIS) Node,MPI,CC-BY,http://creativecommons.org/licenses/by/4.0/legalcode,tan1412/33/DWO,,si
GBIF,1990418359,"Graneledone Joubin, 1918",,-49.37,167.5,607,596,618,2014-12-17T11:18/2014-12-17T12:09,2014,New Zealand,Pacífico Sur,HUMAN_OBSERVATION,421890f7-e909-40ed-a573-b1c9529a55fa,NZ research trawl surveys since 2008,10.15468/gzpcyl,Southwestern Pacific Ocean Biogeographic Information System (OBIS) Node,MPI,CC-BY,http://creativecommons.org/licenses/by/4.0/legalcode,tan1412/76/DWO,,si
GBIF,4081065066,"Graneledone Joubin, 1918",,-49.378,167.501333,597,597,597,2014-12-17,2014,New Zealand,Pacífico Sur,PRESERVED_SPECIMEN,4d0b1b2a-3209-49ce-bb93-7503e4868019,Earth Sciences New Zealand National Invertebrate Collection (NIC),10.15468/6qgswo,Earth Sciences New Zealand (ESNZ),Earth Sciences New Zealand,CC-BY,http://creativecommons.org/licenses/by/4.0/legalcode,1b72376e-a71b-4991-8757-375b801d3e37,,si
GBIF,1990406636,"Graneledone taniwha O'Shea, 1999",Graneledone taniwha,-42.81,175,964.5,963,966,2013-01-05T00:41/2013-01-05T00:48,2013,New Zealand,Pacífico Sur,HUMAN_OBSERVATION,421890f7-e909-40ed-a573-b1c9529a55fa,NZ research trawl surveys since 2008,10.15468/gzpcyl,Southwestern Pacific Ocean Biogeographic Information System (OBIS) Node,MPI,CC-BY,http://creativecommons.org/licenses/by/4.0/legalcode,tan1301/14/GTA,,si
GBIF,1990407870,"Graneledone Joubin, 1918",,-42.89,179.22,842.5,838,847,2013-01-09T01:15/2013-01-09T02:05,2013,New Zealand,Pacífico Sur,HUMAN_OBSERVATION,421890f7-e909-40ed-a573-b1c9529a55fa,NZ research trawl surveys since 2008,10.15468/gzpcyl,Southwestern Pacific Ocean Biogeographic Information System (OBIS) Node,MPI,CC-BY,http://creativecommons.org/licenses/by/4.0/legalcode,tan1301/45/DWO,,si
GBIF,1990409704,"Graneledone Joubin, 1918",,-44,-174.68,909,903,915,2013-01-15T14:14/2013-01-15T15:05,2013,New Zealand,Pacífico Sur,HUMAN_OBSERVATION,421890f7-e909-40ed-a573-b1c9529a55fa,NZ research trawl surveys since 2008,10.15468/gzpcyl,Southwestern Pacific Ocean Biogeographic Information System (OBIS) Node,MPI,CC-BY,http://creativecommons.org/licenses/by/4.0/legalcode,tan1301/93/DWO,,si
GBIF,3349427197,"Graneledone challengeri (S.S.Berry, 1916)",Graneledone challengeri,-34.8,171.7,,,,2013-07-05,2013,New Zealand,Pacífico Sur,PRESERVED_SPECIMEN,d8cd16ba-bb74-4420-821e-083f2bac17c2,INSDC Sequences,10.15468/sbmztx,European Nucleotide Archive (EMBL-EBI),,CC-BY,http://creativecommons.org/licenses/by/4.0/legalcode,MT225048,sin_profundidad,si
GBIF,4081141894,"Graneledone challengeri (S.S.Berry, 1916)",Graneledone challengeri,-34.815833,171.660667,977,977,977,2013-07-05,2013,New Zealand,Pacífico Sur,PRESERVED_SPECIMEN,4d0b1b2a-3209-49ce-bb93-7503e4868019,Earth Sciences New Zealand National Invertebrate Collection (NIC),10.15468/6qgswo,Earth Sciences New Zealand (ESNZ),Earth Sciences New Zealand,CC-BY,http://creativecommons.org/licenses/by/4.0/legalcode,13b83ec9-305c-4e59-8e76-ac59f265031f,,si
GBIF,1990398293,"Graneledone taniwha O'Shea, 1999",Graneledone taniwha,-42.77,-179.94,1057,1056,1058,2012-06-15T11:03/2012-06-15T11:33,2012,New Zealand,Pacífico Sur,HUMAN_OBSERVATION,421890f7-e909-40ed-a573-b1c9529a55fa,NZ research trawl surveys since 2008,10.15468/gzpcyl,Southwestern Pacific Ocean Biogeographic Information System (OBIS) Node,MPI,CC-BY,http://creativecommons.org/licenses/by/4.0/legalcode,tan1208/17/GTA,,si
GBIF,1990398639,"Graneledone challengeri (S.S.Berry, 1916)",Graneledone challengeri,-42.54,179.39,2217.5,2210,2225,2012-06-16T10:14/2012-06-16T11:28,2012,New Zealand,Pacífico Sur,HUMAN_OBSERVATION,421890f7-e909-40ed-a573-b1c9529a55fa,NZ research trawl surveys since 2008,10.15468/gzpcyl,Southwestern Pacific Ocean Biogeographic Information System (OBIS) Node,MPI,CC-BY,http://creativecommons.org/licenses/by/4.0/legalcode,tan1208/23/GCL,,si
GBIF,1990399066,"Graneledone Joubin, 1918",,-42.87,-179.6,753,750,756,2012-06-19T13:43/2012-06-19T14:13,2012,New Zealand,Pacífico Sur,HUMAN_OBSERVATION,421890f7-e909-40ed-a573-b1c9529a55fa,NZ research trawl surveys since 2008,10.15468/gzpcyl,Southwestern Pacific Ocean Biogeographic Information System (OBIS) Node,MPI,CC-BY,http://creativecommons.org/licenses/by/4.0/legalcode,tan1208/39/DWO,,si
GBIF,1990399350,"Graneledone taniwha O'Shea, 1999",Graneledone taniwha,-42.87,-179.58,745,741,749,2012-06-20T20:57/2012-06-20T21:27,2012,New Zealand,Pacífico Sur,HUMAN_OBSERVATION,421890f7-e909-40ed-a573-b1c9529a55fa,NZ research trawl surveys since 2008,10.15468/gzpcyl,Southwestern Pacific Ocean Biogeographic Information System (OBIS) Node,MPI,CC-BY,http://creativecommons.org/licenses/by/4.0/legalcode,tan1208/44/GTA,,si
GBIF,1990399466,"Graneledone taniwha O'Shea, 1999",Graneledone taniwha,-42.87,-179.73,780,772,788,2012-06-22T11:39/2012-06-22T12:09,2012,New Zealand,Pacífico Sur,HUMAN_OBSERVATION,421890f7-e909-40ed-a573-b1c9529a55fa,NZ research trawl surveys since 2008,10.15468/gzpcyl,Southwestern Pacific Ocean Biogeographic Information System (OBIS) Node,MPI,CC-BY,http://creativecommons.org/licenses/by/4.0/legalcode,tan1208/49/GTA,,si
GBIF,1990400311,"Graneledone Joubin, 1918",,-43.75,-179.07,392.5,389,396,2012-06-26T11:40/2012-06-26T12:10,2012,New Zealand,Pacífico Sur,HUMAN_OBSERVATION,421890f7-e909-40ed-a573-b1c9529a55fa,NZ research trawl surveys since 2008,10.15468/gzpcyl,Southwestern Pacific Ocean Biogeographic Information System (OBIS) Node,MPI,CC-BY,http://creativecommons.org/licenses/by/4.0/legalcode,tan1208/71/DWO,,si
GBIF,4081112841,"Graneledone challengeri (S.S.Berry, 1916)",Graneledone challengeri,-42.545167,179.395667,2217.5,2210,2225,2012-06-16,2012,New Zealand,Pacífico Sur,PRESERVED_SPECIMEN,4d0b1b2a-3209-49ce-bb93-7503e4868019,Earth Sciences New Zealand National Invertebrate Collection (NIC),10.15468/6qgswo,Earth Sciences New Zealand (ESNZ),Earth Sciences New Zealand,CC-BY,http://creativecommons.org/licenses/by/4.0/legalcode,614e0a22-fa36-11e2-96b3-aa6f927c92a3,,si
GBIF,4081112992,"Graneledone kubodera O'Shea, 1999",Graneledone kubodera,-42.870667,-179.739667,780,772,788,2012-06-22,2012,New Zealand,Pacífico Sur,HUMAN_OBSERVATION,4d0b1b2a-3209-49ce-bb93-7503e4868019,Earth Sciences New Zealand National Invertebrate Collection (NIC),10.15468/6qgswo,Earth Sciences New Zealand (ESNZ),Earth Sciences New Zealand,CC-BY,http://creativecommons.org/licenses/by/4.0/legalcode,6162c782-fa36-11e2-96b3-aa6f927c92a3,,si
GBIF,4081112994,"Graneledone taniwha O'Shea, 1999",Graneledone taniwha,-42.871,-179.584333,745,741,749,2012-06-20,2012,New Zealand,Pacífico Sur,PRESERVED_SPECIMEN,4d0b1b2a-3209-49ce-bb93-7503e4868019,Earth Sciences New Zealand National Invertebrate Collection (NIC),10.15468/6qgswo,Earth Sciences New Zealand (ESNZ),Earth Sciences New Zealand,CC-BY,http://creativecommons.org/licenses/by/4.0/legalcode,6162e2bc-fa36-11e2-96b3-aa6f927c92a3,,si
GBIF,4081145120,"Graneledone challengeri (S.S.Berry, 1916)",Graneledone challengeri,-42.870667,-179.739667,780,772,788,2012-06-22,2012,New Zealand,Pacífico Sur,HUMAN_OBSERVATION,4d0b1b2a-3209-49ce-bb93-7503e4868019,Earth Sciences New Zealand National Invertebrate Collection (NIC),10.15468/6qgswo,Earth Sciences New Zealand (ESNZ),Earth Sciences New Zealand,CC-BY,http://creativecommons.org/licenses/by/4.0/legalcode,616a1820-fa36-11e2-96b3-aa6f927c92a3,,si
GBIF,4081145230,"Graneledone taniwha O'Shea, 1999",Graneledone taniwha,-42.778833,-179.94,1057,1056,1058,2012-06-15,2012,New Zealand,Pacífico Sur,PRESERVED_SPECIMEN,4d0b1b2a-3209-49ce-bb93-7503e4868019,Earth Sciences New Zealand National Invertebrate Collection (NIC),10.15468/6qgswo,Earth Sciences New Zealand (ESNZ),Earth Sciences New Zealand,CC-BY,http://creativecommons.org/licenses/by/4.0/legalcode,6176354c-fa36-11e2-96b3-aa6f927c92a3,,si
GBIF,3987376068,"Graneledone taniwha kubodera O'Shea, 1999",Graneledone kubodera,-44.2,174.7,,,,2012-07-04,2012,New Zealand,Pacífico Sur,PRESERVED_SPECIMEN,d8cd16ba-bb74-4420-821e-083f2bac17c2,INSDC Sequences,10.15468/sbmztx,European Nucleotide Archive (EMBL-EBI),,CC-BY,http://creativecommons.org/licenses/by/4.0/legalcode,MT225060,sin_profundidad,si
GBIF,1321976148,"Graneledone verrucosa (A.E.Verrill, 1881)",Graneledone verrucosa,39.9277,-67.4271,1297.31,1297.31,1297.31,2012-09-03/2012-09-04,2012,United States of America,Atlántico Norte,PRESERVED_SPECIMEN,821cc27a-e3bb-4bc5-ac34-89ada245069d,NMNH Extant Biology,10.15468/hnhrg3,"National Museum of Natural History, Smithsonian Institution",USNM,CC0,http://creativecommons.org/publicdomain/zero/1.0/legalcode,http://n2t.net/ark:/65665/3d32c4356-5b05-496d-a7bb-8e47a095ed9a,,si
GBIF,3028065157,"Graneledone verrucosa (A.E.Verrill, 1881)",Graneledone verrucosa,39.9277,-67.4271,1297.31,1297.31,1297.31,2012-09-03/2012-09-04,2012,United States of America,Atlántico Norte,MATERIAL_SAMPLE,26098c25-8f7f-4c71-97ac-1d3db181c65e,NMNH Material Samples (USNM),10.15468/jb9tdf,"National Museum of Natural History, Smithsonian Institution",USNM,CC0,http://creativecommons.org/publicdomain/zero/1.0/legalcode,http://n2t.net/ark:/65665/335ddae5c-c67c-43f3-81ee-76ebd5b5d0c1,,si
GBIF,1990402715,"Graneledone taniwha O'Shea, 1999",Graneledone taniwha,-46.72,170.41,875.5,869,882,2012-11-27T09:34/2012-11-27T10:32,2012,New Zealand,Pacífico Sur,HUMAN_OBSERVATION,421890f7-e909-40ed-a573-b1c9529a55fa,NZ research trawl surveys since 2008,10.15468/gzpcyl,Southwestern Pacific Ocean Biogeographic Information System (OBIS) Node,MPI,CC-BY,http://creativecommons.org/licenses/by/4.0/legalcode,tan1215/1/GTA,,si
GBIF,1990402981,"Graneledone taniwha O'Shea, 1999",Graneledone taniwha,-46.79,166.07,711.5,690,733,2012-11-30T16:54/2012-11-30T17:45,2012,New Zealand,Pacífico Sur,HUMAN_OBSERVATION,421890f7-e909-40ed-a573-b1c9529a55fa,NZ research trawl surveys since 2008,10.15468/gzpcyl,Southwestern Pacific Ocean Biogeographic Information System (OBIS) Node,MPI,CC-BY,http://creativecommons.org/licenses/by/4.0/legalcode,tan1215/16/GTA,,si
GBIF,1990403006,"Graneledone taniwha O'Shea, 1999",Graneledone taniwha,-46.61,166.6,819,808,830,2012-11-30T13:25/2012-11-30T14:16,2012,New Zealand,Pacífico Sur,HUMAN_OBSERVATION,421890f7-e909-40ed-a573-b1c9529a55fa,NZ research trawl surveys since 2008,10.15468/gzpcyl,Southwestern Pacific Ocean Biogeographic Information System (OBIS) Node,MPI,CC-BY,http://creativecommons.org/licenses/by/4.0/legalcode,tan1215/15/GTA,,si
GBIF,1990403288,"Graneledone taniwha O'Shea, 1999",Graneledone taniwha,-47.14,170.13,927,926,928,2012-12-02T18:17/2012-12-02T19:08,2012,New Zealand,Pacífico Sur,HUMAN_OBSERVATION,421890f7-e909-40ed-a573-b1c9529a55fa,NZ research trawl surveys since 2008,10.15468/gzpcyl,Southwestern Pacific Ocean Biogeographic Information System (OBIS) Node,MPI,CC-BY,http://creativecommons.org/licenses/by/4.0/legalcode,tan1215/25/GTA,,si
GBIF,1990404010,"Graneledone taniwha O'Shea, 1999",Graneledone taniwha,-51.34,171.31,526,526,526,2012-12-08T09:10/2012-12-08T10:01,2012,New Zealand,Pacífico Sur,HUMAN_OBSERVATION,421890f7-e909-40ed-a573-b1c9529a55fa,NZ research trawl surveys since 2008,10.15468/gzpcyl,Southwestern Pacific Ocean Biogeographic Information System (OBIS) Node,MPI,CC-BY,http://creativecommons.org/licenses/by/4.0/legalcode,tan1215/48/GTA,,si
GBIF,1990404998,"Graneledone Joubin, 1918",,-49.11,167.33,739,735,743,2012-12-18T08:01/2012-12-18T08:52,2012,New Zealand,Pacífico Sur,HUMAN_OBSERVATION,421890f7-e909-40ed-a573-b1c9529a55fa,NZ research trawl surveys since 2008,10.15468/gzpcyl,Southwestern Pacific Ocean Biogeographic Information System (OBIS) Node,MPI,CC-BY,http://creativecommons.org/licenses/by/4.0/legalcode,tan1215/87/DWO,,si
GBIF,3351410174,"Graneledone taniwha O'Shea, 1999",Graneledone taniwha,-43.11,179.32,,,,2012-12-01,2012,New Zealand,Pacífico Sur,PRESERVED_SPECIMEN,d8cd16ba-bb74-4420-821e-083f2bac17c2,INSDC Sequences,10.15468/sbmztx,European Nucleotide Archive (EMBL-EBI),,CC-BY,http://creativecommons.org/licenses/by/4.0/legalcode,MG999667,sin_profundidad,si
GBIF,3969028578,"Graneledone challengeri (S.S.Berry, 1916)",Graneledone challengeri,-43.11,179.32,,,,2012-12-01,2012,New Zealand,Pacífico Sur,PRESERVED_SPECIMEN,d8cd16ba-bb74-4420-821e-083f2bac17c2,INSDC Sequences,10.15468/sbmztx,European Nucleotide Archive (EMBL-EBI),,CC-BY,http://creativecommons.org/licenses/by/4.0/legalcode,MG999650,sin_profundidad,si
GBIF,1990390394,"Graneledone Joubin, 1918",,-42.67,175.81,1064.5,1055,1074,2011-01-26T08:19/2011-01-26T09:10,2011,New Zealand,Pacífico Sur,HUMAN_OBSERVATION,421890f7-e909-40ed-a573-b1c9529a55fa,NZ research trawl surveys since 2008,10.15468/gzpcyl,Southwestern Pacific Ocean Biogeographic Information System (OBIS) Node,MPI,CC-BY,http://creativecommons.org/licenses/by/4.0/legalcode,tan1101/117/DWO,,si
GBIF,1990391567,"Graneledone Joubin, 1918",,-43.3,-174.71,829,827,831,2011-01-10T15:41/2011-01-10T16:32,2011,New Zealand,Pacífico Sur,HUMAN_OBSERVATION,421890f7-e909-40ed-a573-b1c9529a55fa,NZ research trawl surveys since 2008,10.15468/gzpcyl,Southwestern Pacific Ocean Biogeographic Information System (OBIS) Node,MPI,CC-BY,http://creativecommons.org/licenses/by/4.0/legalcode,tan1101/41/DWO,,si
GBIF,1990391958,"Graneledone Joubin, 1918",,-42.89,-176.78,767.5,757,778,2011-01-13T05:22/2011-01-13T06:12,2011,New Zealand,Pacífico Sur,HUMAN_OBSERVATION,421890f7-e909-40ed-a573-b1c9529a55fa,NZ research trawl surveys since 2008,10.15468/gzpcyl,Southwestern Pacific Ocean Biogeographic Information System (OBIS) Node,MPI,CC-BY,http://creativecommons.org/licenses/by/4.0/legalcode,tan1101/51/DWO,,si
GBIF,1990393182,"Graneledone Joubin, 1918",,-44.35,174.17,675,674,676,2011-01-20T09:07/2011-01-20T09:58,2011,New Zealand,Pacífico Sur,HUMAN_OBSERVATION,421890f7-e909-40ed-a573-b1c9529a55fa,NZ research trawl surveys since 2008,10.15468/gzpcyl,Southwestern Pacific Ocean Biogeographic Information System (OBIS) Node,MPI,CC-BY,http://creativecommons.org/licenses/by/4.0/legalcode,tan1101/88/DWO,,si
GBIF,1990421191,"Graneledone Joubin, 1918",,-40.1,168.13,895.5,890,901,2011-07-02T21:30/2011-07-02T21:59,2011,New Zealand,Pacífico Sur,HUMAN_OBSERVATION,421890f7-e909-40ed-a573-b1c9529a55fa,NZ research trawl surveys since 2008,10.15468/gzpcyl,Southwestern Pacific Ocean Biogeographic Information System (OBIS) Node,MPI,CC-BY,http://creativecommons.org/licenses/by/4.0/legalcode,thh1101/49/DWO,,si
GBIF,1990370892,"Graneledone Joubin, 1918",,-44.23,174.34,606.5,603,610,2011-11-23T23:23/2011-11-23T23:41,2011,New Zealand,Pacífico Sur,HUMAN_OBSERVATION,421890f7-e909-40ed-a573-b1c9529a55fa,NZ research trawl surveys since 2008,10.15468/gzpcyl,Southwestern Pacific Ocean Biogeographic Information System (OBIS) Node,MPI,CC-BY,http://creativecommons.org/licenses/by/4.0/legalcode,swa1102/14/DWO,,si
GBIF,1990371134,"Graneledone Joubin, 1918",,-44.78,174.19,846.5,840,853,2011-11-27T03:00/2011-11-27T03:27,2011,New Zealand,Pacífico Sur,HUMAN_OBSERVATION,421890f7-e909-40ed-a573-b1c9529a55fa,NZ research trawl surveys since 2008,10.15468/gzpcyl,Southwestern Pacific Ocean Biogeographic Information System (OBIS) Node,MPI,CC-BY,http://creativecommons.org/licenses/by/4.0/legalcode,swa1102/27/DWO,,si
GBIF,1990371171,"Graneledone Joubin, 1918",,-44.67,173.31,847,828,866,2011-11-29T11:35/2011-11-29T11:52,2011,New Zealand,Pacífico Sur,HUMAN_OBSERVATION,421890f7-e909-40ed-a573-b1c9529a55fa,NZ research trawl surveys since 2008,10.15468/gzpcyl,Southwestern Pacific Ocean Biogeographic Information System (OBIS) Node,MPI,CC-BY,http://creativecommons.org/licenses/by/4.0/legalcode,swa1102/34/DWO,,si
GBIF,1990393896,"Graneledone Joubin, 1918",,-48.78,169.15,731.5,724,739,2011-11-29T05:09/2011-11-29T06:02,2011,New Zealand,Pacífico Sur,HUMAN_OBSERVATION,421890f7-e909-40ed-a573-b1c9529a55fa,NZ research trawl surveys since 2008,10.15468/gzpcyl,Southwestern Pacific Ocean Biogeographic Information System (OBIS) Node,MPI,CC-BY,http://creativecommons.org/licenses/by/4.0/legalcode,tan1117/10/DWO,,si
GBIF,1990394042,"Graneledone Joubin, 1918",,-48.82,169.82,869,862,876,2011-11-29T09:06/2011-11-29T09:58,2011,New Zealand,Pacífico Sur,HUMAN_OBSERVATION,421890f7-e909-40ed-a573-b1c9529a55fa,NZ research trawl surveys since 2008,10.15468/gzpcyl,Southwestern Pacific Ocean Biogeographic Information System (OBIS) Node,MPI,CC-BY,http://creativecommons.org/licenses/by/4.0/legalcode,tan1117/11/DWO,,si
GBIF,1990394069,"Graneledone Joubin, 1918",,-48.59,170.07,850,846,854,2011-11-29T12:48/2011-11-29T13:39,2011,New Zealand,Pacífico Sur,HUMAN_OBSERVATION,421890f7-e909-40ed-a573-b1c9529a55fa,NZ research trawl surveys since 2008,10.15468/gzpcyl,Southwestern Pacific Ocean Biogeographic Information System (OBIS) Node,MPI,CC-BY,http://creativecommons.org/licenses/by/4.0/legalcode,tan1117/12/DWO,,si
GBIF,1990395516,"Graneledone Joubin, 1918",,-47.57,169.84,816.5,808,825,2011-11-28T05:14/2011-11-28T06:08,2011,New Zealand,Pacífico Sur,HUMAN_OBSERVATION,421890f7-e909-40ed-a573-b1c9529a55fa,NZ research trawl surveys since 2008,10.15468/gzpcyl,Southwestern Pacific Ocean Biogeographic Information System (OBIS) Node,MPI,CC-BY,http://creativecommons.org/licenses/by/4.0/legalcode,tan1117/7/DWO,,si
GBIF,1990396000,"Graneledone Joubin, 1918",,-47.94,169.92,908.5,896,921,2011-11-28T15:46/2011-11-28T16:38,2011,New Zealand,Pacífico Sur,HUMAN_OBSERVATION,421890f7-e909-40ed-a573-b1c9529a55fa,NZ research trawl surveys since 2008,10.15468/gzpcyl,Southwestern Pacific Ocean Biogeographic Information System (OBIS) Node,MPI,CC-BY,http://creativecommons.org/licenses/by/4.0/legalcode,tan1117/9/DWO,,si
GBIF,4081100112,"Graneledone taniwha O'Shea, 1999",Graneledone taniwha,-44.695333,173.698833,893,888,898,2011-11-08,2011,New Zealand,Pacífico Sur,PRESERVED_SPECIMEN,4d0b1b2a-3209-49ce-bb93-7503e4868019,Earth Sciences New Zealand National Invertebrate Collection (NIC),10.15468/6qgswo,Earth Sciences New Zealand (ESNZ),Earth Sciences New Zealand,CC-BY,http://creativecommons.org/licenses/by/4.0/legalcode,60e3cb1c-fa36-11e2-96b3-aa6f927c92a3,,si
GBIF,1990394297,"Graneledone Joubin, 1918",,-49.58,175.43,775.5,774,777,2011-12-02T05:01/2011-12-02T05:54,2011,New Zealand,Pacífico Sur,HUMAN_OBSERVATION,421890f7-e909-40ed-a573-b1c9529a55fa,NZ research trawl surveys since 2008,10.15468/gzpcyl,Southwestern Pacific Ocean Biogeographic Information System (OBIS) Node,MPI,CC-BY,http://creativecommons.org/licenses/by/4.0/legalcode,tan1117/22/DWO,,si
GBIF,1990395141,"Graneledone Joubin, 1918",,-49.21,168.48,684,673,695,2011-12-11T07:05/2011-12-11T07:56,2011,New Zealand,Pacífico Sur,HUMAN_OBSERVATION,421890f7-e909-40ed-a573-b1c9529a55fa,NZ research trawl surveys since 2008,10.15468/gzpcyl,Southwestern Pacific Ocean Biogeographic Information System (OBIS) Node,MPI,CC-BY,http://creativecommons.org/licenses/by/4.0/legalcode,tan1117/59/DWO,,si
GBIF,1990395236,"Graneledone Joubin, 1918",,-49.5,167.97,668.5,666,671,2011-12-11T10:30/2011-12-11T11:20,2011,New Zealand,Pacífico Sur,HUMAN_OBSERVATION,421890f7-e909-40ed-a573-b1c9529a55fa,NZ research trawl surveys since 2008,10.15468/gzpcyl,Southwestern Pacific Ocean Biogeographic Information System (OBIS) Node,MPI,CC-BY,http://creativecommons.org/licenses/by/4.0/legalcode,tan1117/60/DWO,,si
GBIF,1990395503,"Graneledone Joubin, 1918",,-49.03,167.04,541,503,579,2011-12-13T10:44/2011-12-13T11:33,2011,New Zealand,Pacífico Sur,HUMAN_OBSERVATION,421890f7-e909-40ed-a573-b1c9529a55fa,NZ research trawl surveys since 2008,10.15468/gzpcyl,Southwestern Pacific Ocean Biogeographic Information System (OBIS) Node,MPI,CC-BY,http://creativecommons.org/licenses/by/4.0/legalcode,tan1117/70/DWO,,si
GBIF,1990395938,"Graneledone Joubin, 1918",,-46.65,166.22,847.5,846,849,2011-12-16T15:43/2011-12-16T16:35,2011,New Zealand,Pacífico Sur,HUMAN_OBSERVATION,421890f7-e909-40ed-a573-b1c9529a55fa,NZ research trawl surveys since 2008,10.15468/gzpcyl,Southwestern Pacific Ocean Biogeographic Information System (OBIS) Node,MPI,CC-BY,http://creativecommons.org/licenses/by/4.0/legalcode,tan1117/87/DWO,,si
GBIF,1990396120,"Graneledone Joubin, 1918",,-46.62,166.54,882.5,870,895,2011-12-17T07:34/2011-12-17T08:12,2011,New Zealand,Pacífico Sur,HUMAN_OBSERVATION,421890f7-e909-40ed-a573-b1c9529a55fa,NZ research trawl surveys since 2008,10.15468/gzpcyl,Southwestern Pacific Ocean Biogeographic Information System (OBIS) Node,MPI,CC-BY,http://creativecommons.org/licenses/by/4.0/legalcode,tan1117/90/DWO,,si
GBIF,4081202750,"Graneledone Joubin, 1918",,-46.797167,167.0715,710,708,712,2011-12-11,2011,New Zealand,Pacífico Sur,PRESERVED_SPECIMEN,4d0b1b2a-3209-49ce-bb93-7503e4868019,Earth Sciences New Zealand National Invertebrate Collection (NIC),10.15468/6qgswo,Earth Sciences New Zealand (ESNZ),Earth Sciences New Zealand,CC-BY,http://creativecommons.org/licenses/by/4.0/legalcode,9421d3fd-395e-4877-ba67-4091216246a2,,si
GBIF,1990378034,"Graneledone Joubin, 1918",,-42.78,177.35,663,654,672,2010-01-02T08:24/2010-01-02T09:15,2010,New Zealand,Pacífico Sur,HUMAN_OBSERVATION,421890f7-e909-40ed-a573-b1c9529a55fa,NZ research trawl surveys since 2008,10.15468/gzpcyl,Southwestern Pacific Ocean Biogeographic Information System (OBIS) Node,MPI,CC-BY,http://creativecommons.org/licenses/by/4.0/legalcode,tan1001/1/DWO,,si
GBIF,1990378125,"Graneledone Joubin, 1918",,-44.78,174.08,833,821,845,2010-01-20T23:04/2010-01-20T23:55,2010,New Zealand,Pacífico Sur,HUMAN_OBSERVATION,421890f7-e909-40ed-a573-b1c9529a55fa,NZ research trawl surveys since 2008,10.15468/gzpcyl,Southwestern Pacific Ocean Biogeographic Information System (OBIS) Node,MPI,CC-BY,http://creativecommons.org/licenses/by/4.0/legalcode,tan1001/102/DWO,,si
GBIF,1990378174,"Graneledone Joubin, 1918",,-44.63,173.48,787.5,781,794,2010-01-21T05:24/2010-01-21T06:16,2010,New Zealand,Pacífico Sur,HUMAN_OBSERVATION,421890f7-e909-40ed-a573-b1c9529a55fa,NZ research trawl surveys since 2008,10.15468/gzpcyl,Southwestern Pacific Ocean Biogeographic Information System (OBIS) Node,MPI,CC-BY,http://creativecommons.org/licenses/by/4.0/legalcode,tan1001/103/DWO,,si
GBIF,1990380151,"Graneledone Joubin, 1918",,-42.79,-175.89,1152.5,1148,1157,2010-01-09T21:36/2010-01-09T22:28,2010,New Zealand,Pacífico Sur,HUMAN_OBSERVATION,421890f7-e909-40ed-a573-b1c9529a55fa,NZ research trawl surveys since 2008,10.15468/gzpcyl,Southwestern Pacific Ocean Biogeographic Information System (OBIS) Node,MPI,CC-BY,http://creativecommons.org/licenses/by/4.0/legalcode,tan1001/44/DWO,,si
GBIF,1990380224,"Graneledone Joubin, 1918",,-42.8,-175.64,1116.5,1115,1118,2010-01-10T00:17/2010-01-10T01:08,2010,New Zealand,Pacífico Sur,HUMAN_OBSERVATION,421890f7-e909-40ed-a573-b1c9529a55fa,NZ research trawl surveys since 2008,10.15468/gzpcyl,Southwestern Pacific Ocean Biogeographic Information System (OBIS) Node,MPI,CC-BY,http://creativecommons.org/licenses/by/4.0/legalcode,tan1001/45/DWO,,si
GBIF,1990380956,"Graneledone Joubin, 1918",,-44.4,-178.84,856.5,848,865,2010-01-13T16:58/2010-01-13T17:49,2010,New Zealand,Pacífico Sur,HUMAN_OBSERVATION,421890f7-e909-40ed-a573-b1c9529a55fa,NZ research trawl surveys since 2008,10.15468/gzpcyl,Southwestern Pacific Ocean Biogeographic Information System (OBIS) Node,MPI,CC-BY,http://creativecommons.org/licenses/by/4.0/legalcode,tan1001/65/DWO,,si
GBIF,1990381559,"Graneledone Joubin, 1918",,-43.99,177.45,736,720,752,2010-01-18T07:48/2010-01-18T08:39,2010,New Zealand,Pacífico Sur,HUMAN_OBSERVATION,421890f7-e909-40ed-a573-b1c9529a55fa,NZ research trawl surveys since 2008,10.15468/gzpcyl,Southwestern Pacific Ocean Biogeographic Information System (OBIS) Node,MPI,CC-BY,http://creativecommons.org/licenses/by/4.0/legalcode,tan1001/87/DWO,,si
GBIF,4081093368,"Graneledone taniwha O'Shea, 1999",Graneledone taniwha,-42.770833,177.516667,766.5,761,772,2010-01-02,2010,New Zealand,Pacífico Sur,HUMAN_OBSERVATION,4d0b1b2a-3209-49ce-bb93-7503e4868019,Earth Sciences New Zealand National Invertebrate Collection (NIC),10.15468/6qgswo,Earth Sciences New Zealand (ESNZ),Earth Sciences New Zealand,CC-BY,http://creativecommons.org/licenses/by/4.0/legalcode,5c22637c-fa36-11e2-96b3-aa6f927c92a3,,si
GBIF,5189163432,"Graneledone taniwha O'Shea, 1999",Graneledone taniwha,-44.632,173.483667,785.5,781,790,2010-01-21,2010,New Zealand,Pacífico Sur,PRESERVED_SPECIMEN,4d0b1b2a-3209-49ce-bb93-7503e4868019,Earth Sciences New Zealand National Invertebrate Collection (NIC),10.15468/6qgswo,Earth Sciences New Zealand (ESNZ),Earth Sciences New Zealand,CC-BY,http://creativecommons.org/licenses/by/4.0/legalcode,2fb8aa50-2656-468b-bc08-220c3bc5aed0,,si
GBIF,5189166376,"Graneledone taniwha O'Shea, 1999",Graneledone taniwha,-44.632,173.483667,785.5,781,790,2010-01-21,2010,New Zealand,Pacífico Sur,PRESERVED_SPECIMEN,4d0b1b2a-3209-49ce-bb93-7503e4868019,Earth Sciences New Zealand National Invertebrate Collection (NIC),10.15468/6qgswo,Earth Sciences New Zealand (ESNZ),Earth Sciences New Zealand,CC-BY,http://creativecommons.org/licenses/by/4.0/legalcode,1b8e55fb-88e7-45d5-9f00-ac07940244ad,,si
GBIF,5189181419,"Graneledone taniwha O'Shea, 1999",Graneledone taniwha,-44.783667,174.082667,833,821,845,2010-01-20,2010,New Zealand,Pacífico Sur,PRESERVED_SPECIMEN,4d0b1b2a-3209-49ce-bb93-7503e4868019,Earth Sciences New Zealand National Invertebrate Collection (NIC),10.15468/6qgswo,Earth Sciences New Zealand (ESNZ),Earth Sciences New Zealand,CC-BY,http://creativecommons.org/licenses/by/4.0/legalcode,2d0e1fb5-cc2c-47f2-866b-53e783637d51,,si
GBIF,5189184511,"Graneledone taniwha O'Shea, 1999",Graneledone taniwha,-44.783667,174.082667,833,821,845,2010-01-20,2010,New Zealand,Pacífico Sur,PRESERVED_SPECIMEN,4d0b1b2a-3209-49ce-bb93-7503e4868019,Earth Sciences New Zealand National Invertebrate Collection (NIC),10.15468/6qgswo,Earth Sciences New Zealand (ESNZ),Earth Sciences New Zealand,CC-BY,http://creativecommons.org/licenses/by/4.0/legalcode,48d8d4a3-9a69-4770-b5ce-0797f552f8c2,,si
GBIF,1990384651,"Graneledone Joubin, 1918",,-39.89,177.67,1129,1118,1140,2010-03-22T12:27/2010-03-22T13:07,2010,New Zealand,Pacífico Sur,HUMAN_OBSERVATION,421890f7-e909-40ed-a573-b1c9529a55fa,NZ research trawl surveys since 2008,10.15468/gzpcyl,Southwestern Pacific Ocean Biogeographic Information System (OBIS) Node,MPI,CC-BY,http://creativecommons.org/licenses/by/4.0/legalcode,tan1003/28/DWO,,si
GBIF,1990385708,"Graneledone Joubin, 1918",,-40.79,176.94,881.5,823,940,2010-03-27T15:37/2010-03-27T16:06,2010,New Zealand,Pacífico Sur,HUMAN_OBSERVATION,421890f7-e909-40ed-a573-b1c9529a55fa,NZ research trawl surveys since 2008,10.15468/gzpcyl,Southwestern Pacific Ocean Biogeographic Information System (OBIS) Node,MPI,CC-BY,http://creativecommons.org/licenses/by/4.0/legalcode,tan1003/70/DWO,,si
GBIF,1990386370,"Graneledone Joubin, 1918",,-41.36,176.13,873,870,876,2010-03-29T22:43/2010-03-29T23:14,2010,New Zealand,Pacífico Sur,HUMAN_OBSERVATION,421890f7-e909-40ed-a573-b1c9529a55fa,NZ research trawl surveys since 2008,10.15468/gzpcyl,Southwestern Pacific Ocean Biogeographic Information System (OBIS) Node,MPI,CC-BY,http://creativecommons.org/licenses/by/4.0/legalcode,tan1003/93/DWO,,si
GBIF,1990383013,"Graneledone Joubin, 1918",,-43.25,173.97,902,888,916,2010-04-02T22:33/2010-04-02T23:13,2010,New Zealand,Pacífico Sur,HUMAN_OBSERVATION,421890f7-e909-40ed-a573-b1c9529a55fa,NZ research trawl surveys since 2008,10.15468/gzpcyl,Southwestern Pacific Ocean Biogeographic Information System (OBIS) Node,MPI,CC-BY,http://creativecommons.org/licenses/by/4.0/legalcode,tan1003/133/DWO,,si
GBIF,1990383278,"Graneledone Joubin, 1918",,-42.93,174.11,1266,1208,1324,2010-04-04T01:32/2010-04-04T02:11,2010,New Zealand,Pacífico Sur,HUMAN_OBSERVATION,421890f7-e909-40ed-a573-b1c9529a55fa,NZ research trawl surveys since 2008,10.15468/gzpcyl,Southwestern Pacific Ocean Biogeographic Information System (OBIS) Node,MPI,CC-BY,http://creativecommons.org/licenses/by/4.0/legalcode,tan1003/144/DWO,,si
GBIF,1990383851,"Graneledone Joubin, 1918",,-41.1,176.58,1166.5,1153,1180,2010-04-07T01:58/2010-04-07T02:37,2010,New Zealand,Pacífico Sur,HUMAN_OBSERVATION,421890f7-e909-40ed-a573-b1c9529a55fa,NZ research trawl surveys since 2008,10.15468/gzpcyl,Southwestern Pacific Ocean Biogeographic Information System (OBIS) Node,MPI,CC-BY,http://creativecommons.org/licenses/by/4.0/legalcode,tan1003/163/DWO,,si
GBIF,1990384313,"Graneledone Joubin, 1918",,-38.95,178.54,1290.5,1285,1296,2010-04-09T14:52/2010-04-09T15:23,2010,New Zealand,Pacífico Sur,HUMAN_OBSERVATION,421890f7-e909-40ed-a573-b1c9529a55fa,NZ research trawl surveys since 2008,10.15468/gzpcyl,Southwestern Pacific Ocean Biogeographic Information System (OBIS) Node,MPI,CC-BY,http://creativecommons.org/licenses/by/4.0/legalcode,tan1003/180/DWO,,si
GBIF,1990388613,"Graneledone challengeri (S.S.Berry, 1916)",Graneledone challengeri,-42.81,179.93,965,963,967,2010-06-25T03:48/2010-06-25T04:18,2010,New Zealand,Pacífico Sur,HUMAN_OBSERVATION,421890f7-e909-40ed-a573-b1c9529a55fa,NZ research trawl surveys since 2008,10.15468/gzpcyl,Southwestern Pacific Ocean Biogeographic Information System (OBIS) Node,MPI,CC-BY,http://creativecommons.org/licenses/by/4.0/legalcode,tan1008/62/GCL,,si
GBIF,1990388937,"Graneledone Joubin, 1918",,-42.83,179.67,959,958,960,2010-06-16T14:31/2010-06-16T15:01,2010,New Zealand,Pacífico Sur,HUMAN_OBSERVATION,421890f7-e909-40ed-a573-b1c9529a55fa,NZ research trawl surveys since 2008,10.15468/gzpcyl,Southwestern Pacific Ocean Biogeographic Information System (OBIS) Node,MPI,CC-BY,http://creativecommons.org/licenses/by/4.0/legalcode,tan1008/7/DWO,,si
GBIF,4081092036,"Graneledone challengeri (S.S.Berry, 1916)",Graneledone challengeri,-42.818333,179.938833,963.5,963,964,2010-06-25,2010,New Zealand,Pacífico Sur,HUMAN_OBSERVATION,4d0b1b2a-3209-49ce-bb93-7503e4868019,Earth Sciences New Zealand National Invertebrate Collection (NIC),10.15468/6qgswo,Earth Sciences New Zealand (ESNZ),Earth Sciences New Zealand,CC-BY,http://creativecommons.org/licenses/by/4.0/legalcode,5c75bef0-fa36-11e2-96b3-aa6f927c92a3,,si
GBIF,6184745031,"Graneledone pacifica G.L.Voss & Pearcy, 1990",Graneledone pacifica,47.96877,-129.04761,,,,2010-09-19T23:02:16,2010,Canada,Pacífico Norte,HUMAN_OBSERVATION,50c9509d-22c7-4a22-a47d-8c48425ef4a7,iNaturalist research-grade observations,10.15468/ab3s5x,iNaturalist.org,iNaturalist,CC-BY,http://creativecommons.org/licenses/by/4.0/legalcode,https://www.inaturalist.org/observations/184889545,sin_profundidad,si
GBIF,4081081655,"Graneledone antarctica G.L.Voss, 1976",Graneledone antarctica,-72,177,1332,1332,1332,2010-12-29,2010,Antarctica,Océano Austral,PRESERVED_SPECIMEN,4d0b1b2a-3209-49ce-bb93-7503e4868019,Earth Sciences New Zealand National Invertebrate Collection (NIC),10.15468/6qgswo,Earth Sciences New Zealand (ESNZ),Earth Sciences New Zealand,CC-BY,http://creativecommons.org/licenses/by/4.0/legalcode,47b7deaf-1a15-4b76-b134-53b862525e02,coordenada_en_grado_entero,si
GBIF,4081164327,"Graneledone antarctica G.L.Voss, 1976",Graneledone antarctica,-72,176,1295,1295,1295,2010-12,2010,Antarctica,Océano Austral,PRESERVED_SPECIMEN,4d0b1b2a-3209-49ce-bb93-7503e4868019,Earth Sciences New Zealand National Invertebrate Collection (NIC),10.15468/6qgswo,Earth Sciences New Zealand (ESNZ),Earth Sciences New Zealand,CC-BY,http://creativecommons.org/licenses/by/4.0/legalcode,234b6e34-930b-4637-b570-765ae981916d,coordenada_en_grado_entero,si
GBIF,461395553,"Graneledone Joubin, 1918",,-63.01807,-52.40563,627.5,627,628,2009-03-04,2009,Antarctica,Océano Austral,PRESERVED_SPECIMEN,854e35e6-f762-11e1-a439-00145eb45e9a,"Invertebrate Zoology Division, Yale Peabody Museum",10.15468/0lkr3w,Yale University Peabody Museum,YPM,CC0,http://creativecommons.org/publicdomain/zero/1.0/legalcode,urn:uuid:082753c2-a2e4-459b-8940-c79c10e1523d,,si
GBIF,1065162825,"Graneledone pacifica G.L.Voss & Pearcy, 1990",Graneledone pacifica,36.69449,-122.295472,1292.5,1292,1293,2009-04-10,2009,United States of America,Pacífico Norte,PRESERVED_SPECIMEN,005eb8d8-ed94-41be-89cf-e3115a9058e4,FMNH Invertebrate Zoology,10.15468/6q5vuc,Field Museum,FMNH,CC0,http://creativecommons.org/publicdomain/zero/1.0/legalcode,15b4393f-b263-4c2b-ae66-7f9127071538,,si
GBIF,2416949105,"Graneledone boreopacifica Nesis, 1982",Graneledone boreopacifica,32.656817,-119.47365,1308,1308,1308,2009-05-20,2009,United States of America,Pacífico Norte,PRESERVED_SPECIMEN,a267b6a7-91f9-457c-889a-481e7aa920b6,SIO Benthic Invertebrate Collection,10.15468/4w9oc7,Scripps Institution of Oceanography,SIO,CC0,http://creativecommons.org/publicdomain/zero/1.0/legalcode,urn:catalog:SIO:BIC:M12112,,si
GBIF,2416949241,"Graneledone boreopacifica Nesis, 1982",Graneledone boreopacifica,32.656817,-119.47365,1308,1308,1308,2009-05-20,2009,United States of America,Pacífico Norte,PRESERVED_SPECIMEN,a267b6a7-91f9-457c-889a-481e7aa920b6,SIO Benthic Invertebrate Collection,10.15468/4w9oc7,Scripps Institution of Oceanography,SIO,CC0,http://creativecommons.org/publicdomain/zero/1.0/legalcode,urn:catalog:SIO:BIC:M12111,,si
GBIF,1557884961,"Graneledone verrucosa (A.E.Verrill, 1881)",Graneledone verrucosa,50.3125,-4.071025,,,,2009-07-27,2009,United Kingdom of Great Britain and Northern Ireland,Atlántico Norte,HUMAN_OBSERVATION,52422715-c1db-40a0-ba16-b84a295d248a,Seasearch Marine Surveys in England,10.15468/kywx6m,Seasearch,,CC-BY,http://creativecommons.org/licenses/by/4.0/legalcode,0b7c6214-8443-4b65-ac27-84a3af9f471a,sin_profundidad,si
GBIF,1065099522,"Graneledone pacifica G.L.Voss & Pearcy, 1990",Graneledone pacifica,36.63169,-122.38472,1750,1500,2000,2009-10-09,2009,United States of America,Pacífico Norte,PRESERVED_SPECIMEN,005eb8d8-ed94-41be-89cf-e3115a9058e4,FMNH Invertebrate Zoology,10.15468/6q5vuc,Field Museum,FMNH,CC0,http://creativecommons.org/publicdomain/zero/1.0/legalcode,94eeaffe-b3ab-4d7a-9a2d-7c4690bd1481,,si
GBIF,4081090846,"Graneledone Joubin, 1918",,-44.2,-174.4,1227.5,1090,1365,2009-10-09,2009,New Zealand,Pacífico Sur,PRESERVED_SPECIMEN,4d0b1b2a-3209-49ce-bb93-7503e4868019,Earth Sciences New Zealand National Invertebrate Collection (NIC),10.15468/6qgswo,Earth Sciences New Zealand (ESNZ),Earth Sciences New Zealand,CC-BY,http://creativecommons.org/licenses/by/4.0/legalcode,604ac80e-fa36-11e2-96b3-aa6f927c92a3,,si
GBIF,1990369848,"Graneledone Joubin, 1918",,-44.54,-177.84,910,906,914,2009-11-05T21:58/2009-11-05T22:09,2009,New Zealand,Pacífico Sur,HUMAN_OBSERVATION,421890f7-e909-40ed-a573-b1c9529a55fa,NZ research trawl surveys since 2008,10.15468/gzpcyl,Southwestern Pacific Ocean Biogeographic Information System (OBIS) Node,MPI,CC-BY,http://creativecommons.org/licenses/by/4.0/legalcode,swa0901/7/DWO,,si
GBIF,1990375994,"Graneledone Joubin, 1918",,-46.73,170.38,863.5,853,874,2009-11-27T06:32/2009-11-27T07:26,2009,New Zealand,Pacífico Sur,HUMAN_OBSERVATION,421890f7-e909-40ed-a573-b1c9529a55fa,NZ research trawl surveys since 2008,10.15468/gzpcyl,Southwestern Pacific Ocean Biogeographic Information System (OBIS) Node,MPI,CC-BY,http://creativecommons.org/licenses/by/4.0/legalcode,tan0911/2/DWO,,si
GBIF,1990376251,"Graneledone Joubin, 1918",,-46.98,169.97,719.5,710,729,2009-11-27T10:46/2009-11-27T11:40,2009,New Zealand,Pacífico Sur,HUMAN_OBSERVATION,421890f7-e909-40ed-a573-b1c9529a55fa,NZ research trawl surveys since 2008,10.15468/gzpcyl,Southwestern Pacific Ocean Biogeographic Information System (OBIS) Node,MPI,CC-BY,http://creativecommons.org/licenses/by/4.0/legalcode,tan0911/3/DWO,,si
GBIF,1990376536,"Graneledone Joubin, 1918",,-47.45,169.98,946,941,951,2009-11-27T14:54/2009-11-27T15:49,2009,New Zealand,Pacífico Sur,HUMAN_OBSERVATION,421890f7-e909-40ed-a573-b1c9529a55fa,NZ research trawl surveys since 2008,10.15468/gzpcyl,Southwestern Pacific Ocean Biogeographic Information System (OBIS) Node,MPI,CC-BY,http://creativecommons.org/licenses/by/4.0/legalcode,tan0911/4/DWO,,si
GBIF,1990377290,"Graneledone Joubin, 1918",,-49.29,169.34,725.5,724,727,2009-11-29T07:30/2009-11-29T08:28,2009,New Zealand,Pacífico Sur,HUMAN_OBSERVATION,421890f7-e909-40ed-a573-b1c9529a55fa,NZ research trawl surveys since 2008,10.15468/gzpcyl,Southwestern Pacific Ocean Biogeographic Information System (OBIS) Node,MPI,CC-BY,http://creativecommons.org/licenses/by/4.0/legalcode,tan0911/7/DWO,,si
GBIF,1990375916,"Graneledone Joubin, 1918",,-48.51,175.48,917,896,938,2009-12-01T04:55/2009-12-01T05:47,2009,New Zealand,Pacífico Sur,HUMAN_OBSERVATION,421890f7-e909-40ed-a573-b1c9529a55fa,NZ research trawl surveys since 2008,10.15468/gzpcyl,Southwestern Pacific Ocean Biogeographic Information System (OBIS) Node,MPI,CC-BY,http://creativecommons.org/licenses/by/4.0/legalcode,tan0911/14/DWO,,si
GBIF,1990376053,"Graneledone Joubin, 1918",,-50.56,173.67,676,670,682,2009-12-03T04:49/2009-12-03T05:42,2009,New Zealand,Pacífico Sur,HUMAN_OBSERVATION,421890f7-e909-40ed-a573-b1c9529a55fa,NZ research trawl surveys since 2008,10.15468/gzpcyl,Southwestern Pacific Ocean Biogeographic Information System (OBIS) Node,MPI,CC-BY,http://creativecommons.org/licenses/by/4.0/legalcode,tan0911/23/DWO,,si
GBIF,1990376062,"Graneledone Joubin, 1918",,-50.1,174.3,758,751,765,2009-12-02T07:41/2009-12-02T08:34,2009,New Zealand,Pacífico Sur,HUMAN_OBSERVATION,421890f7-e909-40ed-a573-b1c9529a55fa,NZ research trawl surveys since 2008,10.15468/gzpcyl,Southwestern Pacific Ocean Biogeographic Information System (OBIS) Node,MPI,CC-BY,http://creativecommons.org/licenses/by/4.0/legalcode,tan0911/20/DWO,,si
GBIF,1990376077,"Graneledone Joubin, 1918",,-50.13,173.51,583.5,578,589,2009-12-02T16:18/2009-12-02T17:11,2009,,Pacífico Sur,HUMAN_OBSERVATION,421890f7-e909-40ed-a573-b1c9529a55fa,NZ research trawl surveys since 2008,10.15468/gzpcyl,Southwestern Pacific Ocean Biogeographic Information System (OBIS) Node,MPI,CC-BY,http://creativecommons.org/licenses/by/4.0/legalcode,tan0911/22/DWO,,si
GBIF,1990376909,"Graneledone Joubin, 1918",,-49.67,168.59,673.5,670,677,2009-12-10T16:30/2009-12-10T17:20,2009,New Zealand,Pacífico Sur,HUMAN_OBSERVATION,421890f7-e909-40ed-a573-b1c9529a55fa,NZ research trawl surveys since 2008,10.15468/gzpcyl,Southwestern Pacific Ocean Biogeographic Information System (OBIS) Node,MPI,CC-BY,http://creativecommons.org/licenses/by/4.0/legalcode,tan0911/53/DWO,,si
GBIF,1990377178,"Graneledone Joubin, 1918",,-49.15,167.18,692.5,678,707,2009-12-13T05:01/2009-12-13T05:52,2009,New Zealand,Pacífico Sur,HUMAN_OBSERVATION,421890f7-e909-40ed-a573-b1c9529a55fa,NZ research trawl surveys since 2008,10.15468/gzpcyl,Southwestern Pacific Ocean Biogeographic Information System (OBIS) Node,MPI,CC-BY,http://creativecommons.org/licenses/by/4.0/legalcode,tan0911/65/DWO,,si
GBIF,1990377678,"Graneledone Joubin, 1918",,-46.58,166.52,712,695,729,2009-12-16T16:33/2009-12-16T17:28,2009,New Zealand,Pacífico Sur,HUMAN_OBSERVATION,421890f7-e909-40ed-a573-b1c9529a55fa,NZ research trawl surveys since 2008,10.15468/gzpcyl,Southwestern Pacific Ocean Biogeographic Information System (OBIS) Node,MPI,CC-BY,http://creativecommons.org/licenses/by/4.0/legalcode,tan0911/84/DWO,,si
GBIF,2993010432,"Graneledone Joubin, 1918",,-63.52,100.87,1261,1256.5,1265.5,2009-12-29,2009,Antarctica,Océano Austral,PRESERVED_SPECIMEN,39905320-6c8a-11de-8226-b8a03c50a862,Museums Victoria provider for OZCAM,10.15468/lp1ctu,Museums Victoria,NMV,CC0,http://creativecommons.org/publicdomain/zero/1.0/legalcode,59723a0f-3e2a-4600-80e7-576370cdf74f,,si
GBIF,1427216165,"Graneledone Joubin, 1918",,-42.8705,179.752,870.5,867,874,2008-01-21T07:20/2008-01-21T08:10,2008,New Zealand,Pacífico Sur,HUMAN_OBSERVATION,2a636fd6-dc73-49c0-9e5b-26bd05532313,MBIS research trawl surveys,10.15468/ti5yah,Earth Sciences New Zealand (ESNZ),NIWA,CC-BY,http://creativecommons.org/licenses/by/4.0/legalcode,290571,,si
GBIF,1427216559,"Graneledone Joubin, 1918",,-42.865,-179.4635,733,732,734,2008-01-01T06:57/2008-01-01T07:48,2008,New Zealand,Pacífico Sur,HUMAN_OBSERVATION,2a636fd6-dc73-49c0-9e5b-26bd05532313,MBIS research trawl surveys,10.15468/ti5yah,Earth Sciences New Zealand (ESNZ),NIWA,CC-BY,http://creativecommons.org/licenses/by/4.0/legalcode,290990,,si
GBIF,1427217745,"Graneledone Joubin, 1918",,-44.0737,176.9255,631,625,637,2008-01-12T05:08/2008-01-12T06:01,2008,New Zealand,Pacífico Sur,HUMAN_OBSERVATION,2a636fd6-dc73-49c0-9e5b-26bd05532313,MBIS research trawl surveys,10.15468/ti5yah,Earth Sciences New Zealand (ESNZ),NIWA,CC-BY,http://creativecommons.org/licenses/by/4.0/legalcode,292127,,si
GBIF,1427217970,"Graneledone Joubin, 1918",,-44.4272,174.637,680,679,681,2008-01-13T18:38/2008-01-13T19:29,2008,New Zealand,Pacífico Sur,HUMAN_OBSERVATION,2a636fd6-dc73-49c0-9e5b-26bd05532313,MBIS research trawl surveys,10.15468/ti5yah,Earth Sciences New Zealand (ESNZ),NIWA,CC-BY,http://creativecommons.org/licenses/by/4.0/legalcode,292379,,si
GBIF,1426811756,"Graneledone Joubin, 1918",,-71.8557,174.033,1972,1954,1990,2008-02-25T06:07,2008,Antarctica,Océano Austral,HUMAN_OBSERVATION,081facf0-b768-41ad-b692-3b30a1bcbb1b,International Polar Year and Census of Antarctic Marine Life Ross Sea voyage (TAN0802) biodiversity data,10.15468/jmsxe8,Earth Sciences New Zealand (ESNZ),National Institute of Water and Atomspheric Reseach (NZ),CC-BY,http://creativecommons.org/licenses/by/4.0/legalcode,1285,,si
GBIF,1426811786,"Graneledone antarctica G.L.Voss, 1976",Graneledone antarctica,-71.8557,174.033,1972,1954,1990,2008-02-25T06:07,2008,Antarctica,Océano Austral,HUMAN_OBSERVATION,081facf0-b768-41ad-b692-3b30a1bcbb1b,International Polar Year and Census of Antarctic Marine Life Ross Sea voyage (TAN0802) biodiversity data,10.15468/jmsxe8,Earth Sciences New Zealand (ESNZ),National Institute of Water and Atomspheric Reseach (NZ),CC-BY,http://creativecommons.org/licenses/by/4.0/legalcode,1286,,si
GBIF,4081087573,"Graneledone antarctica G.L.Voss, 1976",Graneledone antarctica,-71.8557,174.033,1972,1954,1990,2008-02-25,2008,Antarctica,Océano Austral,PRESERVED_SPECIMEN,4d0b1b2a-3209-49ce-bb93-7503e4868019,Earth Sciences New Zealand National Invertebrate Collection (NIC),10.15468/6qgswo,Earth Sciences New Zealand (ESNZ),Earth Sciences New Zealand,CC-BY,http://creativecommons.org/licenses/by/4.0/legalcode,5ea84ce2-fa36-11e2-96b3-aa6f927c92a3,,si
GBIF,4081092723,"Graneledone Joubin, 1918",,-71.8557,174.033,1972,1954,1990,2008-02-25,2008,Antarctica,Océano Austral,PRESERVED_SPECIMEN,4d0b1b2a-3209-49ce-bb93-7503e4868019,Earth Sciences New Zealand National Invertebrate Collection (NIC),10.15468/6qgswo,Earth Sciences New Zealand (ESNZ),Earth Sciences New Zealand,CC-BY,http://creativecommons.org/licenses/by/4.0/legalcode,5c5f7e88-fa36-11e2-96b3-aa6f927c92a3,,si
GBIF,4081102277,"Graneledone antarctica G.L.Voss, 1976",Graneledone antarctica,-71.8557,174.033,1972,1954,1990,2008-02-25,2008,Antarctica,Océano Austral,PRESERVED_SPECIMEN,4d0b1b2a-3209-49ce-bb93-7503e4868019,Earth Sciences New Zealand National Invertebrate Collection (NIC),10.15468/6qgswo,Earth Sciences New Zealand (ESNZ),Earth Sciences New Zealand,CC-BY,http://creativecommons.org/licenses/by/4.0/legalcode,5d250b58-fa36-11e2-96b3-aa6f927c92a3,,si
GBIF,4081113789,"Graneledone antarctica G.L.Voss, 1976",Graneledone antarctica,-71.8557,174.033,1972,1954,1990,2008-02-25,2008,Antarctica,Océano Austral,PRESERVED_SPECIMEN,4d0b1b2a-3209-49ce-bb93-7503e4868019,Earth Sciences New Zealand National Invertebrate Collection (NIC),10.15468/6qgswo,Earth Sciences New Zealand (ESNZ),Earth Sciences New Zealand,CC-BY,http://creativecommons.org/licenses/by/4.0/legalcode,5d633338-fa36-11e2-96b3-aa6f927c92a3,,si
GBIF,6220053731,"Graneledone Joubin, 1918",,-71.855694,174.033,,,,2008-02-25,2008,Antarctica,Océano Austral,PRESERVED_SPECIMEN,e2980e63-d152-4219-8c1e-0ffdef3ea6aa,Auckland Museum NZ Marine Collection,10.15468/plyefd,Auckland War Memorial Museum,AK,CC-BY,http://creativecommons.org/licenses/by/4.0/legalcode,urn:catalog:AK:AK:MA61920,sin_profundidad,si
GBIF,6220062424,"Graneledone Joubin, 1918",,-71.855694,174.033,,,,2008-02-25,2008,Antarctica,Océano Austral,PRESERVED_SPECIMEN,e2980e63-d152-4219-8c1e-0ffdef3ea6aa,Auckland Museum NZ Marine Collection,10.15468/plyefd,Auckland War Memorial Museum,AK,CC-BY,http://creativecommons.org/licenses/by/4.0/legalcode,urn:catalog:AK:AK:MA61922,sin_profundidad,si
GBIF,1426811859,"Graneledone antarctica G.L.Voss, 1976",Graneledone antarctica,-67.855,-179.613667,404,402,406,2008-03-05T04:50,2008,Antarctica,Océano Austral,HUMAN_OBSERVATION,081facf0-b768-41ad-b692-3b30a1bcbb1b,International Polar Year and Census of Antarctic Marine Life Ross Sea voyage (TAN0802) biodiversity data,10.15468/jmsxe8,Earth Sciences New Zealand (ESNZ),National Institute of Water and Atomspheric Reseach (NZ),CC-BY,http://creativecommons.org/licenses/by/4.0/legalcode,1359,,si
GBIF,2650628687,"Graneledone verrucosa (A.E.Verrill, 1881)",Graneledone verrucosa,39.780333,-69.835667,825.5,0,1651,2008-03-30T03:38Z,2008,United States of America,Atlántico Norte,HUMAN_OBSERVATION,fe388907-e2b6-44be-a9cb-a80b3924284c,Northeast Fisheries Science Center Bottom Trawl Survey Data,10.15468/8c5pvg,United States Geological Survey,"NOAA;NMFS;NEFSC",CC0,http://creativecommons.org/publicdomain/zero/1.0/legalcode,f37edfa8-b733-11ea-a9a7-a7e94413c0ba,profundidad_rango_amplio_>1000m,si
GBIF,4081092954,"Graneledone antarctica G.L.Voss, 1976",Graneledone antarctica,-67.855,-179.613667,404,402,406,2008-03-05,2008,Antarctica,Océano Austral,PRESERVED_SPECIMEN,4d0b1b2a-3209-49ce-bb93-7503e4868019,Earth Sciences New Zealand National Invertebrate Collection (NIC),10.15468/6qgswo,Earth Sciences New Zealand (ESNZ),Earth Sciences New Zealand,CC-BY,http://creativecommons.org/licenses/by/4.0/legalcode,5c7c1f20-fa36-11e2-96b3-aa6f927c92a3,,si
GBIF,1557882838,"Graneledone verrucosa (A.E.Verrill, 1881)",Graneledone verrucosa,50.69678,-1.973945,,,,2008-09-20,2008,United Kingdom of Great Britain and Northern Ireland,Atlántico Norte,HUMAN_OBSERVATION,52422715-c1db-40a0-ba16-b84a295d248a,Seasearch Marine Surveys in England,10.15468/kywx6m,Seasearch,,CC-BY,http://creativecommons.org/licenses/by/4.0/legalcode,07e21ef2-db0e-47d5-a400-03135f9f14eb,sin_profundidad,si
GBIF,1557928799,"Graneledone verrucosa (A.E.Verrill, 1881)",Graneledone verrucosa,50.69695,-1.973194,,,,2008-09-20,2008,United Kingdom of Great Britain and Northern Ireland,Atlántico Norte,HUMAN_OBSERVATION,52422715-c1db-40a0-ba16-b84a295d248a,Seasearch Marine Surveys in England,10.15468/kywx6m,Seasearch,,CC-BY,http://creativecommons.org/licenses/by/4.0/legalcode,5f989a77-fa9f-46a7-b01f-56f33a87f9ac,sin_profundidad,si
GBIF,1557943939,"Graneledone verrucosa (A.E.Verrill, 1881)",Graneledone verrucosa,50.69678,-1.973945,,,,2008-09-20,2008,United Kingdom of Great Britain and Northern Ireland,Atlántico Norte,HUMAN_OBSERVATION,52422715-c1db-40a0-ba16-b84a295d248a,Seasearch Marine Surveys in England,10.15468/kywx6m,Seasearch,,CC-BY,http://creativecommons.org/licenses/by/4.0/legalcode,dad5ea24-1775-47ff-ad29-3e35d9013a85,sin_profundidad,si
GBIF,1990373540,"Graneledone Joubin, 1918",,-46.56,170.43,713,700,726,2008-11-27T18:37/2008-11-27T19:31,2008,New Zealand,Pacífico Sur,HUMAN_OBSERVATION,421890f7-e909-40ed-a573-b1c9529a55fa,NZ research trawl surveys since 2008,10.15468/gzpcyl,Southwestern Pacific Ocean Biogeographic Information System (OBIS) Node,MPI,CC-BY,http://creativecommons.org/licenses/by/4.0/legalcode,tan0813/2/DWO,,si
GBIF,1990374040,"Graneledone Joubin, 1918",,-47.52,169.31,547,546,548,2008-11-28T08:55/2008-11-28T09:47,2008,New Zealand,Pacífico Sur,HUMAN_OBSERVATION,421890f7-e909-40ed-a573-b1c9529a55fa,NZ research trawl surveys since 2008,10.15468/gzpcyl,Southwestern Pacific Ocean Biogeographic Information System (OBIS) Node,MPI,CC-BY,http://creativecommons.org/licenses/by/4.0/legalcode,tan0813/4/DWO,,si
GBIF,4081182853,"Graneledone taniwha O'Shea, 1999",Graneledone taniwha,-50.1,174.7,914,807,1021,2008-11-15,2008,New Zealand,Pacífico Sur,HUMAN_OBSERVATION,4d0b1b2a-3209-49ce-bb93-7503e4868019,Earth Sciences New Zealand National Invertebrate Collection (NIC),10.15468/6qgswo,Earth Sciences New Zealand (ESNZ),Earth Sciences New Zealand,CC-BY,http://creativecommons.org/licenses/by/4.0/legalcode,605314a0-fa36-11e2-96b3-aa6f927c92a3,,si
GBIF,1990373491,"Graneledone Joubin, 1918",,-50.84,170.84,557,556,558,2008-12-01T13:54/2008-12-01T14:45,2008,New Zealand,Pacífico Sur,HUMAN_OBSERVATION,421890f7-e909-40ed-a573-b1c9529a55fa,NZ research trawl surveys since 2008,10.15468/gzpcyl,Southwestern Pacific Ocean Biogeographic Information System (OBIS) Node,MPI,CC-BY,http://creativecommons.org/licenses/by/4.0/legalcode,tan0813/19/DWO,,si
GBIF,1990373756,"Graneledone Joubin, 1918",,-48.78,175.41,810.5,807,814,2008-12-04T04:58/2008-12-04T05:49,2008,New Zealand,Pacífico Sur,HUMAN_OBSERVATION,421890f7-e909-40ed-a573-b1c9529a55fa,NZ research trawl surveys since 2008,10.15468/gzpcyl,Southwestern Pacific Ocean Biogeographic Information System (OBIS) Node,MPI,CC-BY,http://creativecommons.org/licenses/by/4.0/legalcode,tan0813/28/DWO,,si
GBIF,1990374203,"Graneledone Joubin, 1918",,-51.86,167.39,752.5,748,757,2008-12-09T14:30/2008-12-09T15:22,2008,New Zealand,Pacífico Sur,HUMAN_OBSERVATION,421890f7-e909-40ed-a573-b1c9529a55fa,NZ research trawl surveys since 2008,10.15468/gzpcyl,Southwestern Pacific Ocean Biogeographic Information System (OBIS) Node,MPI,CC-BY,http://creativecommons.org/licenses/by/4.0/legalcode,tan0813/50/DWO,,si
GBIF,1990375336,"Graneledone Joubin, 1918",,-46.94,170.25,974.5,968,981,2008-12-18T11:16/2008-12-18T12:09,2008,New Zealand,Pacífico Sur,HUMAN_OBSERVATION,421890f7-e909-40ed-a573-b1c9529a55fa,NZ research trawl surveys since 2008,10.15468/gzpcyl,Southwestern Pacific Ocean Biogeographic Information System (OBIS) Node,MPI,CC-BY,http://creativecommons.org/licenses/by/4.0/legalcode,tan0813/91/DWO,,si
GBIF,1990375414,"Graneledone Joubin, 1918",,-48.76,169.59,775.5,766,785,2008-12-19T10:46/2008-12-19T11:38,2008,New Zealand,Pacífico Sur,HUMAN_OBSERVATION,421890f7-e909-40ed-a573-b1c9529a55fa,NZ research trawl surveys since 2008,10.15468/gzpcyl,Southwestern Pacific Ocean Biogeographic Information System (OBIS) Node,MPI,CC-BY,http://creativecommons.org/licenses/by/4.0/legalcode,tan0813/93/DWO,,si
GBIF,1427210120,"Graneledone Joubin, 1918",,-43.916,176.6573,488.5,488,489,2007-01-12T08:17/2007-01-12T09:09,2007,New Zealand,Pacífico Sur,HUMAN_OBSERVATION,2a636fd6-dc73-49c0-9e5b-26bd05532313,MBIS research trawl surveys,10.15468/ti5yah,Earth Sciences New Zealand (ESNZ),NIWA,CC-BY,http://creativecommons.org/licenses/by/4.0/legalcode,284541,,si
GBIF,1427210405,"Graneledone Joubin, 1918",,-44.5915,174.8353,776,760,792,2007-01-13T17:39/2007-01-13T18:28,2007,New Zealand,Pacífico Sur,HUMAN_OBSERVATION,2a636fd6-dc73-49c0-9e5b-26bd05532313,MBIS research trawl surveys,10.15468/ti5yah,Earth Sciences New Zealand (ESNZ),NIWA,CC-BY,http://creativecommons.org/licenses/by/4.0/legalcode,284809,,si
GBIF,1427210465,"Graneledone Joubin, 1918",,-44.0558,173.9708,492,490,494,2007-01-14T12:17/2007-01-14T13:09,2007,New Zealand,Pacífico Sur,HUMAN_OBSERVATION,2a636fd6-dc73-49c0-9e5b-26bd05532313,MBIS research trawl surveys,10.15468/ti5yah,Earth Sciences New Zealand (ESNZ),NIWA,CC-BY,http://creativecommons.org/licenses/by/4.0/legalcode,284865,,si
GBIF,4081186486,"Graneledone taniwha O'Shea, 1999",Graneledone taniwha,-43.916,176.057333,488.5,488,489,2007-01-12,2007,New Zealand,Pacífico Sur,HUMAN_OBSERVATION,4d0b1b2a-3209-49ce-bb93-7503e4868019,Earth Sciences New Zealand National Invertebrate Collection (NIC),10.15468/6qgswo,Earth Sciences New Zealand (ESNZ),Earth Sciences New Zealand,CC-BY,http://creativecommons.org/licenses/by/4.0/legalcode,5d51faf0-fa36-11e2-96b3-aa6f927c92a3,,si
GBIF,2874274356,"Graneledone Joubin, 1918",,-52.92,74.58,619,619,619,2007-02-10,2007,Heard Island and McDonald Islands,Océano Índico,PRESERVED_SPECIMEN,39905320-6c8a-11de-8226-b8a03c50a862,Museums Victoria provider for OZCAM,10.15468/lp1ctu,Museums Victoria,NMV,CC0,http://creativecommons.org/publicdomain/zero/1.0/legalcode,2eefc0d5-ed62-4d5b-b444-9bbb3abd99c7,,si
GBIF,2874275552,"Graneledone Joubin, 1918",,-52.87,74.67,612,612,612,2007-02-09,2007,Heard Island and McDonald Islands,Océano Índico,PRESERVED_SPECIMEN,39905320-6c8a-11de-8226-b8a03c50a862,Museums Victoria provider for OZCAM,10.15468/lp1ctu,Museums Victoria,NMV,CC0,http://creativecommons.org/publicdomain/zero/1.0/legalcode,b1802e95-de96-4580-aae3-9dda6efd6719,,si
GBIF,2874278500,"Graneledone Joubin, 1918",,-52.92,74.57,643,643,643,2007-02-19,2007,Heard Island and McDonald Islands,Océano Índico,PRESERVED_SPECIMEN,39905320-6c8a-11de-8226-b8a03c50a862,Museums Victoria provider for OZCAM,10.15468/lp1ctu,Museums Victoria,NMV,CC0,http://creativecommons.org/publicdomain/zero/1.0/legalcode,87dbb40e-54ea-41fe-a073-f23b6ea2ef88,,si
GBIF,2874279320,"Graneledone Joubin, 1918",,-52.88,74.63,483,483,483,2007-02-15,2007,Heard Island and McDonald Islands,Océano Índico,PRESERVED_SPECIMEN,39905320-6c8a-11de-8226-b8a03c50a862,Museums Victoria provider for OZCAM,10.15468/lp1ctu,Museums Victoria,NMV,CC0,http://creativecommons.org/publicdomain/zero/1.0/legalcode,0c8ea8ff-7d7d-4717-b16a-7e5e77b617e7,,si
GBIF,2874279373,"Graneledone Joubin, 1918",,-52.8,74.73,482,482,482,2007-02-18,2007,Heard Island and McDonald Islands,Océano Índico,PRESERVED_SPECIMEN,39905320-6c8a-11de-8226-b8a03c50a862,Museums Victoria provider for OZCAM,10.15468/lp1ctu,Museums Victoria,NMV,CC0,http://creativecommons.org/publicdomain/zero/1.0/legalcode,324cf737-1dd3-48de-ae37-a75e8abf0b3b,,si
GBIF,2874279435,"Graneledone Joubin, 1918",,-52.92,74.57,627,627,627,2007-02-09,2007,Heard Island and McDonald Islands,Océano Índico,PRESERVED_SPECIMEN,39905320-6c8a-11de-8226-b8a03c50a862,Museums Victoria provider for OZCAM,10.15468/lp1ctu,Museums Victoria,NMV,CC0,http://creativecommons.org/publicdomain/zero/1.0/legalcode,6062feb2-674e-445b-adad-a5e4571ebf54,,si
GBIF,2874280323,"Graneledone Joubin, 1918",,-52.92,74.58,619,619,619,2007-02-10,2007,Heard Island and McDonald Islands,Océano Índico,PRESERVED_SPECIMEN,39905320-6c8a-11de-8226-b8a03c50a862,Museums Victoria provider for OZCAM,10.15468/lp1ctu,Museums Victoria,NMV,CC0,http://creativecommons.org/publicdomain/zero/1.0/legalcode,150e9766-d7e9-4f7b-897c-48c057ee3561,,si
GBIF,2874281341,"Graneledone Joubin, 1918",,-52.93,74.58,572,572,572,2007-02-21,2007,Heard Island and McDonald Islands,Océano Índico,PRESERVED_SPECIMEN,39905320-6c8a-11de-8226-b8a03c50a862,Museums Victoria provider for OZCAM,10.15468/lp1ctu,Museums Victoria,NMV,CC0,http://creativecommons.org/publicdomain/zero/1.0/legalcode,1bfd350d-3bcb-443c-8981-c174f582cf21,,si
GBIF,2874284569,"Graneledone Joubin, 1918",,-52.92,74.57,656,656,656,2007-02-08,2007,Heard Island and McDonald Islands,Océano Índico,PRESERVED_SPECIMEN,39905320-6c8a-11de-8226-b8a03c50a862,Museums Victoria provider for OZCAM,10.15468/lp1ctu,Museums Victoria,NMV,CC0,http://creativecommons.org/publicdomain/zero/1.0/legalcode,cc012198-aee6-4f5e-83c7-9e583c38c751,,si
GBIF,2874285593,"Graneledone Joubin, 1918",,-52.92,74.58,619,619,619,2007-02-10,2007,Heard Island and McDonald Islands,Océano Índico,PRESERVED_SPECIMEN,39905320-6c8a-11de-8226-b8a03c50a862,Museums Victoria provider for OZCAM,10.15468/lp1ctu,Museums Victoria,NMV,CC0,http://creativecommons.org/publicdomain/zero/1.0/legalcode,e978323d-d7f0-4b01-869c-13cb93789090,,si
GBIF,2874291456,"Graneledone Joubin, 1918",,-52.9,74.67,691,691,691,2007-02-08,2007,Heard Island and McDonald Islands,Océano Índico,PRESERVED_SPECIMEN,39905320-6c8a-11de-8226-b8a03c50a862,Museums Victoria provider for OZCAM,10.15468/lp1ctu,Museums Victoria,NMV,CC0,http://creativecommons.org/publicdomain/zero/1.0/legalcode,74fb06d3-5a13-442d-a41b-667da119ac01,,si
GBIF,2874293370,"Graneledone Joubin, 1918",,-52.88,74.65,457,457,457,2007-02-10,2007,Heard Island and McDonald Islands,Océano Índico,PRESERVED_SPECIMEN,39905320-6c8a-11de-8226-b8a03c50a862,Museums Victoria provider for OZCAM,10.15468/lp1ctu,Museums Victoria,NMV,CC0,http://creativecommons.org/publicdomain/zero/1.0/legalcode,404be9bd-7334-484e-90ef-b2bc82816eb3,,si
GBIF,2874293562,"Graneledone Joubin, 1918",,-52.88,74.65,457,457,457,2007-02-10,2007,Heard Island and McDonald Islands,Océano Índico,PRESERVED_SPECIMEN,39905320-6c8a-11de-8226-b8a03c50a862,Museums Victoria provider for OZCAM,10.15468/lp1ctu,Museums Victoria,NMV,CC0,http://creativecommons.org/publicdomain/zero/1.0/legalcode,c2868963-c32a-4042-a071-4b059a10c5f5,,si
GBIF,2874293628,"Graneledone Joubin, 1918",,-52.88,74.65,457,457,457,2007-02-10,2007,Heard Island and McDonald Islands,Océano Índico,PRESERVED_SPECIMEN,39905320-6c8a-11de-8226-b8a03c50a862,Museums Victoria provider for OZCAM,10.15468/lp1ctu,Museums Victoria,NMV,CC0,http://creativecommons.org/publicdomain/zero/1.0/legalcode,fe7d8d46-48fc-4546-afd2-f2da84a3c630,,si
GBIF,2874295536,"Graneledone Joubin, 1918",,-51.97,77.42,541,541,541,2007-02-16,2007,Heard Island and McDonald Islands,Océano Índico,PRESERVED_SPECIMEN,39905320-6c8a-11de-8226-b8a03c50a862,Museums Victoria provider for OZCAM,10.15468/lp1ctu,Museums Victoria,NMV,CC0,http://creativecommons.org/publicdomain/zero/1.0/legalcode,b6fee115-1481-47f9-ade5-c812a4c15413,,si
GBIF,2874296375,"Graneledone Joubin, 1918",,-52.88,74.63,483,483,483,2007-02-15,2007,Heard Island and McDonald Islands,Océano Índico,PRESERVED_SPECIMEN,39905320-6c8a-11de-8226-b8a03c50a862,Museums Victoria provider for OZCAM,10.15468/lp1ctu,Museums Victoria,NMV,CC0,http://creativecommons.org/publicdomain/zero/1.0/legalcode,3da4e636-e092-45ac-b160-ac209507bd0a,,si
GBIF,2874296432,"Graneledone Joubin, 1918",,-52.88,74.65,457,457,457,2007-02-10,2007,Heard Island and McDonald Islands,Océano Índico,PRESERVED_SPECIMEN,39905320-6c8a-11de-8226-b8a03c50a862,Museums Victoria provider for OZCAM,10.15468/lp1ctu,Museums Victoria,NMV,CC0,http://creativecommons.org/publicdomain/zero/1.0/legalcode,6beef8a9-73f8-4963-b0b1-cb292cfcf0d9,,si
GBIF,2874297481,"Graneledone Joubin, 1918",,-52.88,74.65,457,457,457,2007-02-10,2007,Heard Island and McDonald Islands,Océano Índico,PRESERVED_SPECIMEN,39905320-6c8a-11de-8226-b8a03c50a862,Museums Victoria provider for OZCAM,10.15468/lp1ctu,Museums Victoria,NMV,CC0,http://creativecommons.org/publicdomain/zero/1.0/legalcode,835543d3-f50c-4ac2-bb2c-719aae40cbe9,,si
GBIF,2249534740,BOLD:ACE4222,Graneledone pacifica,-36.15,-73.43,,,,2007-03-02,2007,Chile,Pacífico Sur,MATERIAL_SAMPLE,040c5662-da76-4782-a48e-cdea1892d14c,International Barcode of Life project (iBOL),10.15468/inygc6,The International Barcode of Life Consortium,"Mined from GenBank, NCBI",CC-BY,http://creativecommons.org/licenses/by/4.0/legalcode,GBCPH1505-13,sin_profundidad,si
GBIF,4081187377,"Graneledone taniwha O'Shea, 1999",Graneledone taniwha,-44.015335,178.520172,767,767,767,2007-04-08,2007,New Zealand,Pacífico Sur,PRESERVED_SPECIMEN,4d0b1b2a-3209-49ce-bb93-7503e4868019,Earth Sciences New Zealand National Invertebrate Collection (NIC),10.15468/6qgswo,Earth Sciences New Zealand (ESNZ),Earth Sciences New Zealand,CC-BY,http://creativecommons.org/licenses/by/4.0/legalcode,5d34f4aa-fa36-11e2-96b3-aa6f927c92a3,,si
GBIF,1427211645,"Graneledone Joubin, 1918",,-42.9165,-175.743,883.5,873,894,2007-07-08T18:35/2007-07-08T19:05,2007,New Zealand,Pacífico Sur,HUMAN_OBSERVATION,2a636fd6-dc73-49c0-9e5b-26bd05532313,MBIS research trawl surveys,10.15468/ti5yah,Earth Sciences New Zealand (ESNZ),NIWA,CC-BY,http://creativecommons.org/licenses/by/4.0/legalcode,286037,,si
GBIF,1427211746,"Graneledone Joubin, 1918",,-43.0982,-175.1558,834,833,835,2007-07-08T23:28/2007-07-08T23:58,2007,New Zealand,Pacífico Sur,HUMAN_OBSERVATION,2a636fd6-dc73-49c0-9e5b-26bd05532313,MBIS research trawl surveys,10.15468/ti5yah,Earth Sciences New Zealand (ESNZ),NIWA,CC-BY,http://creativecommons.org/licenses/by/4.0/legalcode,286125,,si
GBIF,1427211985,"Graneledone Joubin, 1918",,-42.824,-175.4978,1100,1095,1105,2007-07-09T16:05/2007-07-09T16:38,2007,New Zealand,Pacífico Sur,HUMAN_OBSERVATION,2a636fd6-dc73-49c0-9e5b-26bd05532313,MBIS research trawl surveys,10.15468/ti5yah,Earth Sciences New Zealand (ESNZ),NIWA,CC-BY,http://creativecommons.org/licenses/by/4.0/legalcode,286408,,si
GBIF,1427212331,"Graneledone Joubin, 1918",,-42.7715,-176.637,1071.5,1069,1074,2007-07-12T16:25/2007-07-12T16:55,2007,New Zealand,Pacífico Sur,HUMAN_OBSERVATION,2a636fd6-dc73-49c0-9e5b-26bd05532313,MBIS research trawl surveys,10.15468/ti5yah,Earth Sciences New Zealand (ESNZ),NIWA,CC-BY,http://creativecommons.org/licenses/by/4.0/legalcode,286749,,si
GBIF,1427212509,"Graneledone Joubin, 1918",,-42.824,-176.9057,908.5,907,910,2007-07-14T01:37/2007-07-14T02:07,2007,New Zealand,Pacífico Sur,HUMAN_OBSERVATION,2a636fd6-dc73-49c0-9e5b-26bd05532313,MBIS research trawl surveys,10.15468/ti5yah,Earth Sciences New Zealand (ESNZ),NIWA,CC-BY,http://creativecommons.org/licenses/by/4.0/legalcode,286922,,si
GBIF,1427212586,"Graneledone Joubin, 1918",,-42.7985,-176.9943,960,957,963,2007-07-14T05:15/2007-07-14T05:47,2007,New Zealand,Pacífico Sur,HUMAN_OBSERVATION,2a636fd6-dc73-49c0-9e5b-26bd05532313,MBIS research trawl surveys,10.15468/ti5yah,Earth Sciences New Zealand (ESNZ),NIWA,CC-BY,http://creativecommons.org/licenses/by/4.0/legalcode,286992,,si
GBIF,1427212741,"Graneledone Joubin, 1918",,-42.8028,-177.313,906.5,903,910,2007-07-14T12:51/2007-07-14T13:21,2007,New Zealand,Pacífico Sur,HUMAN_OBSERVATION,2a636fd6-dc73-49c0-9e5b-26bd05532313,MBIS research trawl surveys,10.15468/ti5yah,Earth Sciences New Zealand (ESNZ),NIWA,CC-BY,http://creativecommons.org/licenses/by/4.0/legalcode,287177,,si
GBIF,2538258917,"Graneledone verrucosa (A.E.Verrill, 1881)",Graneledone verrucosa,56.986579,-5.633428,,,,2007-07-17,2007,United Kingdom of Great Britain and Northern Ireland,Atlántico Norte,HUMAN_OBSERVATION,990e845f-836b-4467-bc5f-46c8495259ec,Seasearch Marine Surveys in Scotland,10.15468/0hyjxi,Seasearch,,CC-BY,http://creativecommons.org/licenses/by/4.0/legalcode,cf9aa529-b532-4ad0-9a7d-fbdb8be8f1a0,sin_profundidad,si
GBIF,2249532935,BOLD:ACE4222,Graneledone pacifica,-37.46,-74.07,,,,2007-10-02,2007,Chile,Pacífico Sur,MATERIAL_SAMPLE,040c5662-da76-4782-a48e-cdea1892d14c,International Barcode of Life project (iBOL),10.15468/inygc6,The International Barcode of Life Consortium,"Mined from GenBank, NCBI",CC-BY,http://creativecommons.org/licenses/by/4.0/legalcode,GBCPH1504-13,sin_profundidad,si
GBIF,1427213610,"Graneledone Joubin, 1918",,-46.9453,170.2582,963.5,953,974,2007-11-27T05:38/2007-11-27T06:34,2007,New Zealand,Pacífico Sur,HUMAN_OBSERVATION,2a636fd6-dc73-49c0-9e5b-26bd05532313,MBIS research trawl surveys,10.15468/ti5yah,Earth Sciences New Zealand (ESNZ),NIWA,CC-BY,http://creativecommons.org/licenses/by/4.0/legalcode,288034,,si
GBIF,1427213857,"Graneledone Joubin, 1918",,-48.5397,175.4763,909.5,887,932,2007-11-30T06:35/2007-11-30T07:27,2007,New Zealand,Pacífico Sur,HUMAN_OBSERVATION,2a636fd6-dc73-49c0-9e5b-26bd05532313,MBIS research trawl surveys,10.15468/ti5yah,Earth Sciences New Zealand (ESNZ),NIWA,CC-BY,http://creativecommons.org/licenses/by/4.0/legalcode,288256,,si
GBIF,1427214078,"Graneledone Joubin, 1918",,-47.9913,169.9207,892,887,897,2007-11-27T15:28/2007-11-27T16:20,2007,New Zealand,Pacífico Sur,HUMAN_OBSERVATION,2a636fd6-dc73-49c0-9e5b-26bd05532313,MBIS research trawl surveys,10.15468/ti5yah,Earth Sciences New Zealand (ESNZ),NIWA,CC-BY,http://creativecommons.org/licenses/by/4.0/legalcode,288594,,si
GBIF,1427214616,"Graneledone Joubin, 1918",,-48.6518,170.3585,977,965,989,2007-11-28T05:19/2007-11-28T06:12,2007,New Zealand,Pacífico Sur,HUMAN_OBSERVATION,2a636fd6-dc73-49c0-9e5b-26bd05532313,MBIS research trawl surveys,10.15468/ti5yah,Earth Sciences New Zealand (ESNZ),NIWA,CC-BY,http://creativecommons.org/licenses/by/4.0/legalcode,289046,,si
GBIF,1427213726,"Graneledone Joubin, 1918",,-49.3783,170.5132,564,557,571,2007-12-21T07:18/2007-12-21T08:09,2007,New Zealand,Pacífico Sur,HUMAN_OBSERVATION,2a636fd6-dc73-49c0-9e5b-26bd05532313,MBIS research trawl surveys,10.15468/ti5yah,Earth Sciences New Zealand (ESNZ),NIWA,CC-BY,http://creativecommons.org/licenses/by/4.0/legalcode,288154,,si
GBIF,1427214104,"Graneledone Joubin, 1918",,-54.1698,167.6765,987.5,986,989,2007-12-04T14:18/2007-12-04T15:10,2007,New Zealand,Pacífico Sur,HUMAN_OBSERVATION,2a636fd6-dc73-49c0-9e5b-26bd05532313,MBIS research trawl surveys,10.15468/ti5yah,Earth Sciences New Zealand (ESNZ),NIWA,CC-BY,http://creativecommons.org/licenses/by/4.0/legalcode,288533,,si
GBIF,1427214184,"Graneledone Joubin, 1918",,-53.7082,167.7872,948.5,947,950,2007-12-04T19:07/2007-12-04T20:01,2007,New Zealand,Pacífico Sur,HUMAN_OBSERVATION,2a636fd6-dc73-49c0-9e5b-26bd05532313,MBIS research trawl surveys,10.15468/ti5yah,Earth Sciences New Zealand (ESNZ),NIWA,CC-BY,http://creativecommons.org/licenses/by/4.0/legalcode,288559,,si
GBIF,1427214554,"Graneledone Joubin, 1918",,-51.9747,167.7133,769.5,759,780,2007-12-08T12:15/2007-12-08T13:07,2007,New Zealand,Pacífico Sur,HUMAN_OBSERVATION,2a636fd6-dc73-49c0-9e5b-26bd05532313,MBIS research trawl surveys,10.15468/ti5yah,Earth Sciences New Zealand (ESNZ),NIWA,CC-BY,http://creativecommons.org/licenses/by/4.0/legalcode,288980,,si
GBIF,1427214825,"Graneledone Joubin, 1918",,-48.9018,168.1177,677.5,675,680,2007-12-11T07:30/2007-12-11T08:22,2007,New Zealand,Pacífico Sur,HUMAN_OBSERVATION,2a636fd6-dc73-49c0-9e5b-26bd05532313,MBIS research trawl surveys,10.15468/ti5yah,Earth Sciences New Zealand (ESNZ),NIWA,CC-BY,http://creativecommons.org/licenses/by/4.0/legalcode,289217,,si
GBIF,1427215011,"Graneledone Joubin, 1918",,-46.8315,167.1105,706,686,726,2007-12-13T11:06/2007-12-13T11:51,2007,New Zealand,Pacífico Sur,HUMAN_OBSERVATION,2a636fd6-dc73-49c0-9e5b-26bd05532313,MBIS research trawl surveys,10.15468/ti5yah,Earth Sciences New Zealand (ESNZ),NIWA,CC-BY,http://creativecommons.org/licenses/by/4.0/legalcode,289417,,si
GBIF,2874276558,"Graneledone Joubin, 1918",,-52.87,74.67,612,612,612,2007-12-09,2007,Heard Island and McDonald Islands,Océano Índico,PRESERVED_SPECIMEN,39905320-6c8a-11de-8226-b8a03c50a862,Museums Victoria provider for OZCAM,10.15468/lp1ctu,Museums Victoria,NMV,CC0,http://creativecommons.org/publicdomain/zero/1.0/legalcode,ce238eb8-6831-4767-b84c-4a5ea17121cf,,si
GBIF,2874277615,"Graneledone Joubin, 1918",,-52.87,74.67,601,601,601,2007-12-09,2007,Heard Island and McDonald Islands,Océano Índico,PRESERVED_SPECIMEN,39905320-6c8a-11de-8226-b8a03c50a862,Museums Victoria provider for OZCAM,10.15468/lp1ctu,Museums Victoria,NMV,CC0,http://creativecommons.org/publicdomain/zero/1.0/legalcode,e61c3c66-3232-48a4-8d3c-9421966e35a5,,si
GBIF,1427201563,"Graneledone Joubin, 1918",,-42.985,174.569,791.5,784,799,2006-01-16T08:27/2006-01-16T09:19,2006,New Zealand,Pacífico Sur,HUMAN_OBSERVATION,2a636fd6-dc73-49c0-9e5b-26bd05532313,MBIS research trawl surveys,10.15468/ti5yah,Earth Sciences New Zealand (ESNZ),NIWA,CC-BY,http://creativecommons.org/licenses/by/4.0/legalcode,275974,,si
GBIF,1427203893,"Graneledone Joubin, 1918",,-44.5277,173.6415,723.5,717,730,2006-01-14T05:14/2006-01-14T06:05,2006,New Zealand,Pacífico Sur,HUMAN_OBSERVATION,2a636fd6-dc73-49c0-9e5b-26bd05532313,MBIS research trawl surveys,10.15468/ti5yah,Earth Sciences New Zealand (ESNZ),NIWA,CC-BY,http://creativecommons.org/licenses/by/4.0/legalcode,278292,,si
GBIF,5189166803,"Graneledone antarctica G.L.Voss, 1976",Graneledone antarctica,-72,177,1432,1432,1432,2006-01-10,2006,Antarctica,Océano Austral,PRESERVED_SPECIMEN,4d0b1b2a-3209-49ce-bb93-7503e4868019,Earth Sciences New Zealand National Invertebrate Collection (NIC),10.15468/6qgswo,Earth Sciences New Zealand (ESNZ),Earth Sciences New Zealand,CC-BY,http://creativecommons.org/licenses/by/4.0/legalcode,b541349c-f6b9-406e-90ad-6fa32b0db797,coordenada_en_grado_entero,si
GBIF,2874276457,"Graneledone Joubin, 1918",,-52.92,74.58,602,602,602,2006-03-18,2006,Heard Island and McDonald Islands,Océano Índico,PRESERVED_SPECIMEN,39905320-6c8a-11de-8226-b8a03c50a862,Museums Victoria provider for OZCAM,10.15468/lp1ctu,Museums Victoria,NMV,CC0,http://creativecommons.org/publicdomain/zero/1.0/legalcode,7debf937-6b03-430c-86d8-59bb9bc3b7c1,,si
GBIF,2874277339,"Graneledone Joubin, 1918",,-52.92,74.6,742,742,742,2006-03-25,2006,Heard Island and McDonald Islands,Océano Índico,PRESERVED_SPECIMEN,39905320-6c8a-11de-8226-b8a03c50a862,Museums Victoria provider for OZCAM,10.15468/lp1ctu,Museums Victoria,NMV,CC0,http://creativecommons.org/publicdomain/zero/1.0/legalcode,1ac9284d-9e9b-4128-8d1e-21c3ed8b5ec5,,si
GBIF,2874279379,"Graneledone Joubin, 1918",,-52.68,75.12,326,326,326,2006-03-16,2006,Heard Island and McDonald Islands,Océano Índico,PRESERVED_SPECIMEN,39905320-6c8a-11de-8226-b8a03c50a862,Museums Victoria provider for OZCAM,10.15468/lp1ctu,Museums Victoria,NMV,CC0,http://creativecommons.org/publicdomain/zero/1.0/legalcode,3499585f-4a6b-4383-85b1-1a2865d34c23,,si
GBIF,2874293368,"Graneledone Joubin, 1918",,-52.93,74.58,533,533,533,2006-03-18,2006,Heard Island and McDonald Islands,Océano Índico,PRESERVED_SPECIMEN,39905320-6c8a-11de-8226-b8a03c50a862,Museums Victoria provider for OZCAM,10.15468/lp1ctu,Museums Victoria,NMV,CC0,http://creativecommons.org/publicdomain/zero/1.0/legalcode,3eac9d59-e443-4936-9bb7-f14446dd8cda,,si
GBIF,2874294563,"Graneledone Joubin, 1918",,-52.92,74.6,753,753,753,2006-03-19,2006,Heard Island and McDonald Islands,Océano Índico,PRESERVED_SPECIMEN,39905320-6c8a-11de-8226-b8a03c50a862,Museums Victoria provider for OZCAM,10.15468/lp1ctu,Museums Victoria,NMV,CC0,http://creativecommons.org/publicdomain/zero/1.0/legalcode,caa9c414-d8da-407e-8b42-360b668d0908,,si
GBIF,2874295397,"Graneledone Joubin, 1918",,-52.92,74.6,721,721,721,2006-03-31,2006,Heard Island and McDonald Islands,Océano Índico,PRESERVED_SPECIMEN,39905320-6c8a-11de-8226-b8a03c50a862,Museums Victoria provider for OZCAM,10.15468/lp1ctu,Museums Victoria,NMV,CC0,http://creativecommons.org/publicdomain/zero/1.0/legalcode,4398b95a-e6b9-4789-b242-6ce550f62da2,,si
GBIF,2874296437,"Graneledone Joubin, 1918",,-52.9,74.58,484,484,484,2006-03-15,2006,Heard Island and McDonald Islands,Océano Índico,PRESERVED_SPECIMEN,39905320-6c8a-11de-8226-b8a03c50a862,Museums Victoria provider for OZCAM,10.15468/lp1ctu,Museums Victoria,NMV,CC0,http://creativecommons.org/publicdomain/zero/1.0/legalcode,6ea56f91-d6c7-4796-a426-87559c0fdace,,si
GBIF,1427313033,"Graneledone Joubin, 1918",,-39.8607,168.0217,903.5,902,905,2006-06-27T05:23/2006-06-27T05:51,2006,New Zealand,Pacífico Sur,HUMAN_OBSERVATION,2a636fd6-dc73-49c0-9e5b-26bd05532313,MBIS research trawl surveys,10.15468/ti5yah,Earth Sciences New Zealand (ESNZ),NIWA,CC-BY,http://creativecommons.org/licenses/by/4.0/legalcode,387470,,si
GBIF,1427313731,"Graneledone Joubin, 1918",,-39.9377,168.2805,833,832,834,2006-07-02T02:40/2006-07-02T03:08,2006,New Zealand,Pacífico Sur,HUMAN_OBSERVATION,2a636fd6-dc73-49c0-9e5b-26bd05532313,MBIS research trawl surveys,10.15468/ti5yah,Earth Sciences New Zealand (ESNZ),NIWA,CC-BY,http://creativecommons.org/licenses/by/4.0/legalcode,388136,,si
GBIF,2382899382,"Graneledone yamana Guerrero-Kommritz, 2000",Graneledone yamana,-53.716999,-59.700001,987,987,987,2006-07-17,2006,Falkland Islands (Malvinas),Atlántico Sur,PRESERVED_SPECIMEN,968dfa3e-3614-4bab-a3b5-e9209bdd6078,Ocean Genome Legacy Collection,10.15468/jzgqtc,United States Geological Survey,OGL,CC-BY,http://creativecommons.org/licenses/by/4.0/legalcode,OGL_MSC_NortheasternUniversity_S08393,,si
GBIF,2874276417,"Graneledone Joubin, 1918",,-52.92,74.63,685,685,685,2006-08-21,2006,Heard Island and McDonald Islands,Océano Índico,PRESERVED_SPECIMEN,39905320-6c8a-11de-8226-b8a03c50a862,Museums Victoria provider for OZCAM,10.15468/lp1ctu,Museums Victoria,NMV,CC0,http://creativecommons.org/publicdomain/zero/1.0/legalcode,5d34abb4-9342-48ae-b4f5-cbe942a02ed1,,si
GBIF,2874281362,"Graneledone Joubin, 1918",,-52.88,74.63,655,655,655,2006-08-20,2006,Heard Island and McDonald Islands,Océano Índico,PRESERVED_SPECIMEN,39905320-6c8a-11de-8226-b8a03c50a862,Museums Victoria provider for OZCAM,10.15468/lp1ctu,Museums Victoria,NMV,CC0,http://creativecommons.org/publicdomain/zero/1.0/legalcode,298481bd-04f6-4943-91a7-e744348b749f,,si
GBIF,2874289322,"Graneledone Joubin, 1918",,-52.9,74.6,565,565,565,2006-08-03,2006,Heard Island and McDonald Islands,Océano Índico,PRESERVED_SPECIMEN,39905320-6c8a-11de-8226-b8a03c50a862,Museums Victoria provider for OZCAM,10.15468/lp1ctu,Museums Victoria,NMV,CC0,http://creativecommons.org/publicdomain/zero/1.0/legalcode,0bbb4524-d5ac-4376-a82a-bcf79bbd0a23,,si
GBIF,2874290626,"Graneledone Joubin, 1918",,-52.23,76.93,548,548,548,2006-08-28,2006,Heard Island and McDonald Islands,Océano Índico,PRESERVED_SPECIMEN,39905320-6c8a-11de-8226-b8a03c50a862,Museums Victoria provider for OZCAM,10.15468/lp1ctu,Museums Victoria,NMV,CC0,http://creativecommons.org/publicdomain/zero/1.0/legalcode,ffecd629-57ad-46c8-9d70-480b6396a4d0,,si
GBIF,2874294384,"Graneledone Joubin, 1918",,-51.38,72.02,553,553,553,2006-08-05,2006,Heard Island and McDonald Islands,Océano Índico,PRESERVED_SPECIMEN,39905320-6c8a-11de-8226-b8a03c50a862,Museums Victoria provider for OZCAM,10.15468/lp1ctu,Museums Victoria,NMV,CC0,http://creativecommons.org/publicdomain/zero/1.0/legalcode,4c123fc7-9150-423c-96aa-64152e41411b,,si
GBIF,2874296301,"Graneledone Joubin, 1918",,-52.85,74.53,478,478,478,2006-08-02,2006,Heard Island and McDonald Islands,Océano Índico,PRESERVED_SPECIMEN,39905320-6c8a-11de-8226-b8a03c50a862,Museums Victoria provider for OZCAM,10.15468/lp1ctu,Museums Victoria,NMV,CC0,http://creativecommons.org/publicdomain/zero/1.0/legalcode,0009026f-a2a7-4f12-9e6f-5fa29fc5e3f0,,si
GBIF,2874296354,"Graneledone Joubin, 1918",,-52.88,74.62,655,655,655,2006-08-02,2006,Heard Island and McDonald Islands,Océano Índico,PRESERVED_SPECIMEN,39905320-6c8a-11de-8226-b8a03c50a862,Museums Victoria provider for OZCAM,10.15468/lp1ctu,Museums Victoria,NMV,CC0,http://creativecommons.org/publicdomain/zero/1.0/legalcode,2c005f9a-5edd-4186-bff0-b900f443e37f,,si
GBIF,2382896779,"Graneledone gonzalezi Guerra, González & Cherel, 2000",Graneledone gonzalezi,-47.783001,72.067001,560,560,560,2006-09-15,2006,French Southern Territories,Océano Índico,PRESERVED_SPECIMEN,968dfa3e-3614-4bab-a3b5-e9209bdd6078,Ocean Genome Legacy Collection,10.15468/jzgqtc,United States Geological Survey,OGL,CC-BY,http://creativecommons.org/licenses/by/4.0/legalcode,OGL_MSC_NortheasternUniversity_S08016,,si
GBIF,2382897192,"Graneledone gonzalezi Guerra, González & Cherel, 2000",Graneledone gonzalezi,-47.783001,72.067001,560,560,560,2006-09-15,2006,French Southern Territories,Océano Índico,PRESERVED_SPECIMEN,968dfa3e-3614-4bab-a3b5-e9209bdd6078,Ocean Genome Legacy Collection,10.15468/jzgqtc,United States Geological Survey,OGL,CC-BY,http://creativecommons.org/licenses/by/4.0/legalcode,OGL_MSC_NortheasternUniversity_S08017,,si
GBIF,2382897598,"Graneledone gonzalezi Guerra, González & Cherel, 2000",Graneledone gonzalezi,-48.117001,70.532997,529,529,529,2006-09-15,2006,French Southern Territories,Océano Índico,PRESERVED_SPECIMEN,968dfa3e-3614-4bab-a3b5-e9209bdd6078,Ocean Genome Legacy Collection,10.15468/jzgqtc,United States Geological Survey,OGL,CC-BY,http://creativecommons.org/licenses/by/4.0/legalcode,OGL_MSC_NortheasternUniversity_S08014,,si
GBIF,2382898515,"Graneledone gonzalezi Guerra, González & Cherel, 2000",Graneledone gonzalezi,-47.783001,72.067001,560,560,560,2006-09-15,2006,French Southern Territories,Océano Índico,PRESERVED_SPECIMEN,968dfa3e-3614-4bab-a3b5-e9209bdd6078,Ocean Genome Legacy Collection,10.15468/jzgqtc,United States Geological Survey,OGL,CC-BY,http://creativecommons.org/licenses/by/4.0/legalcode,OGL_MSC_NortheasternUniversity_S08015,,si
GBIF,2382898729,"Graneledone gonzalezi Guerra, González & Cherel, 2000",Graneledone gonzalezi,-47.783001,72.067001,560,560,560,2006-09-15,2006,French Southern Territories,Océano Índico,PRESERVED_SPECIMEN,968dfa3e-3614-4bab-a3b5-e9209bdd6078,Ocean Genome Legacy Collection,10.15468/jzgqtc,United States Geological Survey,OGL,CC-BY,http://creativecommons.org/licenses/by/4.0/legalcode,OGL_MSC_NortheasternUniversity_S08018,,si
GBIF,2874274615,"Graneledone Joubin, 1918",,-52.97,74.67,584,584,584,2006-09-12,2006,Heard Island and McDonald Islands,Océano Índico,PRESERVED_SPECIMEN,39905320-6c8a-11de-8226-b8a03c50a862,Museums Victoria provider for OZCAM,10.15468/lp1ctu,Museums Victoria,NMV,CC0,http://creativecommons.org/publicdomain/zero/1.0/legalcode,debc4f29-2805-4815-94c9-2bb730f13002,,si
GBIF,2874276376,"Graneledone Joubin, 1918",,-52.97,74.67,584,584,584,2006-09-12,2006,Heard Island and McDonald Islands,Océano Índico,PRESERVED_SPECIMEN,39905320-6c8a-11de-8226-b8a03c50a862,Museums Victoria provider for OZCAM,10.15468/lp1ctu,Museums Victoria,NMV,CC0,http://creativecommons.org/publicdomain/zero/1.0/legalcode,40201d71-7705-44af-af7c-f0bd838ffd38,,si
GBIF,2874277584,"Graneledone Joubin, 1918",,-52.93,74.58,489,489,489,2006-09-09,2006,Heard Island and McDonald Islands,Océano Índico,PRESERVED_SPECIMEN,39905320-6c8a-11de-8226-b8a03c50a862,Museums Victoria provider for OZCAM,10.15468/lp1ctu,Museums Victoria,NMV,CC0,http://creativecommons.org/publicdomain/zero/1.0/legalcode,cd3869d3-3c2a-4372-a85a-9031bc426215,,si
GBIF,2874278634,"Graneledone Joubin, 1918",,-52.88,74.63,490,490,490,2006-09-09,2006,Heard Island and McDonald Islands,Océano Índico,PRESERVED_SPECIMEN,39905320-6c8a-11de-8226-b8a03c50a862,Museums Victoria provider for OZCAM,10.15468/lp1ctu,Museums Victoria,NMV,CC0,http://creativecommons.org/publicdomain/zero/1.0/legalcode,f47f07e9-8aaa-4e30-b9a9-d055d07f9886,,si
GBIF,2874279444,"Graneledone Joubin, 1918",,-52.97,74.63,704,704,704,2006-09-12,2006,Heard Island and McDonald Islands,Océano Índico,PRESERVED_SPECIMEN,39905320-6c8a-11de-8226-b8a03c50a862,Museums Victoria provider for OZCAM,10.15468/lp1ctu,Museums Victoria,NMV,CC0,http://creativecommons.org/publicdomain/zero/1.0/legalcode,6b000f72-5a2e-4662-894a-c419635c66e9,,si
GBIF,2874279509,"Graneledone Joubin, 1918",,-52.92,74.7,595,595,595,2006-09-16,2006,Heard Island and McDonald Islands,Océano Índico,PRESERVED_SPECIMEN,39905320-6c8a-11de-8226-b8a03c50a862,Museums Victoria provider for OZCAM,10.15468/lp1ctu,Museums Victoria,NMV,CC0,http://creativecommons.org/publicdomain/zero/1.0/legalcode,a4517fac-ec60-4fe8-b353-4296ca9723dd,,si
GBIF,2874285380,"Graneledone Joubin, 1918",,-52.93,74.58,498,498,498,2006-09-12,2006,Heard Island and McDonald Islands,Océano Índico,PRESERVED_SPECIMEN,39905320-6c8a-11de-8226-b8a03c50a862,Museums Victoria provider for OZCAM,10.15468/lp1ctu,Museums Victoria,NMV,CC0,http://creativecommons.org/publicdomain/zero/1.0/legalcode,3aac724d-2afa-47b3-b799-5c7aaf2f581b,,si
GBIF,2874289388,"Graneledone Joubin, 1918",,-52.93,74.58,498,498,498,2006-09-12,2006,Heard Island and McDonald Islands,Océano Índico,PRESERVED_SPECIMEN,39905320-6c8a-11de-8226-b8a03c50a862,Museums Victoria provider for OZCAM,10.15468/lp1ctu,Museums Victoria,NMV,CC0,http://creativecommons.org/publicdomain/zero/1.0/legalcode,416ad8c4-9895-4395-aec5-f131f1c9248b,,si
GBIF,2874289478,"Graneledone Joubin, 1918",,-52.93,74.58,498,498,498,2006-09-12,2006,Heard Island and McDonald Islands,Océano Índico,PRESERVED_SPECIMEN,39905320-6c8a-11de-8226-b8a03c50a862,Museums Victoria provider for OZCAM,10.15468/lp1ctu,Museums Victoria,NMV,CC0,http://creativecommons.org/publicdomain/zero/1.0/legalcode,80eb37ce-274e-413a-9500-19ff0da4bf53,,si
GBIF,2874290541,"Graneledone Joubin, 1918",,-52.92,74.67,559,559,559,2006-09-14,2006,Heard Island and McDonald Islands,Océano Índico,PRESERVED_SPECIMEN,39905320-6c8a-11de-8226-b8a03c50a862,Museums Victoria provider for OZCAM,10.15468/lp1ctu,Museums Victoria,NMV,CC0,http://creativecommons.org/publicdomain/zero/1.0/legalcode,bbba3ab0-5523-4dcb-ac88-31308fc13559,,si
GBIF,2874291444,"Graneledone Joubin, 1918",,-52.92,74.57,647,647,647,2006-09-14,2006,Heard Island and McDonald Islands,Océano Índico,PRESERVED_SPECIMEN,39905320-6c8a-11de-8226-b8a03c50a862,Museums Victoria provider for OZCAM,10.15468/lp1ctu,Museums Victoria,NMV,CC0,http://creativecommons.org/publicdomain/zero/1.0/legalcode,6b0aca43-d8ae-4215-88b8-e92b883af022,,si
GBIF,2874292376,"Graneledone Joubin, 1918",,-52.95,74.58,510,510,510,2006-09-15,2006,Heard Island and McDonald Islands,Océano Índico,PRESERVED_SPECIMEN,39905320-6c8a-11de-8226-b8a03c50a862,Museums Victoria provider for OZCAM,10.15468/lp1ctu,Museums Victoria,NMV,CC0,http://creativecommons.org/publicdomain/zero/1.0/legalcode,3d793c4d-ce19-48cf-8a1b-105d25bee138,,si
GBIF,2874293444,"Graneledone Joubin, 1918",,-52.9,74.65,664,664,664,2006-09-13,2006,Heard Island and McDonald Islands,Océano Índico,PRESERVED_SPECIMEN,39905320-6c8a-11de-8226-b8a03c50a862,Museums Victoria provider for OZCAM,10.15468/lp1ctu,Museums Victoria,NMV,CC0,http://creativecommons.org/publicdomain/zero/1.0/legalcode,6c6390f6-7928-4cb1-addf-bff741ef5ff4,,si
GBIF,2874295409,"Graneledone Joubin, 1918",,-52.82,74.58,548,548,548,2006-09-12,2006,Heard Island and McDonald Islands,Océano Índico,PRESERVED_SPECIMEN,39905320-6c8a-11de-8226-b8a03c50a862,Museums Victoria provider for OZCAM,10.15468/lp1ctu,Museums Victoria,NMV,CC0,http://creativecommons.org/publicdomain/zero/1.0/legalcode,4e7ff03a-9f13-44cd-81d1-3e1bd27d4e98,,si
GBIF,2874296556,"Graneledone Joubin, 1918",,-52.93,74.58,498,498,498,2006-09-12,2006,Heard Island and McDonald Islands,Océano Índico,PRESERVED_SPECIMEN,39905320-6c8a-11de-8226-b8a03c50a862,Museums Victoria provider for OZCAM,10.15468/lp1ctu,Museums Victoria,NMV,CC0,http://creativecommons.org/publicdomain/zero/1.0/legalcode,ce5aa32f-a5f1-41fe-931e-79fd1a421cfc,,si
GBIF,2874296584,"Graneledone Joubin, 1918",,-52.88,74.63,490,490,490,2006-09-09,2006,Heard Island and McDonald Islands,Océano Índico,PRESERVED_SPECIMEN,39905320-6c8a-11de-8226-b8a03c50a862,Museums Victoria provider for OZCAM,10.15468/lp1ctu,Museums Victoria,NMV,CC0,http://creativecommons.org/publicdomain/zero/1.0/legalcode,e790ca04-b000-4c71-9b0d-790e2ac48345,,si
GBIF,2874297317,"Graneledone Joubin, 1918",,-52.93,74.58,498,498,498,2006-09-12,2006,Heard Island and McDonald Islands,Océano Índico,PRESERVED_SPECIMEN,39905320-6c8a-11de-8226-b8a03c50a862,Museums Victoria provider for OZCAM,10.15468/lp1ctu,Museums Victoria,NMV,CC0,http://creativecommons.org/publicdomain/zero/1.0/legalcode,170c8d37-0131-495a-98ce-72a87cf32657,,si
GBIF,1427204559,"Graneledone Joubin, 1918",,-44.5252,174.684,745.5,735,756,2006-10-26T05:47/2006-10-26T06:17,2006,New Zealand,Pacífico Sur,HUMAN_OBSERVATION,2a636fd6-dc73-49c0-9e5b-26bd05532313,MBIS research trawl surveys,10.15468/ti5yah,Earth Sciences New Zealand (ESNZ),NIWA,CC-BY,http://creativecommons.org/licenses/by/4.0/legalcode,278983,,si
GBIF,1427204561,"Graneledone Joubin, 1918",,-44.3332,174.6057,620.5,616,625,2006-10-27T08:07/2006-10-27T08:25,2006,New Zealand,Pacífico Sur,HUMAN_OBSERVATION,2a636fd6-dc73-49c0-9e5b-26bd05532313,MBIS research trawl surveys,10.15468/ti5yah,Earth Sciences New Zealand (ESNZ),NIWA,CC-BY,http://creativecommons.org/licenses/by/4.0/legalcode,279010,,si
GBIF,1427204767,"Graneledone Joubin, 1918",,-44.7365,173.496,911.5,890,933,2006-10-20T20:45/2006-10-20T21:01,2006,New Zealand,Pacífico Sur,HUMAN_OBSERVATION,2a636fd6-dc73-49c0-9e5b-26bd05532313,MBIS research trawl surveys,10.15468/ti5yah,Earth Sciences New Zealand (ESNZ),NIWA,CC-BY,http://creativecommons.org/licenses/by/4.0/legalcode,279209,,si
GBIF,1427204831,"Graneledone Joubin, 1918",,-45.0152,174.8977,1086,1058,1114,2006-10-23T17:42/2006-10-23T18:02,2006,New Zealand,Pacífico Sur,HUMAN_OBSERVATION,2a636fd6-dc73-49c0-9e5b-26bd05532313,MBIS research trawl surveys,10.15468/ti5yah,Earth Sciences New Zealand (ESNZ),NIWA,CC-BY,http://creativecommons.org/licenses/by/4.0/legalcode,279277,,si
GBIF,1898302805,"Graneledone boreopacifica Nesis, 1982",Graneledone boreopacifica,52.413167,-132.214567,2250,2200,2300,2006-10-13,2006,Canada,Pacífico Norte,PRESERVED_SPECIMEN,34fbcf59-d9bb-47e7-9672-99e13ea8c736,Royal BC Museum - Invertebrates Collection,10.5886/zh7n1e,Royal British Columbia Museum,RBCM,CC-BY,http://creativecommons.org/licenses/by/4.0/legalcode,a8c8b03f-6cfb-4315-a39c-21c37ea4dbca,,si
GBIF,2874275301,"Graneledone Joubin, 1918",,-52.23,76.92,600,600,600,2006-10-19,2006,Heard Island and McDonald Islands,Océano Índico,PRESERVED_SPECIMEN,39905320-6c8a-11de-8226-b8a03c50a862,Museums Victoria provider for OZCAM,10.15468/lp1ctu,Museums Victoria,NMV,CC0,http://creativecommons.org/publicdomain/zero/1.0/legalcode,001e32b4-624a-4430-aea3-35edbfbae28a,,si
GBIF,2874279612,"Graneledone Joubin, 1918",,-52.22,76.93,584,584,584,2006-10-18,2006,Heard Island and McDonald Islands,Océano Índico,PRESERVED_SPECIMEN,39905320-6c8a-11de-8226-b8a03c50a862,Museums Victoria provider for OZCAM,10.15468/lp1ctu,Museums Victoria,NMV,CC0,http://creativecommons.org/publicdomain/zero/1.0/legalcode,f560d413-2054-4f50-847e-3fb080bb6c29,,si
GBIF,2874281612,"Graneledone Joubin, 1918",,-52.23,76.93,444,444,444,2006-10-18,2006,Heard Island and McDonald Islands,Océano Índico,PRESERVED_SPECIMEN,39905320-6c8a-11de-8226-b8a03c50a862,Museums Victoria provider for OZCAM,10.15468/lp1ctu,Museums Victoria,NMV,CC0,http://creativecommons.org/publicdomain/zero/1.0/legalcode,e48ad9e9-9f55-4a4f-a5d5-6356447401eb,,si
GBIF,2874290449,"Graneledone Joubin, 1918",,-52.23,76.92,600,600,600,2006-10-19,2006,Heard Island and McDonald Islands,Océano Índico,PRESERVED_SPECIMEN,39905320-6c8a-11de-8226-b8a03c50a862,Museums Victoria provider for OZCAM,10.15468/lp1ctu,Museums Victoria,NMV,CC0,http://creativecommons.org/publicdomain/zero/1.0/legalcode,78d8c9ce-10de-4db0-b48d-fdf9d7457cc5,,si
GBIF,2874291434,"Graneledone Joubin, 1918",,-52.23,76.93,435,435,435,2006-10-17,2006,Heard Island and McDonald Islands,Océano Índico,PRESERVED_SPECIMEN,39905320-6c8a-11de-8226-b8a03c50a862,Museums Victoria provider for OZCAM,10.15468/lp1ctu,Museums Victoria,NMV,CC0,http://creativecommons.org/publicdomain/zero/1.0/legalcode,63d16e4d-d2b4-4d4d-85b8-1ee7e5fd7bb3,,si
GBIF,2874295313,"Graneledone Joubin, 1918",,-52.22,76.93,583,583,583,2006-10-28,2006,Heard Island and McDonald Islands,Océano Índico,PRESERVED_SPECIMEN,39905320-6c8a-11de-8226-b8a03c50a862,Museums Victoria provider for OZCAM,10.15468/lp1ctu,Museums Victoria,NMV,CC0,http://creativecommons.org/publicdomain/zero/1.0/legalcode,0b852894-7c9f-4b48-8de8-7f56cad4f4ae,,si
GBIF,2874295460,"Graneledone Joubin, 1918",,-52.22,76.93,444,444,444,2006-10-18,2006,Heard Island and McDonald Islands,Océano Índico,PRESERVED_SPECIMEN,39905320-6c8a-11de-8226-b8a03c50a862,Museums Victoria provider for OZCAM,10.15468/lp1ctu,Museums Victoria,NMV,CC0,http://creativecommons.org/publicdomain/zero/1.0/legalcode,78cc2572-da4e-4400-8ea7-88708b87f4f6,,si
GBIF,2874296480,"Graneledone Joubin, 1918",,-52.23,76.92,600,600,600,2006-10-19,2006,Heard Island and McDonald Islands,Océano Índico,PRESERVED_SPECIMEN,39905320-6c8a-11de-8226-b8a03c50a862,Museums Victoria provider for OZCAM,10.15468/lp1ctu,Museums Victoria,NMV,CC0,http://creativecommons.org/publicdomain/zero/1.0/legalcode,8da0f44e-e6a1-40d5-aa5c-706531170b93,,si
GBIF,1427205002,"Graneledone Joubin, 1918",,-46.677,170.5565,863,851,875,2006-11-26T09:17/2006-11-26T10:09,2006,New Zealand,Pacífico Sur,HUMAN_OBSERVATION,2a636fd6-dc73-49c0-9e5b-26bd05532313,MBIS research trawl surveys,10.15468/ti5yah,Earth Sciences New Zealand (ESNZ),NIWA,CC-BY,http://creativecommons.org/licenses/by/4.0/legalcode,279413,,si
GBIF,1427205539,"Graneledone Joubin, 1918",,-48.5375,173.6903,853,849,857,2006-11-27T11:36/2006-11-27T12:27,2006,New Zealand,Pacífico Sur,HUMAN_OBSERVATION,2a636fd6-dc73-49c0-9e5b-26bd05532313,MBIS research trawl surveys,10.15468/ti5yah,Earth Sciences New Zealand (ESNZ),NIWA,CC-BY,http://creativecommons.org/licenses/by/4.0/legalcode,279952,,si
GBIF,2874277482,"Graneledone Joubin, 1918",,-52.22,76.93,587,587,587,2006-11-01,2006,Heard Island and McDonald Islands,Océano Índico,PRESERVED_SPECIMEN,39905320-6c8a-11de-8226-b8a03c50a862,Museums Victoria provider for OZCAM,10.15468/lp1ctu,Museums Victoria,NMV,CC0,http://creativecommons.org/publicdomain/zero/1.0/legalcode,7d6225b3-8493-4c33-a5e9-c7375db64931,,si
GBIF,2874278374,"Graneledone Joubin, 1918",,-52.92,74.55,715,715,715,2006-11-17,2006,Heard Island and McDonald Islands,Océano Índico,PRESERVED_SPECIMEN,39905320-6c8a-11de-8226-b8a03c50a862,Museums Victoria provider for OZCAM,10.15468/lp1ctu,Museums Victoria,NMV,CC0,http://creativecommons.org/publicdomain/zero/1.0/legalcode,300a7c9a-fa0e-4fff-84ac-39fbfc7ca475,,si
GBIF,2874284549,"Graneledone Joubin, 1918",,-52.97,74.63,697,697,697,2006-11-12,2006,Heard Island and McDonald Islands,Océano Índico,PRESERVED_SPECIMEN,39905320-6c8a-11de-8226-b8a03c50a862,Museums Victoria provider for OZCAM,10.15468/lp1ctu,Museums Victoria,NMV,CC0,http://creativecommons.org/publicdomain/zero/1.0/legalcode,babc5902-4316-4c97-a417-cd7bc476709c,,si
GBIF,2874288556,"Graneledone Joubin, 1918",,-52.97,74.63,680,680,680,2006-11-12,2006,Heard Island and McDonald Islands,Océano Índico,PRESERVED_SPECIMEN,39905320-6c8a-11de-8226-b8a03c50a862,Museums Victoria provider for OZCAM,10.15468/lp1ctu,Museums Victoria,NMV,CC0,http://creativecommons.org/publicdomain/zero/1.0/legalcode,becdca83-f21e-4a4a-9817-4aaad7defaef,,si
GBIF,2874289336,"Graneledone Joubin, 1918",,-52.97,74.63,697,697,697,2006-11-12,2006,Heard Island and McDonald Islands,Océano Índico,PRESERVED_SPECIMEN,39905320-6c8a-11de-8226-b8a03c50a862,Museums Victoria provider for OZCAM,10.15468/lp1ctu,Museums Victoria,NMV,CC0,http://creativecommons.org/publicdomain/zero/1.0/legalcode,16c4610c-2f21-42ac-ae83-338bf59b7224,,si
GBIF,2874293323,"Graneledone Joubin, 1918",,-52.92,74.53,700,700,700,2006-11-14,2006,Heard Island and McDonald Islands,Océano Índico,PRESERVED_SPECIMEN,39905320-6c8a-11de-8226-b8a03c50a862,Museums Victoria provider for OZCAM,10.15468/lp1ctu,Museums Victoria,NMV,CC0,http://creativecommons.org/publicdomain/zero/1.0/legalcode,184be66d-f458-4234-a0f5-117f3a103124,,si
GBIF,2874295404,"Graneledone Joubin, 1918",,-52.92,74.57,690,690,690,2006-11-17,2006,Heard Island and McDonald Islands,Océano Índico,PRESERVED_SPECIMEN,39905320-6c8a-11de-8226-b8a03c50a862,Museums Victoria provider for OZCAM,10.15468/lp1ctu,Museums Victoria,NMV,CC0,http://creativecommons.org/publicdomain/zero/1.0/legalcode,4b30bae3-f90d-4022-9dd8-7df8f2a4422f,,si
GBIF,2874296609,"Graneledone Joubin, 1918",,-52.97,74.63,680,680,680,2006-11-12,2006,Heard Island and McDonald Islands,Océano Índico,PRESERVED_SPECIMEN,39905320-6c8a-11de-8226-b8a03c50a862,Museums Victoria provider for OZCAM,10.15468/lp1ctu,Museums Victoria,NMV,CC0,http://creativecommons.org/publicdomain/zero/1.0/legalcode,fa1da316-6259-4f64-9e97-095a8747146a,,si
GBIF,2874297440,"Graneledone Joubin, 1918",,-52.92,74.55,708,708,708,2006-11-16,2006,Heard Island and McDonald Islands,Océano Índico,PRESERVED_SPECIMEN,39905320-6c8a-11de-8226-b8a03c50a862,Museums Victoria provider for OZCAM,10.15468/lp1ctu,Museums Victoria,NMV,CC0,http://creativecommons.org/publicdomain/zero/1.0/legalcode,66ef21d8-1b02-4d7a-a24d-ee255cbfe86c,,si
GBIF,1427205292,"Graneledone Joubin, 1918",,-47.7003,169.9242,959,959,959,2006-12-03T12:43/2006-12-03T13:36,2006,New Zealand,Pacífico Sur,HUMAN_OBSERVATION,2a636fd6-dc73-49c0-9e5b-26bd05532313,MBIS research trawl surveys,10.15468/ti5yah,Earth Sciences New Zealand (ESNZ),NIWA,CC-BY,http://creativecommons.org/licenses/by/4.0/legalcode,279724,,si
GBIF,1427205350,"Graneledone Joubin, 1918",,-48.036,169.9408,889,887,891,2006-12-03T15:59/2006-12-03T16:37,2006,New Zealand,Pacífico Sur,HUMAN_OBSERVATION,2a636fd6-dc73-49c0-9e5b-26bd05532313,MBIS research trawl surveys,10.15468/ti5yah,Earth Sciences New Zealand (ESNZ),NIWA,CC-BY,http://creativecommons.org/licenses/by/4.0/legalcode,279768,,si
GBIF,1427205509,"Graneledone Joubin, 1918",,-50.3397,169.2515,594,590,598,2006-12-05T04:49/2006-12-05T05:41,2006,New Zealand,Pacífico Sur,HUMAN_OBSERVATION,2a636fd6-dc73-49c0-9e5b-26bd05532313,MBIS research trawl surveys,10.15468/ti5yah,Earth Sciences New Zealand (ESNZ),NIWA,CC-BY,http://creativecommons.org/licenses/by/4.0/legalcode,279918,,si
GBIF,1427205659,"Graneledone Joubin, 1918",,-53.5337,169.8523,654,654,654,2006-12-06T10:44/2006-12-06T11:35,2006,New Zealand,Pacífico Sur,HUMAN_OBSERVATION,2a636fd6-dc73-49c0-9e5b-26bd05532313,MBIS research trawl surveys,10.15468/ti5yah,Earth Sciences New Zealand (ESNZ),NIWA,CC-BY,http://creativecommons.org/licenses/by/4.0/legalcode,280102,,si
GBIF,1427206125,"Graneledone Joubin, 1918",,-49.646,168.2563,644,638,650,2006-12-11T10:25/2006-12-11T11:17,2006,New Zealand,Pacífico Sur,HUMAN_OBSERVATION,2a636fd6-dc73-49c0-9e5b-26bd05532313,MBIS research trawl surveys,10.15468/ti5yah,Earth Sciences New Zealand (ESNZ),NIWA,CC-BY,http://creativecommons.org/licenses/by/4.0/legalcode,280537,,si
GBIF,1427206185,"Graneledone Joubin, 1918",,-49.5443,167.8748,647.5,645,650,2006-12-11T16:08/2006-12-11T17:00,2006,New Zealand,Pacífico Sur,HUMAN_OBSERVATION,2a636fd6-dc73-49c0-9e5b-26bd05532313,MBIS research trawl surveys,10.15468/ti5yah,Earth Sciences New Zealand (ESNZ),NIWA,CC-BY,http://creativecommons.org/licenses/by/4.0/legalcode,280599,,si
GBIF,1427206191,"Graneledone Joubin, 1918",,-49.2958,167.9675,699,686,712,2006-12-12T15:29/2006-12-12T16:23,2006,New Zealand,Pacífico Sur,HUMAN_OBSERVATION,2a636fd6-dc73-49c0-9e5b-26bd05532313,MBIS research trawl surveys,10.15468/ti5yah,Earth Sciences New Zealand (ESNZ),NIWA,CC-BY,http://creativecommons.org/licenses/by/4.0/legalcode,280624,,si
GBIF,1427206274,"Graneledone Joubin, 1918",,-49.117,167.1953,686.5,676,697,2006-12-13T08:14/2006-12-13T09:05,2006,New Zealand,Pacífico Sur,HUMAN_OBSERVATION,2a636fd6-dc73-49c0-9e5b-26bd05532313,MBIS research trawl surveys,10.15468/ti5yah,Earth Sciences New Zealand (ESNZ),NIWA,CC-BY,http://creativecommons.org/licenses/by/4.0/legalcode,280695,,si
GBIF,1427206460,"Graneledone Joubin, 1918",,-49.3092,166.707,652,636,668,2006-12-14T09:41/2006-12-14T10:32,2006,New Zealand,Pacífico Sur,HUMAN_OBSERVATION,2a636fd6-dc73-49c0-9e5b-26bd05532313,MBIS research trawl surveys,10.15468/ti5yah,Earth Sciences New Zealand (ESNZ),NIWA,CC-BY,http://creativecommons.org/licenses/by/4.0/legalcode,280874,,si
GBIF,1427206760,"Graneledone Joubin, 1918",,-46.8222,166.8282,944,943,945,2006-12-16T18:13/2006-12-16T19:06,2006,New Zealand,Pacífico Sur,HUMAN_OBSERVATION,2a636fd6-dc73-49c0-9e5b-26bd05532313,MBIS research trawl surveys,10.15468/ti5yah,Earth Sciences New Zealand (ESNZ),NIWA,CC-BY,http://creativecommons.org/licenses/by/4.0/legalcode,281176,,si
GBIF,1427206762,"Graneledone Joubin, 1918",,-46.8917,167.0322,935,906,964,2006-12-17T05:09/2006-12-17T05:51,2006,New Zealand,Pacífico Sur,HUMAN_OBSERVATION,2a636fd6-dc73-49c0-9e5b-26bd05532313,MBIS research trawl surveys,10.15468/ti5yah,Earth Sciences New Zealand (ESNZ),NIWA,CC-BY,http://creativecommons.org/licenses/by/4.0/legalcode,281206,,si
GBIF,1427206973,"Graneledone Joubin, 1918",,-46.8455,166.0807,848.5,833,864,2006-12-18T05:01/2006-12-18T05:46,2006,New Zealand,Pacífico Sur,HUMAN_OBSERVATION,2a636fd6-dc73-49c0-9e5b-26bd05532313,MBIS research trawl surveys,10.15468/ti5yah,Earth Sciences New Zealand (ESNZ),NIWA,CC-BY,http://creativecommons.org/licenses/by/4.0/legalcode,281393,,si
GBIF,1427207186,"Graneledone Joubin, 1918",,-49.0923,169.4072,873,864,882,2006-12-19T14:48/2006-12-19T15:39,2006,New Zealand,Pacífico Sur,HUMAN_OBSERVATION,2a636fd6-dc73-49c0-9e5b-26bd05532313,MBIS research trawl surveys,10.15468/ti5yah,Earth Sciences New Zealand (ESNZ),NIWA,CC-BY,http://creativecommons.org/licenses/by/4.0/legalcode,281596,,si
GBIF,1427207224,"Graneledone Joubin, 1918",,-49.665,168.4037,644.5,642,647,2006-12-20T05:04/2006-12-20T05:57,2006,New Zealand,Pacífico Sur,HUMAN_OBSERVATION,2a636fd6-dc73-49c0-9e5b-26bd05532313,MBIS research trawl surveys,10.15468/ti5yah,Earth Sciences New Zealand (ESNZ),NIWA,CC-BY,http://creativecommons.org/licenses/by/4.0/legalcode,281628,,si
GBIF,1427207274,"Graneledone Joubin, 1918",,-49.4905,170.415,565,562,568,2006-12-21T05:02/2006-12-21T05:54,2006,New Zealand,Pacífico Sur,HUMAN_OBSERVATION,2a636fd6-dc73-49c0-9e5b-26bd05532313,MBIS research trawl surveys,10.15468/ti5yah,Earth Sciences New Zealand (ESNZ),NIWA,CC-BY,http://creativecommons.org/licenses/by/4.0/legalcode,281698,,si
GBIF,1427192646,"Graneledone Joubin, 1918",,-44.4805,173.8538,746,734,758,2005-01-16T10:37/2005-01-16T11:29,2005,New Zealand,Pacífico Sur,HUMAN_OBSERVATION,2a636fd6-dc73-49c0-9e5b-26bd05532313,MBIS research trawl surveys,10.15468/ti5yah,Earth Sciences New Zealand (ESNZ),NIWA,CC-BY,http://creativecommons.org/licenses/by/4.0/legalcode,267102,,si
GBIF,1427195536,"Graneledone Joubin, 1918",,-43.859,178.6943,499.5,497,502,2005-01-14T02:25/2005-01-14T02:50,2005,New Zealand,Pacífico Sur,HUMAN_OBSERVATION,2a636fd6-dc73-49c0-9e5b-26bd05532313,MBIS research trawl surveys,10.15468/ti5yah,Earth Sciences New Zealand (ESNZ),NIWA,CC-BY,http://creativecommons.org/licenses/by/4.0/legalcode,269945,,si
GBIF,2382897701,"Graneledone antarctica G.L.Voss, 1976",Graneledone antarctica,-69.400002,-5.317,1819,1819,1819,2005-02-10,2005,Antarctica,Océano Austral,PRESERVED_SPECIMEN,968dfa3e-3614-4bab-a3b5-e9209bdd6078,Ocean Genome Legacy Collection,10.15468/jzgqtc,United States Geological Survey,OGL,CC-BY,http://creativecommons.org/licenses/by/4.0/legalcode,OGL_MSC_NortheasternUniversity_S08373,,si
GBIF,3344698838,"Graneledone Joubin, 1918",,-63.580002,-50.700001,2617,2617,2617,2005-03-14,2005,Antarctica,Océano Austral,PRESERVED_SPECIMEN,968dfa3e-3614-4bab-a3b5-e9209bdd6078,Ocean Genome Legacy Collection,10.15468/jzgqtc,United States Geological Survey,OGL,CC-BY,http://creativecommons.org/licenses/by/4.0/legalcode,OGL_MSC_NortheasternUniversity_S08370,,si
GBIF,3344698842,"Graneledone Joubin, 1918",,-63.580002,-50.700001,2617,2617,2617,2005-03-14,2005,Antarctica,Océano Austral,PRESERVED_SPECIMEN,968dfa3e-3614-4bab-a3b5-e9209bdd6078,Ocean Genome Legacy Collection,10.15468/jzgqtc,United States Geological Survey,OGL,CC-BY,http://creativecommons.org/licenses/by/4.0/legalcode,OGL_MSC_NortheasternUniversity_S08374,,si
GBIF,1318171850,"Graneledone verrucosa (A.E.Verrill, 1881)",Graneledone verrucosa,39.9184,-67.42,1148.5,1110,1187,2005-04-19,2005,United States of America,Atlántico Norte,PRESERVED_SPECIMEN,821cc27a-e3bb-4bc5-ac34-89ada245069d,NMNH Extant Biology,10.15468/hnhrg3,"National Museum of Natural History, Smithsonian Institution",USNM,CC0,http://creativecommons.org/publicdomain/zero/1.0/legalcode,http://n2t.net/ark:/65665/32adc0579-920d-49ef-a26d-dfc463411270,,si
GBIF,2650395500,"Graneledone verrucosa (A.E.Verrill, 1881)",Graneledone verrucosa,39.931667,-67.4,1148.5,1110,1187,2005-04-19T04:14Z,2005,United States of America,Atlántico Norte,HUMAN_OBSERVATION,fe388907-e2b6-44be-a9cb-a80b3924284c,Northeast Fisheries Science Center Bottom Trawl Survey Data,10.15468/8c5pvg,United States Geological Survey,"NOAA;NMFS;NEFSC",CC0,http://creativecommons.org/publicdomain/zero/1.0/legalcode,f37cbf7a-b733-11ea-a9a7-a7e94413c0ba,,si
GBIF,1427196032,"Graneledone Joubin, 1918",,-42.7837,179.5618,1070,1017,1123,2005-06-21T05:28/2005-06-21T05:58,2005,New Zealand,Pacífico Sur,HUMAN_OBSERVATION,2a636fd6-dc73-49c0-9e5b-26bd05532313,MBIS research trawl surveys,10.15468/ti5yah,Earth Sciences New Zealand (ESNZ),NIWA,CC-BY,http://creativecommons.org/licenses/by/4.0/legalcode,270459,,si
GBIF,1427196417,"Graneledone Joubin, 1918",,-42.7915,-179.6853,972,970,974,2005-06-24T11:15/2005-06-24T11:45,2005,New Zealand,Pacífico Sur,HUMAN_OBSERVATION,2a636fd6-dc73-49c0-9e5b-26bd05532313,MBIS research trawl surveys,10.15468/ti5yah,Earth Sciences New Zealand (ESNZ),NIWA,CC-BY,http://creativecommons.org/licenses/by/4.0/legalcode,270851,,si
GBIF,1427196666,"Graneledone Joubin, 1918",,-42.6968,-179.0972,1019,1018,1020,2005-06-25T01:52/2005-06-25T02:22,2005,New Zealand,Pacífico Sur,HUMAN_OBSERVATION,2a636fd6-dc73-49c0-9e5b-26bd05532313,MBIS research trawl surveys,10.15468/ti5yah,Earth Sciences New Zealand (ESNZ),NIWA,CC-BY,http://creativecommons.org/licenses/by/4.0/legalcode,271094,,si
GBIF,1427196963,"Graneledone Joubin, 1918",,-42.828,179.8582,955.5,954,957,2005-06-27T15:30/2005-06-27T16:00,2005,New Zealand,Pacífico Sur,HUMAN_OBSERVATION,2a636fd6-dc73-49c0-9e5b-26bd05532313,MBIS research trawl surveys,10.15468/ti5yah,Earth Sciences New Zealand (ESNZ),NIWA,CC-BY,http://creativecommons.org/licenses/by/4.0/legalcode,271348,,si
GBIF,1427197118,"Graneledone Joubin, 1918",,-42.8318,179.0855,1059,1057,1061,2005-06-20T05:51/2005-06-20T06:22,2005,New Zealand,Pacífico Sur,HUMAN_OBSERVATION,2a636fd6-dc73-49c0-9e5b-26bd05532313,MBIS research trawl surveys,10.15468/ti5yah,Earth Sciences New Zealand (ESNZ),NIWA,CC-BY,http://creativecommons.org/licenses/by/4.0/legalcode,271539,,si
GBIF,1427197363,"Graneledone Joubin, 1918",,-42.7537,178.1597,967,962,972,2005-06-29T18:06/2005-06-29T18:36,2005,New Zealand,Pacífico Sur,HUMAN_OBSERVATION,2a636fd6-dc73-49c0-9e5b-26bd05532313,MBIS research trawl surveys,10.15468/ti5yah,Earth Sciences New Zealand (ESNZ),NIWA,CC-BY,http://creativecommons.org/licenses/by/4.0/legalcode,271799,,si
GBIF,1427197484,"Graneledone Joubin, 1918",,-42.7772,178.3745,1039,1037,1041,2005-06-29T21:35/2005-06-29T22:04,2005,New Zealand,Pacífico Sur,HUMAN_OBSERVATION,2a636fd6-dc73-49c0-9e5b-26bd05532313,MBIS research trawl surveys,10.15468/ti5yah,Earth Sciences New Zealand (ESNZ),NIWA,CC-BY,http://creativecommons.org/licenses/by/4.0/legalcode,271893,,si
GBIF,2538033749,"Graneledone verrucosa (A.E.Verrill, 1881)",Graneledone verrucosa,57.68225,-2.269973,,,,2005-06-18,2005,United Kingdom of Great Britain and Northern Ireland,Atlántico Norte,HUMAN_OBSERVATION,990e845f-836b-4467-bc5f-46c8495259ec,Seasearch Marine Surveys in Scotland,10.15468/0hyjxi,Seasearch,,CC-BY,http://creativecommons.org/licenses/by/4.0/legalcode,224ba959-a4ac-45e1-93e3-3e7fec7efe64,sin_profundidad,si
GBIF,5189186027,"Graneledone taniwha O'Shea, 1999",Graneledone taniwha,-42.777168,178.374497,1039,1037,1041,2005-06-29,2005,New Zealand,Pacífico Sur,PRESERVED_SPECIMEN,4d0b1b2a-3209-49ce-bb93-7503e4868019,Earth Sciences New Zealand National Invertebrate Collection (NIC),10.15468/6qgswo,Earth Sciences New Zealand (ESNZ),Earth Sciences New Zealand,CC-BY,http://creativecommons.org/licenses/by/4.0/legalcode,f9db4ab1-796a-4c60-abe7-d569a48f6163,,si
GBIF,1427197780,"Graneledone Joubin, 1918",,-42.664,177.0477,1045.5,1044,1047,2005-07-02T10:24/2005-07-02T10:55,2005,New Zealand,Pacífico Sur,HUMAN_OBSERVATION,2a636fd6-dc73-49c0-9e5b-26bd05532313,MBIS research trawl surveys,10.15468/ti5yah,Earth Sciences New Zealand (ESNZ),NIWA,CC-BY,http://creativecommons.org/licenses/by/4.0/legalcode,272218,,si
GBIF,1427197790,"Graneledone Joubin, 1918",,-42.7877,178.5573,1095,1091,1099,2005-07-01T01:43/2005-07-01T02:13,2005,New Zealand,Pacífico Sur,HUMAN_OBSERVATION,2a636fd6-dc73-49c0-9e5b-26bd05532313,MBIS research trawl surveys,10.15468/ti5yah,Earth Sciences New Zealand (ESNZ),NIWA,CC-BY,http://creativecommons.org/licenses/by/4.0/legalcode,272175,,si
GBIF,1427197836,"Graneledone Joubin, 1918",,-42.6718,177.1553,1036,1032,1040,2005-07-02T12:33/2005-07-02T13:03,2005,New Zealand,Pacífico Sur,HUMAN_OBSERVATION,2a636fd6-dc73-49c0-9e5b-26bd05532313,MBIS research trawl surveys,10.15468/ti5yah,Earth Sciences New Zealand (ESNZ),NIWA,CC-BY,http://creativecommons.org/licenses/by/4.0/legalcode,272262,,si
GBIF,1427198103,"Graneledone Joubin, 1918",,-42.639,176.9417,1141,1139,1143,2005-07-03T02:30/2005-07-03T03:00,2005,New Zealand,Pacífico Sur,HUMAN_OBSERVATION,2a636fd6-dc73-49c0-9e5b-26bd05532313,MBIS research trawl surveys,10.15468/ti5yah,Earth Sciences New Zealand (ESNZ),NIWA,CC-BY,http://creativecommons.org/licenses/by/4.0/legalcode,272528,,si
GBIF,1427198174,"Graneledone Joubin, 1918",,-42.6338,176.513,1084,1078,1090,2005-07-03T19:16/2005-07-03T19:46,2005,New Zealand,Pacífico Sur,HUMAN_OBSERVATION,2a636fd6-dc73-49c0-9e5b-26bd05532313,MBIS research trawl surveys,10.15468/ti5yah,Earth Sciences New Zealand (ESNZ),NIWA,CC-BY,http://creativecommons.org/licenses/by/4.0/legalcode,272619,,si
GBIF,1427198347,"Graneledone Joubin, 1918",,-42.6532,176.0882,1003.5,1003,1004,2005-07-04T09:09/2005-07-04T09:38,2005,New Zealand,Pacífico Sur,HUMAN_OBSERVATION,2a636fd6-dc73-49c0-9e5b-26bd05532313,MBIS research trawl surveys,10.15468/ti5yah,Earth Sciences New Zealand (ESNZ),NIWA,CC-BY,http://creativecommons.org/licenses/by/4.0/legalcode,272775,,si
GBIF,1427199028,"Graneledone Joubin, 1918",,-42.7098,175.5853,1028,1024,1032,2005-07-06T20:39/2005-07-06T21:10,2005,New Zealand,Pacífico Sur,HUMAN_OBSERVATION,2a636fd6-dc73-49c0-9e5b-26bd05532313,MBIS research trawl surveys,10.15468/ti5yah,Earth Sciences New Zealand (ESNZ),NIWA,CC-BY,http://creativecommons.org/licenses/by/4.0/legalcode,273434,,si
GBIF,1427199215,"Graneledone Joubin, 1918",,-42.6837,176.4047,1116.5,1109,1124,2005-07-07T09:03/2005-07-07T09:33,2005,New Zealand,Pacífico Sur,HUMAN_OBSERVATION,2a636fd6-dc73-49c0-9e5b-26bd05532313,MBIS research trawl surveys,10.15468/ti5yah,Earth Sciences New Zealand (ESNZ),NIWA,CC-BY,http://creativecommons.org/licenses/by/4.0/legalcode,273605,,si
GBIF,2538047814,"Graneledone verrucosa (A.E.Verrill, 1881)",Graneledone verrucosa,57.69209,-2.315395,,,,2005-07-03,2005,United Kingdom of Great Britain and Northern Ireland,Atlántico Norte,HUMAN_OBSERVATION,990e845f-836b-4467-bc5f-46c8495259ec,Seasearch Marine Surveys in Scotland,10.15468/0hyjxi,Seasearch,,CC-BY,http://creativecommons.org/licenses/by/4.0/legalcode,00d9d439-da9b-4e41-bafe-7b1ed3c68268,sin_profundidad,si
GBIF,6045655400,"Graneledone taniwha O'Shea, 1999",Graneledone taniwha,-41.19,170.83,450.5,450,451,2005-08-28,2005,New Zealand,Pacífico Sur,PRESERVED_SPECIMEN,ff2ed94e-45ee-4dde-8e1f-0a4798f61a12,Mollusc collection at Museum of New Zealand Te Papa Tongarewa,10.15468/msce6x,Museum of New Zealand Te Papa Tongarewa,NMNZ,CC-BY,http://creativecommons.org/licenses/by/4.0/legalcode,tepapa:collection/object/792191,,si
GBIF,1898309944,"Graneledone boreopacifica Nesis, 1982",Graneledone boreopacifica,48.582917,-126.883883,1945,1939,1951,2005-10-18,2005,Canada,Pacífico Norte,PRESERVED_SPECIMEN,34fbcf59-d9bb-47e7-9672-99e13ea8c736,Royal BC Museum - Invertebrates Collection,10.5886/zh7n1e,Royal British Columbia Museum,RBCM,CC-BY,http://creativecommons.org/licenses/by/4.0/legalcode,c4b4ce3a-7bd5-4b46-affe-86ec9278ee45,,si
GBIF,1427147654,"Graneledone Joubin, 1918",,-44.5233,-177.9822,971,961,981,2005-11-05T01:17/2005-11-05T01:47,2005,New Zealand,Pacífico Sur,HUMAN_OBSERVATION,2a636fd6-dc73-49c0-9e5b-26bd05532313,MBIS research trawl surveys,10.15468/ti5yah,Earth Sciences New Zealand (ESNZ),NIWA,CC-BY,http://creativecommons.org/licenses/by/4.0/legalcode,222061,,si
GBIF,1427147657,"Graneledone Joubin, 1918",,-44.6173,-177.9228,1098.5,1015,1182,2005-11-06T13:06/2005-11-06T13:40,2005,New Zealand,Pacífico Sur,HUMAN_OBSERVATION,2a636fd6-dc73-49c0-9e5b-26bd05532313,MBIS research trawl surveys,10.15468/ti5yah,Earth Sciences New Zealand (ESNZ),NIWA,CC-BY,http://creativecommons.org/licenses/by/4.0/legalcode,222089,,si
GBIF,1427148327,"Graneledone Joubin, 1918",,-44.7212,-177.0778,866.5,800,933,2005-11-10T13:42/2005-11-10T13:49,2005,New Zealand,Pacífico Sur,HUMAN_OBSERVATION,2a636fd6-dc73-49c0-9e5b-26bd05532313,MBIS research trawl surveys,10.15468/ti5yah,Earth Sciences New Zealand (ESNZ),NIWA,CC-BY,http://creativecommons.org/licenses/by/4.0/legalcode,222750,,si
GBIF,1427149361,"Graneledone Joubin, 1918",,-44.3693,-179.4095,863.5,863,864,2005-11-18T03:08/2005-11-18T03:21,2005,New Zealand,Pacífico Sur,HUMAN_OBSERVATION,2a636fd6-dc73-49c0-9e5b-26bd05532313,MBIS research trawl surveys,10.15468/ti5yah,Earth Sciences New Zealand (ESNZ),NIWA,CC-BY,http://creativecommons.org/licenses/by/4.0/legalcode,223780,,si
GBIF,1427149445,"Graneledone Joubin, 1918",,-44.2077,178.9615,996,975,1017,2005-11-18T19:39/2005-11-18T20:04,2005,New Zealand,Pacífico Sur,HUMAN_OBSERVATION,2a636fd6-dc73-49c0-9e5b-26bd05532313,MBIS research trawl surveys,10.15468/ti5yah,Earth Sciences New Zealand (ESNZ),NIWA,CC-BY,http://creativecommons.org/licenses/by/4.0/legalcode,223870,,si
GBIF,1427199399,"Graneledone Joubin, 1918",,-51.0222,173.825,732.5,717,748,2005-11-30T04:53/2005-11-30T05:47,2005,New Zealand,Pacífico Sur,HUMAN_OBSERVATION,2a636fd6-dc73-49c0-9e5b-26bd05532313,MBIS research trawl surveys,10.15468/ti5yah,Earth Sciences New Zealand (ESNZ),NIWA,CC-BY,http://creativecommons.org/licenses/by/4.0/legalcode,273813,,si
GBIF,1427199475,"Graneledone Joubin, 1918",,-48.9087,170.0218,881,874,888,2005-11-26T16:47/2005-11-26T17:38,2005,New Zealand,Pacífico Sur,HUMAN_OBSERVATION,2a636fd6-dc73-49c0-9e5b-26bd05532313,MBIS research trawl surveys,10.15468/ti5yah,Earth Sciences New Zealand (ESNZ),NIWA,CC-BY,http://creativecommons.org/licenses/by/4.0/legalcode,273921,,si
GBIF,1427200558,"Graneledone Joubin, 1918",,-48.379,172.7667,949.5,940,959,2005-11-28T05:17/2005-11-28T06:09,2005,New Zealand,Pacífico Sur,HUMAN_OBSERVATION,2a636fd6-dc73-49c0-9e5b-26bd05532313,MBIS research trawl surveys,10.15468/ti5yah,Earth Sciences New Zealand (ESNZ),NIWA,CC-BY,http://creativecommons.org/licenses/by/4.0/legalcode,274992,,si
GBIF,4081128109,"Graneledone taniwha O'Shea, 1999",Graneledone taniwha,-48.379,172.7665,949.5,940,959,2005-11-28,2005,New Zealand,Pacífico Sur,HUMAN_OBSERVATION,4d0b1b2a-3209-49ce-bb93-7503e4868019,Earth Sciences New Zealand National Invertebrate Collection (NIC),10.15468/6qgswo,Earth Sciences New Zealand (ESNZ),Earth Sciences New Zealand,CC-BY,http://creativecommons.org/licenses/by/4.0/legalcode,5d069e7a-fa36-11e2-96b3-aa6f927c92a3,,si
GBIF,1427199740,"Graneledone Joubin, 1918",,-52.1255,167.2985,933,930,936,2005-12-04T11:10/2005-12-04T12:01,2005,New Zealand,Pacífico Sur,HUMAN_OBSERVATION,2a636fd6-dc73-49c0-9e5b-26bd05532313,MBIS research trawl surveys,10.15468/ti5yah,Earth Sciences New Zealand (ESNZ),NIWA,CC-BY,http://creativecommons.org/licenses/by/4.0/legalcode,274190,,si
GBIF,1427200100,"Graneledone Joubin, 1918",,-49.1322,167.5662,636.5,628,645,2005-12-08T11:05/2005-12-08T11:56,2005,New Zealand,Pacífico Sur,HUMAN_OBSERVATION,2a636fd6-dc73-49c0-9e5b-26bd05532313,MBIS research trawl surveys,10.15468/ti5yah,Earth Sciences New Zealand (ESNZ),NIWA,CC-BY,http://creativecommons.org/licenses/by/4.0/legalcode,274536,,si
GBIF,1427200111,"Graneledone Joubin, 1918",,-49.1495,167.3468,739,729,749,2005-12-08T08:20/2005-12-08T09:11,2005,New Zealand,Pacífico Sur,HUMAN_OBSERVATION,2a636fd6-dc73-49c0-9e5b-26bd05532313,MBIS research trawl surveys,10.15468/ti5yah,Earth Sciences New Zealand (ESNZ),NIWA,CC-BY,http://creativecommons.org/licenses/by/4.0/legalcode,274518,,si
GBIF,1427200148,"Graneledone Joubin, 1918",,-48.8653,167.6363,749,744,754,2005-12-08T17:09/2005-12-08T18:03,2005,New Zealand,Pacífico Sur,HUMAN_OBSERVATION,2a636fd6-dc73-49c0-9e5b-26bd05532313,MBIS research trawl surveys,10.15468/ti5yah,Earth Sciences New Zealand (ESNZ),NIWA,CC-BY,http://creativecommons.org/licenses/by/4.0/legalcode,274579,,si
GBIF,1427200454,"Graneledone Joubin, 1918",,-46.6198,166.6578,811,805,817,2005-12-11T13:32/2005-12-11T14:20,2005,New Zealand,Pacífico Sur,HUMAN_OBSERVATION,2a636fd6-dc73-49c0-9e5b-26bd05532313,MBIS research trawl surveys,10.15468/ti5yah,Earth Sciences New Zealand (ESNZ),NIWA,CC-BY,http://creativecommons.org/licenses/by/4.0/legalcode,274876,,si
GBIF,1427200531,"Graneledone Joubin, 1918",,-46.5652,166.383,711,655,767,2005-12-11T17:52/2005-12-11T18:43,2005,New Zealand,Pacífico Sur,HUMAN_OBSERVATION,2a636fd6-dc73-49c0-9e5b-26bd05532313,MBIS research trawl surveys,10.15468/ti5yah,Earth Sciences New Zealand (ESNZ),NIWA,CC-BY,http://creativecommons.org/licenses/by/4.0/legalcode,274945,,si
GBIF,1427200752,"Graneledone Joubin, 1918",,-46.5882,166.5443,713,703,723,2005-12-13T04:51/2005-12-13T05:42,2005,New Zealand,Pacífico Sur,HUMAN_OBSERVATION,2a636fd6-dc73-49c0-9e5b-26bd05532313,MBIS research trawl surveys,10.15468/ti5yah,Earth Sciences New Zealand (ESNZ),NIWA,CC-BY,http://creativecommons.org/licenses/by/4.0/legalcode,275186,,si
GBIF,1427200926,"Graneledone Joubin, 1918",,-46.8692,170.2943,924.5,913,936,2005-12-14T05:20/2005-12-14T06:11,2005,New Zealand,Pacífico Sur,HUMAN_OBSERVATION,2a636fd6-dc73-49c0-9e5b-26bd05532313,MBIS research trawl surveys,10.15468/ti5yah,Earth Sciences New Zealand (ESNZ),NIWA,CC-BY,http://creativecommons.org/licenses/by/4.0/legalcode,275354,,si
GBIF,1427200927,"Graneledone Joubin, 1918",,-46.9935,170.1913,917.5,911,924,2005-12-14T08:45/2005-12-14T09:37,2005,New Zealand,Pacífico Sur,HUMAN_OBSERVATION,2a636fd6-dc73-49c0-9e5b-26bd05532313,MBIS research trawl surveys,10.15468/ti5yah,Earth Sciences New Zealand (ESNZ),NIWA,CC-BY,http://creativecommons.org/licenses/by/4.0/legalcode,275388,,si
GBIF,1427201137,"Graneledone Joubin, 1918",,-48.1585,169.9038,827,821,833,2005-12-15T16:50/2005-12-15T17:40,2005,New Zealand,Pacífico Sur,HUMAN_OBSERVATION,2a636fd6-dc73-49c0-9e5b-26bd05532313,MBIS research trawl surveys,10.15468/ti5yah,Earth Sciences New Zealand (ESNZ),NIWA,CC-BY,http://creativecommons.org/licenses/by/4.0/legalcode,275536,,si
GBIF,1427201244,"Graneledone Joubin, 1918",,-49.3528,168.3525,689.5,684,695,2005-12-16T14:14/2005-12-16T15:05,2005,New Zealand,Pacífico Sur,HUMAN_OBSERVATION,2a636fd6-dc73-49c0-9e5b-26bd05532313,MBIS research trawl surveys,10.15468/ti5yah,Earth Sciences New Zealand (ESNZ),NIWA,CC-BY,http://creativecommons.org/licenses/by/4.0/legalcode,275642,,si
GBIF,1427201361,"Graneledone Joubin, 1918",,-48.4902,169.1938,693.5,687,700,2005-12-18T05:21/2005-12-18T06:14,2005,New Zealand,Pacífico Sur,HUMAN_OBSERVATION,2a636fd6-dc73-49c0-9e5b-26bd05532313,MBIS research trawl surveys,10.15468/ti5yah,Earth Sciences New Zealand (ESNZ),NIWA,CC-BY,http://creativecommons.org/licenses/by/4.0/legalcode,275757,,si
GBIF,1427202103,"Graneledone Joubin, 1918",,-42.7883,177.5328,694,681,707,2005-12-28T07:40/2005-12-28T08:35,2005,New Zealand,Pacífico Sur,HUMAN_OBSERVATION,2a636fd6-dc73-49c0-9e5b-26bd05532313,MBIS research trawl surveys,10.15468/ti5yah,Earth Sciences New Zealand (ESNZ),NIWA,CC-BY,http://creativecommons.org/licenses/by/4.0/legalcode,276568,,si
GBIF,1427202684,"Graneledone Joubin, 1918",,-42.771,177.7927,742.5,742,743,2005-12-28T12:36/2005-12-28T13:28,2005,New Zealand,Pacífico Sur,HUMAN_OBSERVATION,2a636fd6-dc73-49c0-9e5b-26bd05532313,MBIS research trawl surveys,10.15468/ti5yah,Earth Sciences New Zealand (ESNZ),NIWA,CC-BY,http://creativecommons.org/licenses/by/4.0/legalcode,277108,,si
GBIF,4081186842,"Graneledone taniwha O'Shea, 1999",Graneledone taniwha,-49.132,167.566,636.5,628,645,2005-12-08,2005,New Zealand,Pacífico Sur,HUMAN_OBSERVATION,4d0b1b2a-3209-49ce-bb93-7503e4868019,Earth Sciences New Zealand National Invertebrate Collection (NIC),10.15468/6qgswo,Earth Sciences New Zealand (ESNZ),Earth Sciences New Zealand,CC-BY,http://creativecommons.org/licenses/by/4.0/legalcode,5d7818a2-fa36-11e2-96b3-aa6f927c92a3,,si
GBIF,1427186321,"Graneledone Joubin, 1918",,-44.3385,-178.7388,675.5,675,676,2004-01-08T14:14/2004-01-08T15:06,2004,New Zealand,Pacífico Sur,HUMAN_OBSERVATION,2a636fd6-dc73-49c0-9e5b-26bd05532313,MBIS research trawl surveys,10.15468/ti5yah,Earth Sciences New Zealand (ESNZ),NIWA,CC-BY,http://creativecommons.org/licenses/by/4.0/legalcode,260771,,si
GBIF,1427186622,"Graneledone Joubin, 1918",,-43.9302,178.766,606.5,600,613,2004-01-12T14:00/2004-01-12T14:51,2004,New Zealand,Pacífico Sur,HUMAN_OBSERVATION,2a636fd6-dc73-49c0-9e5b-26bd05532313,MBIS research trawl surveys,10.15468/ti5yah,Earth Sciences New Zealand (ESNZ),NIWA,CC-BY,http://creativecommons.org/licenses/by/4.0/legalcode,261036,,si
GBIF,1427186890,"Graneledone Joubin, 1918",,-44.022,176.664,545.5,539,552,2004-01-14T10:04/2004-01-14T10:56,2004,New Zealand,Pacífico Sur,HUMAN_OBSERVATION,2a636fd6-dc73-49c0-9e5b-26bd05532313,MBIS research trawl surveys,10.15468/ti5yah,Earth Sciences New Zealand (ESNZ),NIWA,CC-BY,http://creativecommons.org/licenses/by/4.0/legalcode,261305,,si
GBIF,1427186971,"Graneledone Joubin, 1918",,-44.5818,174.9935,759,759,759,2004-01-15T05:37/2004-01-15T06:30,2004,New Zealand,Pacífico Sur,HUMAN_OBSERVATION,2a636fd6-dc73-49c0-9e5b-26bd05532313,MBIS research trawl surveys,10.15468/ti5yah,Earth Sciences New Zealand (ESNZ),NIWA,CC-BY,http://creativecommons.org/licenses/by/4.0/legalcode,261380,,si
GBIF,1427187097,"Graneledone Joubin, 1918",,-44.049,175.5247,520.5,516,525,2004-01-15T17:39/2004-01-15T18:31,2004,New Zealand,Pacífico Sur,HUMAN_OBSERVATION,2a636fd6-dc73-49c0-9e5b-26bd05532313,MBIS research trawl surveys,10.15468/ti5yah,Earth Sciences New Zealand (ESNZ),NIWA,CC-BY,http://creativecommons.org/licenses/by/4.0/legalcode,261493,,si
GBIF,1427187316,"Graneledone Joubin, 1918",,-44.2393,174.338,608,608,608,2004-01-17T05:33/2004-01-17T06:25,2004,New Zealand,Pacífico Sur,HUMAN_OBSERVATION,2a636fd6-dc73-49c0-9e5b-26bd05532313,MBIS research trawl surveys,10.15468/ti5yah,Earth Sciences New Zealand (ESNZ),NIWA,CC-BY,http://creativecommons.org/licenses/by/4.0/legalcode,261707,,si
GBIF,1557832420,"Graneledone verrucosa (A.E.Verrill, 1881)",Graneledone verrucosa,50.72079,-2.821958,,,,2004-04-25,2004,United Kingdom of Great Britain and Northern Ireland,Atlántico Norte,HUMAN_OBSERVATION,52422715-c1db-40a0-ba16-b84a295d248a,Seasearch Marine Surveys in England,10.15468/kywx6m,Seasearch,,CC-BY,http://creativecommons.org/licenses/by/4.0/legalcode,6d408332-6449-400d-b477-28fb634f75f1,sin_profundidad,si
GBIF,2650378819,"Graneledone verrucosa (A.E.Verrill, 1881)",Graneledone verrucosa,40.329967,-67.43235,1154,1069,1239,2004-05-24T22:10Z,2004,United States of America,Atlántico Norte,HUMAN_OBSERVATION,fe388907-e2b6-44be-a9cb-a80b3924284c,Northeast Fisheries Science Center Bottom Trawl Survey Data,10.15468/8c5pvg,United States Geological Survey,"NOAA;NMFS;NEFSC",CC0,http://creativecommons.org/publicdomain/zero/1.0/legalcode,f35e7fa6-b733-11ea-a9a7-a7e94413c0ba,,si
GBIF,2650391181,"Graneledone verrucosa (A.E.Verrill, 1881)",Graneledone verrucosa,40.440867,-67.4095,818,549,1087,2004-05-24T14:23Z,2004,United States of America,Atlántico Norte,HUMAN_OBSERVATION,fe388907-e2b6-44be-a9cb-a80b3924284c,Northeast Fisheries Science Center Bottom Trawl Survey Data,10.15468/8c5pvg,United States Geological Survey,"NOAA;NMFS;NEFSC",CC0,http://creativecommons.org/publicdomain/zero/1.0/legalcode,f35e0abb-b733-11ea-a9a7-a7e94413c0ba,,si
GBIF,2650392419,"Graneledone verrucosa (A.E.Verrill, 1881)",Graneledone verrucosa,40.274467,-67.706033,858,824,892,2004-05-25T19:29Z,2004,United States of America,Atlántico Norte,HUMAN_OBSERVATION,fe388907-e2b6-44be-a9cb-a80b3924284c,Northeast Fisheries Science Center Bottom Trawl Survey Data,10.15468/8c5pvg,United States Geological Survey,"NOAA;NMFS;NEFSC",CC0,http://creativecommons.org/publicdomain/zero/1.0/legalcode,f35f9089-b733-11ea-a9a7-a7e94413c0ba,,si
GBIF,4081105456,"Graneledone challengeri (S.S.Berry, 1916)",Graneledone challengeri,-45.091,166.925317,1450,1450,1450,2004-05-29,2004,New Zealand,Pacífico Sur,PRESERVED_SPECIMEN,4d0b1b2a-3209-49ce-bb93-7503e4868019,Earth Sciences New Zealand National Invertebrate Collection (NIC),10.15468/6qgswo,Earth Sciences New Zealand (ESNZ),Earth Sciences New Zealand,CC-BY,http://creativecommons.org/licenses/by/4.0/legalcode,61377848-fa36-11e2-96b3-aa6f927c92a3,,si
GBIF,3344698846,"Graneledone Joubin, 1918",,-52.617001,-55.867001,1591,1591,1591,2004-06-13,2004,Falkland Islands (Malvinas),Atlántico Sur,PRESERVED_SPECIMEN,968dfa3e-3614-4bab-a3b5-e9209bdd6078,Ocean Genome Legacy Collection,10.15468/jzgqtc,United States Geological Survey,OGL,CC-BY,http://creativecommons.org/licenses/by/4.0/legalcode,OGL_MSC_NortheasternUniversity_S08390,,si
GBIF,1427147454,"Graneledone Joubin, 1918",,-44.2785,-174.6048,1158.5,1130,1187,2004-07-17T23:40/2004-07-17T23:44,2004,New Zealand,Pacífico Sur,HUMAN_OBSERVATION,2a636fd6-dc73-49c0-9e5b-26bd05532313,MBIS research trawl surveys,10.15468/ti5yah,Earth Sciences New Zealand (ESNZ),NIWA,CC-BY,http://creativecommons.org/licenses/by/4.0/legalcode,221904,,si
GBIF,1427187775,"Graneledone Joubin, 1918",,-42.756,-176.761,1090,1090,1090,2004-07-11T01:08/2004-07-11T01:38,2004,New Zealand,Pacífico Sur,HUMAN_OBSERVATION,2a636fd6-dc73-49c0-9e5b-26bd05532313,MBIS research trawl surveys,10.15468/ti5yah,Earth Sciences New Zealand (ESNZ),NIWA,CC-BY,http://creativecommons.org/licenses/by/4.0/legalcode,262216,,si
GBIF,1427187893,"Graneledone Joubin, 1918",,-42.8585,-176.857,825.5,825,826,2004-07-11T07:58/2004-07-11T08:28,2004,New Zealand,Pacífico Sur,HUMAN_OBSERVATION,2a636fd6-dc73-49c0-9e5b-26bd05532313,MBIS research trawl surveys,10.15468/ti5yah,Earth Sciences New Zealand (ESNZ),NIWA,CC-BY,http://creativecommons.org/licenses/by/4.0/legalcode,262310,,si
GBIF,1427187969,"Graneledone Joubin, 1918",,-42.842,-176.9643,843.5,843,844,2004-07-11T10:36/2004-07-11T11:05,2004,New Zealand,Pacífico Sur,HUMAN_OBSERVATION,2a636fd6-dc73-49c0-9e5b-26bd05532313,MBIS research trawl surveys,10.15468/ti5yah,Earth Sciences New Zealand (ESNZ),NIWA,CC-BY,http://creativecommons.org/licenses/by/4.0/legalcode,262353,,si
GBIF,1427188223,"Graneledone Joubin, 1918",,-42.747,-177.8978,963,958,968,2004-07-12T06:58/2004-07-12T07:20,2004,New Zealand,Pacífico Sur,HUMAN_OBSERVATION,2a636fd6-dc73-49c0-9e5b-26bd05532313,MBIS research trawl surveys,10.15468/ti5yah,Earth Sciences New Zealand (ESNZ),NIWA,CC-BY,http://creativecommons.org/licenses/by/4.0/legalcode,262631,,si
GBIF,1427188363,"Graneledone Joubin, 1918",,-42.8395,-176.8167,874.5,874,875,2004-07-13T15:23/2004-07-13T15:53,2004,New Zealand,Pacífico Sur,HUMAN_OBSERVATION,2a636fd6-dc73-49c0-9e5b-26bd05532313,MBIS research trawl surveys,10.15468/ti5yah,Earth Sciences New Zealand (ESNZ),NIWA,CC-BY,http://creativecommons.org/licenses/by/4.0/legalcode,262781,,si
GBIF,1427188855,"Graneledone Joubin, 1918",,-42.896,-175.6477,925.5,925,926,2004-07-09T19:15/2004-07-09T19:45,2004,New Zealand,Pacífico Sur,HUMAN_OBSERVATION,2a636fd6-dc73-49c0-9e5b-26bd05532313,MBIS research trawl surveys,10.15468/ti5yah,Earth Sciences New Zealand (ESNZ),NIWA,CC-BY,http://creativecommons.org/licenses/by/4.0/legalcode,263292,,si
GBIF,1427189675,"Graneledone Joubin, 1918",,-44.1347,-174.8593,851.5,840,863,2004-07-24T05:29/2004-07-24T05:59,2004,New Zealand,Pacífico Sur,HUMAN_OBSERVATION,2a636fd6-dc73-49c0-9e5b-26bd05532313,MBIS research trawl surveys,10.15468/ti5yah,Earth Sciences New Zealand (ESNZ),NIWA,CC-BY,http://creativecommons.org/licenses/by/4.0/legalcode,264115,,si
GBIF,5792097965,"Graneledone verrucosa (A.E.Verrill, 1881)",Graneledone verrucosa,52.976,-34.869,1650,1630,1670,2004-07-26T16:00Z,2004,,Atlántico Norte,OCCURRENCE,108dc817-2b94-4a00-a185-90613603473a,MAR-ECO 2004,10.15468/j94nku,Flanders Marine Institute,50,CC-BY,http://creativecommons.org/licenses/by/4.0/legalcode,urn:catalog:50:MAR-ECO - 2004:8465:0x7122CC0101000300,,si
GBIF,1427191479,"Graneledone Joubin, 1918",,-46.3778,170.8677,822,816,828,2004-11-30T18:54/2004-11-30T19:40,2004,New Zealand,Pacífico Sur,HUMAN_OBSERVATION,2a636fd6-dc73-49c0-9e5b-26bd05532313,MBIS research trawl surveys,10.15468/ti5yah,Earth Sciences New Zealand (ESNZ),NIWA,CC-BY,http://creativecommons.org/licenses/by/4.0/legalcode,265909,,si
GBIF,6437378307,"Graneledone verrucosa (A.E.Verrill, 1881)",Graneledone verrucosa,63.44,-54.786667,,,,2004-11-04,2004,Greenland,Atlántico Norte,PRESERVED_SPECIMEN,58fc397b-eee4-4138-8a5f-50f9dfb00216,Natural History Museum Denmark Invertebrate Zoology,10.15468/wodhis,Natural History Museum of Denmark,NHMD,CC-BY,http://creativecommons.org/licenses/by/4.0/legalcode,62d43a76-dd8d-4e31-aa25-4ff191ee3625,sin_profundidad,si
GBIF,6437379306,"Graneledone verrucosa (A.E.Verrill, 1881)",Graneledone verrucosa,63.286667,-54.835,,,,2004-11-04,2004,Greenland,Atlántico Norte,PRESERVED_SPECIMEN,58fc397b-eee4-4138-8a5f-50f9dfb00216,Natural History Museum Denmark Invertebrate Zoology,10.15468/wodhis,Natural History Museum of Denmark,NHMD,CC-BY,http://creativecommons.org/licenses/by/4.0/legalcode,27d0cc7e-da72-49a0-aa4c-4743b8d6ead0,sin_profundidad,si
GBIF,1427190649,"Graneledone Joubin, 1918",,-47.4443,169.9165,868.5,855,882,2004-12-01T17:46/2004-12-01T18:37,2004,New Zealand,Pacífico Sur,HUMAN_OBSERVATION,2a636fd6-dc73-49c0-9e5b-26bd05532313,MBIS research trawl surveys,10.15468/ti5yah,Earth Sciences New Zealand (ESNZ),NIWA,CC-BY,http://creativecommons.org/licenses/by/4.0/legalcode,265060,,si
GBIF,1427190729,"Graneledone Joubin, 1918",,-47.956,169.3192,667.5,664,671,2004-12-02T08:41/2004-12-02T09:32,2004,New Zealand,Pacífico Sur,HUMAN_OBSERVATION,2a636fd6-dc73-49c0-9e5b-26bd05532313,MBIS research trawl surveys,10.15468/ti5yah,Earth Sciences New Zealand (ESNZ),NIWA,CC-BY,http://creativecommons.org/licenses/by/4.0/legalcode,265109,,si
GBIF,1427191032,"Graneledone Joubin, 1918",,-48.8595,174.7022,674.5,664,685,2004-12-05T18:58/2004-12-05T19:49,2004,New Zealand,Pacífico Sur,HUMAN_OBSERVATION,2a636fd6-dc73-49c0-9e5b-26bd05532313,MBIS research trawl surveys,10.15468/ti5yah,Earth Sciences New Zealand (ESNZ),NIWA,CC-BY,http://creativecommons.org/licenses/by/4.0/legalcode,265426,,si
GBIF,1427192052,"Graneledone Joubin, 1918",,-46.8198,166.8948,906,900,912,2004-12-18T08:53/2004-12-18T09:47,2004,New Zealand,Pacífico Sur,HUMAN_OBSERVATION,2a636fd6-dc73-49c0-9e5b-26bd05532313,MBIS research trawl surveys,10.15468/ti5yah,Earth Sciences New Zealand (ESNZ),NIWA,CC-BY,http://creativecommons.org/licenses/by/4.0/legalcode,266455,,si
GBIF,1427192104,"Graneledone Joubin, 1918",,-46.5675,166.5358,662,631,693,2004-12-18T16:22/2004-12-18T17:12,2004,New Zealand,Pacífico Sur,HUMAN_OBSERVATION,2a636fd6-dc73-49c0-9e5b-26bd05532313,MBIS research trawl surveys,10.15468/ti5yah,Earth Sciences New Zealand (ESNZ),NIWA,CC-BY,http://creativecommons.org/licenses/by/4.0/legalcode,266527,,si
GBIF,1427192449,"Graneledone Joubin, 1918",,-47.3053,170.0973,989.5,988,991,2004-12-01T14:14/2004-12-01T15:05,2004,New Zealand,Pacífico Sur,HUMAN_OBSERVATION,2a636fd6-dc73-49c0-9e5b-26bd05532313,MBIS research trawl surveys,10.15468/ti5yah,Earth Sciences New Zealand (ESNZ),NIWA,CC-BY,http://creativecommons.org/licenses/by/4.0/legalcode,266832,,si
GBIF,1427179832,"Graneledone Joubin, 1918",,-44.0715,176.4317,566.5,535,598,2003-01-20T16:13/2003-01-20T17:12,2003,New Zealand,Pacífico Sur,HUMAN_OBSERVATION,2a636fd6-dc73-49c0-9e5b-26bd05532313,MBIS research trawl surveys,10.15468/ti5yah,Earth Sciences New Zealand (ESNZ),NIWA,CC-BY,http://creativecommons.org/licenses/by/4.0/legalcode,254227,,si
GBIF,1427181738,"Graneledone Joubin, 1918",,-43.9847,178.2798,768.5,760,777,2003-01-11T11:58/2003-01-11T12:51,2003,New Zealand,Pacífico Sur,HUMAN_OBSERVATION,2a636fd6-dc73-49c0-9e5b-26bd05532313,MBIS research trawl surveys,10.15468/ti5yah,Earth Sciences New Zealand (ESNZ),NIWA,CC-BY,http://creativecommons.org/licenses/by/4.0/legalcode,256202,,si
GBIF,1427181917,"Graneledone Joubin, 1918",,-43.9823,176.4172,521,502,540,2003-01-12T07:54/2003-01-12T08:45,2003,New Zealand,Pacífico Sur,HUMAN_OBSERVATION,2a636fd6-dc73-49c0-9e5b-26bd05532313,MBIS research trawl surveys,10.15468/ti5yah,Earth Sciences New Zealand (ESNZ),NIWA,CC-BY,http://creativecommons.org/licenses/by/4.0/legalcode,256321,,si
GBIF,1427182001,"Graneledone Joubin, 1918",,-44.653,175.2475,781,771,791,2003-01-13T04:49/2003-01-13T05:43,2003,New Zealand,Pacífico Sur,HUMAN_OBSERVATION,2a636fd6-dc73-49c0-9e5b-26bd05532313,MBIS research trawl surveys,10.15468/ti5yah,Earth Sciences New Zealand (ESNZ),NIWA,CC-BY,http://creativecommons.org/licenses/by/4.0/legalcode,256426,,si
GBIF,1427182057,"Graneledone Joubin, 1918",,-44.6167,173.5458,763,750,776,2003-01-13T14:24/2003-01-13T15:19,2003,New Zealand,Pacífico Sur,HUMAN_OBSERVATION,2a636fd6-dc73-49c0-9e5b-26bd05532313,MBIS research trawl surveys,10.15468/ti5yah,Earth Sciences New Zealand (ESNZ),NIWA,CC-BY,http://creativecommons.org/licenses/by/4.0/legalcode,256484,,si
GBIF,1427182070,"Graneledone Joubin, 1918",,-44.4388,174.4245,716,712,720,2003-01-13T09:21/2003-01-13T10:13,2003,New Zealand,Pacífico Sur,HUMAN_OBSERVATION,2a636fd6-dc73-49c0-9e5b-26bd05532313,MBIS research trawl surveys,10.15468/ti5yah,Earth Sciences New Zealand (ESNZ),NIWA,CC-BY,http://creativecommons.org/licenses/by/4.0/legalcode,256449,,si
GBIF,1427182182,"Graneledone Joubin, 1918",,-43.1437,174.0728,669.5,666,673,2003-01-14T12:52/2003-01-14T13:43,2003,New Zealand,Pacífico Sur,HUMAN_OBSERVATION,2a636fd6-dc73-49c0-9e5b-26bd05532313,MBIS research trawl surveys,10.15468/ti5yah,Earth Sciences New Zealand (ESNZ),NIWA,CC-BY,http://creativecommons.org/licenses/by/4.0/legalcode,256599,,si
GBIF,1416061483,BOLD:ACE4222,Graneledone pacifica,49.511,-127.824,,,,2003-04-16,2003,Canada,Pacífico Norte,MATERIAL_SAMPLE,040c5662-da76-4782-a48e-cdea1892d14c,International Barcode of Life project (iBOL),10.15468/inygc6,The International Barcode of Life Consortium,Royal British Columbia Museum,CC-BY,http://creativecommons.org/licenses/by/4.0/legalcode,RBCMI519-14,sin_profundidad,si
GBIF,1416061526,BOLD:ACE4222,Graneledone pacifica,50.029,-128.128,,,,2003-04-13,2003,Canada,Pacífico Norte,MATERIAL_SAMPLE,040c5662-da76-4782-a48e-cdea1892d14c,International Barcode of Life project (iBOL),10.15468/inygc6,The International Barcode of Life Consortium,Royal British Columbia Museum,CC-BY,http://creativecommons.org/licenses/by/4.0/legalcode,RBCMI518-14,sin_profundidad,si
GBIF,1898264816,"Graneledone boreopacifica Nesis, 1982",Graneledone boreopacifica,50.02945,-128.128367,1439,1422,1456,2003-04-13,2003,Canada,Pacífico Norte,PRESERVED_SPECIMEN,34fbcf59-d9bb-47e7-9672-99e13ea8c736,Royal BC Museum - Invertebrates Collection,10.5886/zh7n1e,Royal British Columbia Museum,RBCM,CC-BY,http://creativecommons.org/licenses/by/4.0/legalcode,11b3952a-af3f-4e51-b5bf-af2399313c87,,si
GBIF,1898267168,"Graneledone boreopacifica Nesis, 1982",Graneledone boreopacifica,50.02945,-128.128367,1439,1422,1456,2003-04-13,2003,Canada,Pacífico Norte,PRESERVED_SPECIMEN,34fbcf59-d9bb-47e7-9672-99e13ea8c736,Royal BC Museum - Invertebrates Collection,10.5886/zh7n1e,Royal British Columbia Museum,RBCM,CC-BY,http://creativecommons.org/licenses/by/4.0/legalcode,1b2e3494-cb3b-4ce1-91ac-245aa2f6de23,,si
GBIF,1898273546,"Graneledone boreopacifica Nesis, 1982",Graneledone boreopacifica,49.510833,-127.824217,1978,1955,2001,2003-04-16,2003,Canada,Pacífico Norte,PRESERVED_SPECIMEN,34fbcf59-d9bb-47e7-9672-99e13ea8c736,Royal BC Museum - Invertebrates Collection,10.5886/zh7n1e,Royal British Columbia Museum,RBCM,CC-BY,http://creativecommons.org/licenses/by/4.0/legalcode,34c2c480-6fc5-4225-9a41-7d05547fc94d,,si
GBIF,1898277027,"Graneledone boreopacifica Nesis, 1982",Graneledone boreopacifica,48.920267,-127.058433,1647,1641,1653,2003-04-17,2003,Canada,Pacífico Norte,PRESERVED_SPECIMEN,34fbcf59-d9bb-47e7-9672-99e13ea8c736,Royal BC Museum - Invertebrates Collection,10.5886/zh7n1e,Royal British Columbia Museum,RBCM,CC-BY,http://creativecommons.org/licenses/by/4.0/legalcode,42b4f2f7-53d5-41db-bfc6-e8802b2fa76e,,si
GBIF,1898279891,"Graneledone boreopacifica Nesis, 1982",Graneledone boreopacifica,49.7115,-127.948167,2047,2003,2091,2003-04-15,2003,Canada,Pacífico Norte,PRESERVED_SPECIMEN,34fbcf59-d9bb-47e7-9672-99e13ea8c736,Royal BC Museum - Invertebrates Collection,10.5886/zh7n1e,Royal British Columbia Museum,RBCM,CC-BY,http://creativecommons.org/licenses/by/4.0/legalcode,4e3ce482-4e5b-40c8-a35c-5fa190fc1825,,si
GBIF,1898280610,"Graneledone boreopacifica Nesis, 1982",Graneledone boreopacifica,49.510833,-127.824217,1978,1955,2001,2003-04-16,2003,Canada,Pacífico Norte,PRESERVED_SPECIMEN,34fbcf59-d9bb-47e7-9672-99e13ea8c736,Royal BC Museum - Invertebrates Collection,10.5886/zh7n1e,Royal British Columbia Museum,RBCM,CC-BY,http://creativecommons.org/licenses/by/4.0/legalcode,5105fc1f-29b7-45ad-ad45-2a32d011ebf0,,si
GBIF,1898281554,"Graneledone boreopacifica Nesis, 1982",Graneledone boreopacifica,49.347767,-127.5449,1815.5,1804,1827,2003-04-06,2003,Canada,Pacífico Norte,PRESERVED_SPECIMEN,34fbcf59-d9bb-47e7-9672-99e13ea8c736,Royal BC Museum - Invertebrates Collection,10.5886/zh7n1e,Royal British Columbia Museum,RBCM,CC-BY,http://creativecommons.org/licenses/by/4.0/legalcode,54d4427d-ccdc-4f14-b326-bcd7bda83e1e,,si
GBIF,1898287668,"Graneledone Joubin, 1918",,49.677517,-127.738283,940,928,952,2003-04-15,2003,Canada,Pacífico Norte,PRESERVED_SPECIMEN,34fbcf59-d9bb-47e7-9672-99e13ea8c736,Royal BC Museum - Invertebrates Collection,10.5886/zh7n1e,Royal British Columbia Museum,RBCM,CC-BY,http://creativecommons.org/licenses/by/4.0/legalcode,6d44778e-a2f8-4455-b6a6-768b052b94d8,,si
GBIF,1898295036,"Graneledone boreopacifica Nesis, 1982",Graneledone boreopacifica,49.217467,-127.235,1460,1444,1476,2003-04-05,2003,Canada,Pacífico Norte,PRESERVED_SPECIMEN,34fbcf59-d9bb-47e7-9672-99e13ea8c736,Royal BC Museum - Invertebrates Collection,10.5886/zh7n1e,Royal British Columbia Museum,RBCM,CC-BY,http://creativecommons.org/licenses/by/4.0/legalcode,89d9b2e3-26d6-4382-8487-b78560bb35a3,,si
GBIF,1898296825,"Graneledone boreopacifica Nesis, 1982",Graneledone boreopacifica,49.9175,-128.59725,2078,2076,2080,2003-04-14,2003,Canada,Pacífico Norte,PRESERVED_SPECIMEN,34fbcf59-d9bb-47e7-9672-99e13ea8c736,Royal BC Museum - Invertebrates Collection,10.5886/zh7n1e,Royal British Columbia Museum,RBCM,CC-BY,http://creativecommons.org/licenses/by/4.0/legalcode,90f1c0f1-8ea3-437a-93b9-d0c3609b0be8,,si
GBIF,1898299971,"Graneledone boreopacifica Nesis, 1982",Graneledone boreopacifica,49.510833,-127.824217,1978,1955,2001,2003-04-16,2003,Canada,Pacífico Norte,PRESERVED_SPECIMEN,34fbcf59-d9bb-47e7-9672-99e13ea8c736,Royal BC Museum - Invertebrates Collection,10.5886/zh7n1e,Royal British Columbia Museum,RBCM,CC-BY,http://creativecommons.org/licenses/by/4.0/legalcode,9d74fe39-9ce4-4f4e-a47b-bfda96752acf,,si
GBIF,1898303692,"Graneledone boreopacifica Nesis, 1982",Graneledone boreopacifica,50.02945,-128.128367,1439,1422,1456,2003-04-13,2003,Canada,Pacífico Norte,PRESERVED_SPECIMEN,34fbcf59-d9bb-47e7-9672-99e13ea8c736,Royal BC Museum - Invertebrates Collection,10.5886/zh7n1e,Royal British Columbia Museum,RBCM,CC-BY,http://creativecommons.org/licenses/by/4.0/legalcode,ac2726fe-f198-41db-9bd5-cccec51f0c0b,,si
GBIF,1898306941,"Graneledone boreopacifica Nesis, 1982",Graneledone boreopacifica,49.7115,-127.948167,2047,2003,2091,2003-04-15,2003,Canada,Pacífico Norte,PRESERVED_SPECIMEN,34fbcf59-d9bb-47e7-9672-99e13ea8c736,Royal BC Museum - Invertebrates Collection,10.5886/zh7n1e,Royal British Columbia Museum,RBCM,CC-BY,http://creativecommons.org/licenses/by/4.0/legalcode,b966856d-a74b-449d-b66d-90260ada8fbf,,si
GBIF,1898308029,"Graneledone boreopacifica Nesis, 1982",Graneledone boreopacifica,49.510833,-127.824217,1978,1955,2001,2003-04-16,2003,Canada,Pacífico Norte,PRESERVED_SPECIMEN,34fbcf59-d9bb-47e7-9672-99e13ea8c736,Royal BC Museum - Invertebrates Collection,10.5886/zh7n1e,Royal British Columbia Museum,RBCM,CC-BY,http://creativecommons.org/licenses/by/4.0/legalcode,bd85759f-3242-4681-b2ec-f561d3211195,,si
GBIF,1898310007,"Graneledone boreopacifica Nesis, 1982",Graneledone boreopacifica,50.258633,-128.441167,1273,1235,1311,2003-04-11,2003,Canada,Pacífico Norte,PRESERVED_SPECIMEN,34fbcf59-d9bb-47e7-9672-99e13ea8c736,Royal BC Museum - Invertebrates Collection,10.5886/zh7n1e,Royal British Columbia Museum,RBCM,CC-BY,http://creativecommons.org/licenses/by/4.0/legalcode,c4e2fad6-c8f9-44a4-91b1-63e29391451b,,si
GBIF,1898312948,"Graneledone boreopacifica Nesis, 1982",Graneledone boreopacifica,50.02945,-128.128367,1439,1422,1456,2003-04-13,2003,Canada,Pacífico Norte,PRESERVED_SPECIMEN,34fbcf59-d9bb-47e7-9672-99e13ea8c736,Royal BC Museum - Invertebrates Collection,10.5886/zh7n1e,Royal British Columbia Museum,RBCM,CC-BY,http://creativecommons.org/licenses/by/4.0/legalcode,d059b96c-08a5-4ebd-b304-86d37ec5884c,,si
GBIF,1898318811,"Graneledone boreopacifica Nesis, 1982",Graneledone boreopacifica,49.510833,-127.824217,1978,1955,2001,2003-04-16,2003,Canada,Pacífico Norte,PRESERVED_SPECIMEN,34fbcf59-d9bb-47e7-9672-99e13ea8c736,Royal BC Museum - Invertebrates Collection,10.5886/zh7n1e,Royal British Columbia Museum,RBCM,CC-BY,http://creativecommons.org/licenses/by/4.0/legalcode,e7618640-7532-4efe-b0a1-b5f0d2dcfaee,,si
GBIF,2824597457,"Graneledone antarctica G.L.Voss, 1976",Graneledone antarctica,-52.3269,72.67,,,,2003-04-29,2003,Heard Island and McDonald Islands,Océano Índico,PRESERVED_SPECIMEN,4ffe66a0-6c8b-11de-8226-b8a03c50a862,AAD Heard & Macdonald Islands benthic faunal reference collection,10.15468/ijp8p9,Tasmanian Museum and Art Gallery,TMAG,CC-BY,http://creativecommons.org/licenses/by/4.0/legalcode,1ea7c324-74c4-44ed-a4b4-5e383e606cd1,sin_profundidad,si
GBIF,3344699275,"Graneledone Joubin, 1918",,-52.917,74.550003,580,580,580,2003-04-30,2003,Heard Island and McDonald Islands,Océano Índico,PRESERVED_SPECIMEN,968dfa3e-3614-4bab-a3b5-e9209bdd6078,Ocean Genome Legacy Collection,10.15468/jzgqtc,United States Geological Survey,OGL,CC-BY,http://creativecommons.org/licenses/by/4.0/legalcode,OGL_MSC_NortheasternUniversity_S08039,,si
GBIF,2538039105,"Graneledone verrucosa (A.E.Verrill, 1881)",Graneledone verrucosa,56.69938,-6.451999,,,,2003-06-12,2003,United Kingdom of Great Britain and Northern Ireland,Atlántico Norte,HUMAN_OBSERVATION,990e845f-836b-4467-bc5f-46c8495259ec,Seasearch Marine Surveys in Scotland,10.15468/0hyjxi,Seasearch,,CC-BY,http://creativecommons.org/licenses/by/4.0/legalcode,380c3cd7-7795-43f4-acbc-fef9e2104ab3,sin_profundidad,si
GBIF,3344698847,"Graneledone Joubin, 1918",,-50.73,-53.369999,1970,1970,1970,2003-06-15,2003,Falkland Islands (Malvinas),Atlántico Sur,PRESERVED_SPECIMEN,968dfa3e-3614-4bab-a3b5-e9209bdd6078,Ocean Genome Legacy Collection,10.15468/jzgqtc,United States Geological Survey,OGL,CC-BY,http://creativecommons.org/licenses/by/4.0/legalcode,OGL_MSC_NortheasternUniversity_S08392,,si
GBIF,1065137100,"Graneledone pacifica G.L.Voss & Pearcy, 1990",Graneledone pacifica,47.7106,-127.7858,2590,2590,2590,2003-07-09,2003,Canada,Pacífico Norte,PRESERVED_SPECIMEN,005eb8d8-ed94-41be-89cf-e3115a9058e4,FMNH Invertebrate Zoology,10.15468/6q5vuc,Field Museum,FMNH,CC0,http://creativecommons.org/publicdomain/zero/1.0/legalcode,b9d61fdd-139d-43f7-87b7-697dd3abba38,,si
GBIF,1552661876,"Graneledone verrucosa (A.E.Verrill, 1881)",Graneledone verrucosa,50.337976,-4.133796,,,,2003-08-07,2003,United Kingdom of Great Britain and Northern Ireland,Atlántico Norte,HUMAN_OBSERVATION,fae37d1f-5b7a-4fe2-8cfa-8948aefbcac2,Natural England Marine Monitoring surveys,10.15468/ysikg5,Natural England,,CC-BY,http://creativecommons.org/licenses/by/4.0/legalcode,06648ab2-aaba-4eba-82fc-031bf76bf1d5,sin_profundidad,si
GBIF,1427182974,"Graneledone Joubin, 1918",,-51.6568,174.2648,788.5,779,798,2003-11-23T05:00/2003-11-23T05:54,2003,New Zealand,Pacífico Sur,HUMAN_OBSERVATION,2a636fd6-dc73-49c0-9e5b-26bd05532313,MBIS research trawl surveys,10.15468/ti5yah,Earth Sciences New Zealand (ESNZ),NIWA,CC-BY,http://creativecommons.org/licenses/by/4.0/legalcode,257413,,si
GBIF,1427183064,"Graneledone Joubin, 1918",,-52.5545,171.2058,491.5,484,499,2003-11-25T04:47/2003-11-25T05:39,2003,New Zealand,Pacífico Sur,HUMAN_OBSERVATION,2a636fd6-dc73-49c0-9e5b-26bd05532313,MBIS research trawl surveys,10.15468/ti5yah,Earth Sciences New Zealand (ESNZ),NIWA,CC-BY,http://creativecommons.org/licenses/by/4.0/legalcode,257493,,si
GBIF,1427183176,"Graneledone Joubin, 1918",,-52.8457,168.3378,664.5,662,667,2003-11-26T08:18/2003-11-26T09:09,2003,New Zealand,Pacífico Sur,HUMAN_OBSERVATION,2a636fd6-dc73-49c0-9e5b-26bd05532313,MBIS research trawl surveys,10.15468/ti5yah,Earth Sciences New Zealand (ESNZ),NIWA,CC-BY,http://creativecommons.org/licenses/by/4.0/legalcode,257590,,si
GBIF,1427184325,"Graneledone Joubin, 1918",,-48.932,175.3863,742.5,732,753,2003-11-16T14:02/2003-11-16T14:53,2003,New Zealand,Pacífico Sur,HUMAN_OBSERVATION,2a636fd6-dc73-49c0-9e5b-26bd05532313,MBIS research trawl surveys,10.15468/ti5yah,Earth Sciences New Zealand (ESNZ),NIWA,CC-BY,http://creativecommons.org/licenses/by/4.0/legalcode,258710,,si
GBIF,1427183601,"Graneledone Joubin, 1918",,-48.9672,169.1672,734,723,745,2003-12-02T05:00/2003-12-02T05:55,2003,New Zealand,Pacífico Sur,HUMAN_OBSERVATION,2a636fd6-dc73-49c0-9e5b-26bd05532313,MBIS research trawl surveys,10.15468/ti5yah,Earth Sciences New Zealand (ESNZ),NIWA,CC-BY,http://creativecommons.org/licenses/by/4.0/legalcode,258010,,si
GBIF,1427183679,"Graneledone Joubin, 1918",,-49.3392,167.7018,670.5,661,680,2003-12-03T05:01/2003-12-03T05:53,2003,New Zealand,Pacífico Sur,HUMAN_OBSERVATION,2a636fd6-dc73-49c0-9e5b-26bd05532313,MBIS research trawl surveys,10.15468/ti5yah,Earth Sciences New Zealand (ESNZ),NIWA,CC-BY,http://creativecommons.org/licenses/by/4.0/legalcode,258076,,si
GBIF,1427183961,"Graneledone Joubin, 1918",,-46.7683,166.7423,890,876,904,2003-12-06T12:00/2003-12-06T12:51,2003,New Zealand,Pacífico Sur,HUMAN_OBSERVATION,2a636fd6-dc73-49c0-9e5b-26bd05532313,MBIS research trawl surveys,10.15468/ti5yah,Earth Sciences New Zealand (ESNZ),NIWA,CC-BY,http://creativecommons.org/licenses/by/4.0/legalcode,258396,,si
GBIF,1427184223,"Graneledone Joubin, 1918",,-46.737,166.1637,937.5,928,947,2003-12-07T18:42/2003-12-07T19:35,2003,New Zealand,Pacífico Sur,HUMAN_OBSERVATION,2a636fd6-dc73-49c0-9e5b-26bd05532313,MBIS research trawl surveys,10.15468/ti5yah,Earth Sciences New Zealand (ESNZ),NIWA,CC-BY,http://creativecommons.org/licenses/by/4.0/legalcode,258667,,si
GBIF,1427184404,"Graneledone Joubin, 1918",,-47.9427,169.8197,823,815,831,2003-12-09T07:38/2003-12-09T08:29,2003,New Zealand,Pacífico Sur,HUMAN_OBSERVATION,2a636fd6-dc73-49c0-9e5b-26bd05532313,MBIS research trawl surveys,10.15468/ti5yah,Earth Sciences New Zealand (ESNZ),NIWA,CC-BY,http://creativecommons.org/licenses/by/4.0/legalcode,258813,,si
GBIF,1427184472,"Graneledone Joubin, 1918",,-47.306,170.097,988,986,990,2003-12-09T18:49/2003-12-09T19:42,2003,New Zealand,Pacífico Sur,HUMAN_OBSERVATION,2a636fd6-dc73-49c0-9e5b-26bd05532313,MBIS research trawl surveys,10.15468/ti5yah,Earth Sciences New Zealand (ESNZ),NIWA,CC-BY,http://creativecommons.org/licenses/by/4.0/legalcode,258891,,si
GBIF,1427169084,"Graneledone Joubin, 1918",,-44.5852,173.5712,743.5,724,763,2002-01-15T15:52/2002-01-15T16:45,2002,New Zealand,Pacífico Sur,HUMAN_OBSERVATION,2a636fd6-dc73-49c0-9e5b-26bd05532313,MBIS research trawl surveys,10.15468/ti5yah,Earth Sciences New Zealand (ESNZ),NIWA,CC-BY,http://creativecommons.org/licenses/by/4.0/legalcode,243555,,si
GBIF,1427169186,"Graneledone Joubin, 1918",,-44.5407,173.1517,495,481,509,2002-01-15T21:40/2002-01-15T22:31,2002,New Zealand,Pacífico Sur,HUMAN_OBSERVATION,2a636fd6-dc73-49c0-9e5b-26bd05532313,MBIS research trawl surveys,10.15468/ti5yah,Earth Sciences New Zealand (ESNZ),NIWA,CC-BY,http://creativecommons.org/licenses/by/4.0/legalcode,243616,,si
GBIF,1427169327,"Graneledone Joubin, 1918",,-43.9525,174.166,488.5,477,500,2002-01-16T11:41/2002-01-16T12:32,2002,New Zealand,Pacífico Sur,HUMAN_OBSERVATION,2a636fd6-dc73-49c0-9e5b-26bd05532313,MBIS research trawl surveys,10.15468/ti5yah,Earth Sciences New Zealand (ESNZ),NIWA,CC-BY,http://creativecommons.org/licenses/by/4.0/legalcode,243761,,si
GBIF,1427169934,"Graneledone Joubin, 1918",,-43.1492,174.3327,606.5,600,613,2002-01-18T14:34/2002-01-18T15:26,2002,New Zealand,Pacífico Sur,HUMAN_OBSERVATION,2a636fd6-dc73-49c0-9e5b-26bd05532313,MBIS research trawl surveys,10.15468/ti5yah,Earth Sciences New Zealand (ESNZ),NIWA,CC-BY,http://creativecommons.org/licenses/by/4.0/legalcode,244361,,si
GBIF,1427170004,"Graneledone Joubin, 1918",,-43.0792,174.139,745,742,748,2002-01-18T17:42/2002-01-18T18:36,2002,New Zealand,Pacífico Sur,HUMAN_OBSERVATION,2a636fd6-dc73-49c0-9e5b-26bd05532313,MBIS research trawl surveys,10.15468/ti5yah,Earth Sciences New Zealand (ESNZ),NIWA,CC-BY,http://creativecommons.org/licenses/by/4.0/legalcode,244404,,si
GBIF,1427170027,"Graneledone Joubin, 1918",,-43.0285,174.3442,806.5,805,808,2002-01-18T19:52/2002-01-18T20:27,2002,New Zealand,Pacífico Sur,HUMAN_OBSERVATION,2a636fd6-dc73-49c0-9e5b-26bd05532313,MBIS research trawl surveys,10.15468/ti5yah,Earth Sciences New Zealand (ESNZ),NIWA,CC-BY,http://creativecommons.org/licenses/by/4.0/legalcode,244442,,si
GBIF,1427170108,"Graneledone Joubin, 1918",,-42.9332,174.813,739.5,738,741,2002-01-19T08:06/2002-01-19T08:56,2002,New Zealand,Pacífico Sur,HUMAN_OBSERVATION,2a636fd6-dc73-49c0-9e5b-26bd05532313,MBIS research trawl surveys,10.15468/ti5yah,Earth Sciences New Zealand (ESNZ),NIWA,CC-BY,http://creativecommons.org/licenses/by/4.0/legalcode,244499,,si
GBIF,1427170149,"Graneledone Joubin, 1918",,-42.7947,175.4028,854,853,855,2002-01-19T14:18/2002-01-19T15:08,2002,New Zealand,Pacífico Sur,HUMAN_OBSERVATION,2a636fd6-dc73-49c0-9e5b-26bd05532313,MBIS research trawl surveys,10.15468/ti5yah,Earth Sciences New Zealand (ESNZ),NIWA,CC-BY,http://creativecommons.org/licenses/by/4.0/legalcode,244573,,si
GBIF,1427173747,"Graneledone Joubin, 1918",,-43.8807,178.9583,490,488,492,2002-01-12T14:14/2002-01-12T15:03,2002,New Zealand,Pacífico Sur,HUMAN_OBSERVATION,2a636fd6-dc73-49c0-9e5b-26bd05532313,MBIS research trawl surveys,10.15468/ti5yah,Earth Sciences New Zealand (ESNZ),NIWA,CC-BY,http://creativecommons.org/licenses/by/4.0/legalcode,248199,,si
GBIF,1427174042,"Graneledone Joubin, 1918",,-43.9198,175.2952,461.5,450,473,2002-01-14T18:05/2002-01-14T18:56,2002,New Zealand,Pacífico Sur,HUMAN_OBSERVATION,2a636fd6-dc73-49c0-9e5b-26bd05532313,MBIS research trawl surveys,10.15468/ti5yah,Earth Sciences New Zealand (ESNZ),NIWA,CC-BY,http://creativecommons.org/licenses/by/4.0/legalcode,248457,,si
GBIF,1427174115,"Graneledone Joubin, 1918",,-44.4205,175.4322,684.5,677,692,2002-01-15T05:08/2002-01-15T05:58,2002,New Zealand,Pacífico Sur,HUMAN_OBSERVATION,2a636fd6-dc73-49c0-9e5b-26bd05532313,MBIS research trawl surveys,10.15468/ti5yah,Earth Sciences New Zealand (ESNZ),NIWA,CC-BY,http://creativecommons.org/licenses/by/4.0/legalcode,248535,,si
GBIF,1427174167,"Graneledone Joubin, 1918",,-44.5782,174.5432,775.5,771,780,2002-01-15T09:47/2002-01-15T10:39,2002,New Zealand,Pacífico Sur,HUMAN_OBSERVATION,2a636fd6-dc73-49c0-9e5b-26bd05532313,MBIS research trawl surveys,10.15468/ti5yah,Earth Sciences New Zealand (ESNZ),NIWA,CC-BY,http://creativecommons.org/licenses/by/4.0/legalcode,248571,,si
GBIF,2874277495,"Graneledone Joubin, 1918",,-52.9,74.6,585,585,585,2002-02-07,2002,Heard Island and McDonald Islands,Océano Índico,PRESERVED_SPECIMEN,39905320-6c8a-11de-8226-b8a03c50a862,Museums Victoria provider for OZCAM,10.15468/lp1ctu,Museums Victoria,NMV,CC0,http://creativecommons.org/publicdomain/zero/1.0/legalcode,8bed3389-5daa-4234-8933-e2a42bbb15c2,,si
GBIF,2874281352,"Graneledone Joubin, 1918",,-52.9,74.6,585,585,585,2002-02-07,2002,Heard Island and McDonald Islands,Océano Índico,PRESERVED_SPECIMEN,39905320-6c8a-11de-8226-b8a03c50a862,Museums Victoria provider for OZCAM,10.15468/lp1ctu,Museums Victoria,NMV,CC0,http://creativecommons.org/publicdomain/zero/1.0/legalcode,21f6311e-205a-45ca-a446-5ee77a4485de,,si
GBIF,2874291586,"Graneledone Joubin, 1918",,-52.9,74.6,585,585,585,2002-02-07,2002,Heard Island and McDonald Islands,Océano Índico,PRESERVED_SPECIMEN,39905320-6c8a-11de-8226-b8a03c50a862,Museums Victoria provider for OZCAM,10.15468/lp1ctu,Museums Victoria,NMV,CC0,http://creativecommons.org/publicdomain/zero/1.0/legalcode,d77c6c85-1494-47ae-b8a9-91498b76f442,,si
GBIF,1427174679,"Graneledone Joubin, 1918",,-42.8453,-179.8965,871,870,872,2002-06-26T17:11/2002-06-26T17:41,2002,New Zealand,Pacífico Sur,HUMAN_OBSERVATION,2a636fd6-dc73-49c0-9e5b-26bd05532313,MBIS research trawl surveys,10.15468/ti5yah,Earth Sciences New Zealand (ESNZ),NIWA,CC-BY,http://creativecommons.org/licenses/by/4.0/legalcode,249075,,si
GBIF,1065185156,"Graneledone pacifica G.L.Voss & Pearcy, 1990",Graneledone pacifica,40.3617,-125.2164,1598,1598,1598,2002-07-22,2002,United States of America,Pacífico Norte,PRESERVED_SPECIMEN,005eb8d8-ed94-41be-89cf-e3115a9058e4,FMNH Invertebrate Zoology,10.15468/6q5vuc,Field Museum,FMNH,CC0,http://creativecommons.org/publicdomain/zero/1.0/legalcode,0610a6d9-857b-4c87-ba8b-bc46b597b007,,si
GBIF,1065185453,"Graneledone pacifica G.L.Voss & Pearcy, 1990",Graneledone pacifica,40.3617,-125.2164,1598,1598,1598,2002-07-22,2002,United States of America,Pacífico Norte,PRESERVED_SPECIMEN,005eb8d8-ed94-41be-89cf-e3115a9058e4,FMNH Invertebrate Zoology,10.15468/6q5vuc,Field Museum,FMNH,CC0,http://creativecommons.org/publicdomain/zero/1.0/legalcode,378315ca-aa08-44c7-98b8-636467cf2df8,,si
GBIF,1065185480,"Graneledone pacifica G.L.Voss & Pearcy, 1990",Graneledone pacifica,40.3617,-125.2164,1598,1598,1598,2002-07-22,2002,United States of America,Pacífico Norte,PRESERVED_SPECIMEN,005eb8d8-ed94-41be-89cf-e3115a9058e4,FMNH Invertebrate Zoology,10.15468/6q5vuc,Field Museum,FMNH,CC0,http://creativecommons.org/publicdomain/zero/1.0/legalcode,405165e8-2953-4ce7-8902-37e08e44aa25,,si
GBIF,1065281037,"Graneledone pacifica G.L.Voss & Pearcy, 1990",Graneledone pacifica,40.3617,-125.2164,1598,1598,1598,2002-07-22,2002,United States of America,Pacífico Norte,PRESERVED_SPECIMEN,005eb8d8-ed94-41be-89cf-e3115a9058e4,FMNH Invertebrate Zoology,10.15468/6q5vuc,Field Museum,FMNH,CC0,http://creativecommons.org/publicdomain/zero/1.0/legalcode,7173fb51-2b39-44a5-8421-ce8715d6981b,,si
GBIF,1427124339,"Graneledone Joubin, 1918",,-42.738,179.9627,1146,1115,1177,2002-07-13T06:04/2002-07-13T06:33,2002,New Zealand,Pacífico Sur,HUMAN_OBSERVATION,2a636fd6-dc73-49c0-9e5b-26bd05532313,MBIS research trawl surveys,10.15468/ti5yah,Earth Sciences New Zealand (ESNZ),NIWA,CC-BY,http://creativecommons.org/licenses/by/4.0/legalcode,198790,,si
GBIF,1427125967,"Graneledone Joubin, 1918",,-42.7938,179.7867,1058.5,1034,1083,2002-07-20T23:39/2002-07-21T00:07,2002,New Zealand,Pacífico Sur,HUMAN_OBSERVATION,2a636fd6-dc73-49c0-9e5b-26bd05532313,MBIS research trawl surveys,10.15468/ti5yah,Earth Sciences New Zealand (ESNZ),NIWA,CC-BY,http://creativecommons.org/licenses/by/4.0/legalcode,200419,,si
GBIF,1427175386,"Graneledone Joubin, 1918",,-42.7568,179.943,1115,1112,1118,2002-07-10T03:03/2002-07-10T03:32,2002,New Zealand,Pacífico Sur,HUMAN_OBSERVATION,2a636fd6-dc73-49c0-9e5b-26bd05532313,MBIS research trawl surveys,10.15468/ti5yah,Earth Sciences New Zealand (ESNZ),NIWA,CC-BY,http://creativecommons.org/licenses/by/4.0/legalcode,249801,,si
GBIF,1427175858,"Graneledone Joubin, 1918",,-42.772,179.6417,1155,1152,1158,2002-07-14T04:44/2002-07-14T05:15,2002,New Zealand,Pacífico Sur,HUMAN_OBSERVATION,2a636fd6-dc73-49c0-9e5b-26bd05532313,MBIS research trawl surveys,10.15468/ti5yah,Earth Sciences New Zealand (ESNZ),NIWA,CC-BY,http://creativecommons.org/licenses/by/4.0/legalcode,250277,,si
GBIF,1552899213,"Graneledone verrucosa (A.E.Verrill, 1881)",Graneledone verrucosa,50.589463,-2.486605,,,,2002-07-19,2002,United Kingdom of Great Britain and Northern Ireland,Atlántico Norte,HUMAN_OBSERVATION,fae37d1f-5b7a-4fe2-8cfa-8948aefbcac2,Natural England Marine Monitoring surveys,10.15468/ysikg5,Natural England,,CC-BY,http://creativecommons.org/licenses/by/4.0/legalcode,82373e8d-3c06-40dc-bf6f-311ff5e6867d,sin_profundidad,si
GBIF,3027970807,"Graneledone Joubin, 1918",,40.3541,-125.209,1634.3,1634.3,1634.3,2002-07-22,2002,United States of America,Pacífico Norte,MATERIAL_SAMPLE,26098c25-8f7f-4c71-97ac-1d3db181c65e,NMNH Material Samples (USNM),10.15468/jb9tdf,"National Museum of Natural History, Smithsonian Institution",USNM,CC0,http://creativecommons.org/publicdomain/zero/1.0/legalcode,http://n2t.net/ark:/65665/32b95f457-c6c9-41c5-b30e-ee3153d24054,,si
GBIF,3027998560,"Graneledone Joubin, 1918",,40.3541,-125.209,1634.3,1634.3,1634.3,2002-07-22,2002,United States of America,Pacífico Norte,MATERIAL_SAMPLE,26098c25-8f7f-4c71-97ac-1d3db181c65e,NMNH Material Samples (USNM),10.15468/jb9tdf,"National Museum of Natural History, Smithsonian Institution",USNM,CC0,http://creativecommons.org/publicdomain/zero/1.0/legalcode,http://n2t.net/ark:/65665/3777715ec-ad8d-41f1-a3eb-1db367a6860e,,si
GBIF,3028029743,"Graneledone Joubin, 1918",,40.3541,-125.209,1634.3,1634.3,1634.3,2002-07-22,2002,United States of America,Pacífico Norte,MATERIAL_SAMPLE,26098c25-8f7f-4c71-97ac-1d3db181c65e,NMNH Material Samples (USNM),10.15468/jb9tdf,"National Museum of Natural History, Smithsonian Institution",USNM,CC0,http://creativecommons.org/publicdomain/zero/1.0/legalcode,http://n2t.net/ark:/65665/3d506b61b-e0db-4bbf-9354-db0120012102,,si
GBIF,3028058548,"Graneledone Joubin, 1918",,40.3541,-125.209,1634.3,1634.3,1634.3,2002-07-22,2002,United States of America,Pacífico Norte,MATERIAL_SAMPLE,26098c25-8f7f-4c71-97ac-1d3db181c65e,NMNH Material Samples (USNM),10.15468/jb9tdf,"National Museum of Natural History, Smithsonian Institution",USNM,CC0,http://creativecommons.org/publicdomain/zero/1.0/legalcode,http://n2t.net/ark:/65665/30768869a-2558-4cce-bc14-12d3f4012ac5,,si
GBIF,3028074543,"Graneledone Joubin, 1918",,40.3541,-125.209,1634.3,1634.3,1634.3,2002-07-22,2002,United States of America,Pacífico Norte,MATERIAL_SAMPLE,26098c25-8f7f-4c71-97ac-1d3db181c65e,NMNH Material Samples (USNM),10.15468/jb9tdf,"National Museum of Natural History, Smithsonian Institution",USNM,CC0,http://creativecommons.org/publicdomain/zero/1.0/legalcode,http://n2t.net/ark:/65665/3409ec9fe-e385-42dc-8621-3a5cad5f45d7,,si
GBIF,3028080385,"Graneledone Joubin, 1918",,40.3541,-125.209,1634.3,1634.3,1634.3,2002-07-22,2002,United States of America,Pacífico Norte,MATERIAL_SAMPLE,26098c25-8f7f-4c71-97ac-1d3db181c65e,NMNH Material Samples (USNM),10.15468/jb9tdf,"National Museum of Natural History, Smithsonian Institution",USNM,CC0,http://creativecommons.org/publicdomain/zero/1.0/legalcode,http://n2t.net/ark:/65665/33c99f4c7-de91-45c7-a21a-4f2cbdd923b5,,si
GBIF,3028081990,"Graneledone Joubin, 1918",,40.3541,-125.209,1634.3,1634.3,1634.3,2002-07-22,2002,United States of America,Pacífico Norte,MATERIAL_SAMPLE,26098c25-8f7f-4c71-97ac-1d3db181c65e,NMNH Material Samples (USNM),10.15468/jb9tdf,"National Museum of Natural History, Smithsonian Institution",USNM,CC0,http://creativecommons.org/publicdomain/zero/1.0/legalcode,http://n2t.net/ark:/65665/36d28b498-7a68-4678-96bd-d2165b4ca327,,si
GBIF,3028094792,"Graneledone Joubin, 1918",,40.3541,-125.209,1634.3,1634.3,1634.3,2002-07-22,2002,United States of America,Pacífico Norte,MATERIAL_SAMPLE,26098c25-8f7f-4c71-97ac-1d3db181c65e,NMNH Material Samples (USNM),10.15468/jb9tdf,"National Museum of Natural History, Smithsonian Institution",USNM,CC0,http://creativecommons.org/publicdomain/zero/1.0/legalcode,http://n2t.net/ark:/65665/380733015-24f4-4307-b845-50643edcaaed,,si
GBIF,3028101341,"Graneledone Joubin, 1918",,40.3541,-125.209,1634.3,1634.3,1634.3,2002-07-22,2002,United States of America,Pacífico Norte,MATERIAL_SAMPLE,26098c25-8f7f-4c71-97ac-1d3db181c65e,NMNH Material Samples (USNM),10.15468/jb9tdf,"National Museum of Natural History, Smithsonian Institution",USNM,CC0,http://creativecommons.org/publicdomain/zero/1.0/legalcode,http://n2t.net/ark:/65665/392d06ddc-71bf-4e40-921c-e789d238635f,,si
GBIF,3028116777,"Graneledone Joubin, 1918",,40.3541,-125.209,1634.3,1634.3,1634.3,2002-07-22,2002,United States of America,Pacífico Norte,MATERIAL_SAMPLE,26098c25-8f7f-4c71-97ac-1d3db181c65e,NMNH Material Samples (USNM),10.15468/jb9tdf,"National Museum of Natural History, Smithsonian Institution",USNM,CC0,http://creativecommons.org/publicdomain/zero/1.0/legalcode,http://n2t.net/ark:/65665/3b7e91953-7744-40d5-9d2e-dfb5d2787690,,si
GBIF,3028126591,"Graneledone Joubin, 1918",,40.3541,-125.209,1634.3,1634.3,1634.3,2002-07-22,2002,United States of America,Pacífico Norte,MATERIAL_SAMPLE,26098c25-8f7f-4c71-97ac-1d3db181c65e,NMNH Material Samples (USNM),10.15468/jb9tdf,"National Museum of Natural History, Smithsonian Institution",USNM,CC0,http://creativecommons.org/publicdomain/zero/1.0/legalcode,http://n2t.net/ark:/65665/3d350e5fd-4bcc-4ede-928d-200def70b585,,si
GBIF,2538209345,"Graneledone verrucosa (A.E.Verrill, 1881)",Graneledone verrucosa,52.78563,-4.515483,,,,2002-08-24,2002,United Kingdom of Great Britain and Northern Ireland,Atlántico Norte,HUMAN_OBSERVATION,82d23348-0fee-4e2d-9152-48136ef54b2d,Seasearch Marine Surveys in Wales,10.15468/4us2hk,Seasearch,,CC-BY,http://creativecommons.org/licenses/by/4.0/legalcode,a87383a1-29d0-48f6-9d18-165ed8244b83,sin_profundidad,si
GBIF,1065102976,"Graneledone pacifica G.L.Voss & Pearcy, 1990",Graneledone pacifica,47.7106,-127.7858,2590,2590,2590,2002-09-23,2002,Canada,Pacífico Norte,PRESERVED_SPECIMEN,005eb8d8-ed94-41be-89cf-e3115a9058e4,FMNH Invertebrate Zoology,10.15468/6q5vuc,Field Museum,FMNH,CC0,http://creativecommons.org/publicdomain/zero/1.0/legalcode,6139499d-2323-41ef-85e8-fc2ebcd9c1b9,,si
GBIF,1065280827,"Graneledone pacifica G.L.Voss & Pearcy, 1990",Graneledone pacifica,47.7102,-127.786033,2596,2596,2596,2002-09-05,2002,Canada,Pacífico Norte,PRESERVED_SPECIMEN,005eb8d8-ed94-41be-89cf-e3115a9058e4,FMNH Invertebrate Zoology,10.15468/6q5vuc,Field Museum,FMNH,CC0,http://creativecommons.org/publicdomain/zero/1.0/legalcode,1928bb70-ffd4-441f-82b2-c94b11df7fbe,,si
GBIF,1427176672,"Graneledone Joubin, 1918",,-44.7123,173.2643,907.5,904,911,2002-09-30T07:13/2002-09-30T07:23,2002,New Zealand,Pacífico Sur,HUMAN_OBSERVATION,2a636fd6-dc73-49c0-9e5b-26bd05532313,MBIS research trawl surveys,10.15468/ti5yah,Earth Sciences New Zealand (ESNZ),NIWA,CC-BY,http://creativecommons.org/licenses/by/4.0/legalcode,251117,,si
GBIF,1554055518,"Graneledone verrucosa (A.E.Verrill, 1881)",Graneledone verrucosa,53.13157,-4.306653,,,,2002-09-09,2002,United Kingdom of Great Britain and Northern Ireland,Atlántico Norte,HUMAN_OBSERVATION,6b3877d5-4869-43aa-af12-92c703fd5b6d,"Marine data from Natural Resources Wales (NRW) Technical Support (Research & Monitoring) Contracts, Wales",10.15468/az7nw3,Natural Resources Wales,NRW,CC-BY,http://creativecommons.org/licenses/by/4.0/legalcode,0f2ca7eb-6f7e-4e7e-bd42-fb3b7b15bece,sin_profundidad,si
GBIF,1898291089,"Graneledone boreopacifica Nesis, 1982",Graneledone boreopacifica,54.179617,-133.929633,1150.5,1131,1170,2002-09-02,2002,Canada,Pacífico Norte,PRESERVED_SPECIMEN,34fbcf59-d9bb-47e7-9672-99e13ea8c736,Royal BC Museum - Invertebrates Collection,10.5886/zh7n1e,Royal British Columbia Museum,RBCM,CC-BY,http://creativecommons.org/licenses/by/4.0/legalcode,7a5cc948-fdf5-4b70-bcb5-31a88e0f5609,,si
GBIF,1898292493,"Graneledone boreopacifica Nesis, 1982",Graneledone boreopacifica,54.083783,-134.1186,1902.5,1722,2083,2002-09-02,2002,Canada,Pacífico Norte,PRESERVED_SPECIMEN,34fbcf59-d9bb-47e7-9672-99e13ea8c736,Royal BC Museum - Invertebrates Collection,10.5886/zh7n1e,Royal British Columbia Museum,RBCM,CC-BY,http://creativecommons.org/licenses/by/4.0/legalcode,801d6cae-8052-4388-abb0-a5d82b75067c,,si
GBIF,1898306331,"Graneledone boreopacifica Nesis, 1982",Graneledone boreopacifica,53.714033,-133.51515,1595.5,1577,1614,2002-09-04,2002,Canada,Pacífico Norte,PRESERVED_SPECIMEN,34fbcf59-d9bb-47e7-9672-99e13ea8c736,Royal BC Museum - Invertebrates Collection,10.5886/zh7n1e,Royal British Columbia Museum,RBCM,CC-BY,http://creativecommons.org/licenses/by/4.0/legalcode,b6d37c34-14e0-4c37-a4b6-773b059d3156,,si
GBIF,5792166889,"Graneledone verrucosa (A.E.Verrill, 1881)",Graneledone verrucosa,53.113113,-4.39196,,,,2002-09-09,2002,United Kingdom of Great Britain and Northern Ireland,Atlántico Norte,OCCURRENCE,a676d8a7-95a5-4d3a-a546-0e6e30f76a7b,Survey of North Wales and Pembrokeshire Tide Influenced Communities,10.15468/334bm3,Flanders Marine Institute,Countryside Council for Wales,CC-BY,http://creativecommons.org/licenses/by/4.0/legalcode,urn:catalog:Countryside Council for Wales:3191:24916053,sin_profundidad,si
GBIF,1427176401,"Graneledone Joubin, 1918",,-44.6813,173.6248,898.5,883,914,2002-10-02T04:06/2002-10-02T04:22,2002,New Zealand,Pacífico Sur,HUMAN_OBSERVATION,2a636fd6-dc73-49c0-9e5b-26bd05532313,MBIS research trawl surveys,10.15468/ti5yah,Earth Sciences New Zealand (ESNZ),NIWA,CC-BY,http://creativecommons.org/licenses/by/4.0/legalcode,250821,,si
GBIF,1427176501,"Graneledone Joubin, 1918",,-44.5275,173.5713,697.5,690,705,2002-10-06T09:30/2002-10-06T09:49,2002,New Zealand,Pacífico Sur,HUMAN_OBSERVATION,2a636fd6-dc73-49c0-9e5b-26bd05532313,MBIS research trawl surveys,10.15468/ti5yah,Earth Sciences New Zealand (ESNZ),NIWA,CC-BY,http://creativecommons.org/licenses/by/4.0/legalcode,250937,,si
GBIF,1427176581,"Graneledone Joubin, 1918",,-44.6535,173.3022,803,800,806,2002-10-06T19:06/2002-10-06T19:25,2002,New Zealand,Pacífico Sur,HUMAN_OBSERVATION,2a636fd6-dc73-49c0-9e5b-26bd05532313,MBIS research trawl surveys,10.15468/ti5yah,Earth Sciences New Zealand (ESNZ),NIWA,CC-BY,http://creativecommons.org/licenses/by/4.0/legalcode,250998,,si
GBIF,1912981856,"Graneledone Joubin, 1918",,-52.9312,74.51,,,,2002-10-25,2002,Heard Island and McDonald Islands,Océano Índico,PRESERVED_SPECIMEN,4ffe66a0-6c8b-11de-8226-b8a03c50a862,AFMA observer invertebrates collection,10.15468/ijp8p9,Tasmanian Museum and Art Gallery,TMAG,CC-BY,http://creativecommons.org/licenses/by/4.0/legalcode,2358921b-95cd-4aed-84ef-d3f1e4bb06df,sin_profundidad,si
GBIF,1912994812,"Graneledone Joubin, 1918",,-52.9113,74.56,,,,2002-10,2002,Heard Island and McDonald Islands,Océano Índico,PRESERVED_SPECIMEN,4ffe66a0-6c8b-11de-8226-b8a03c50a862,AFMA observer invertebrates collection,10.15468/ijp8p9,Tasmanian Museum and Art Gallery,TMAG,CC-BY,http://creativecommons.org/licenses/by/4.0/legalcode,4c9e8680-4735-40a1-b8fb-4e8ff4bbfb03,sin_profundidad,si
GBIF,1913050601,"Graneledone Joubin, 1918",,-52.9195,74.53,,,,2002-10-06,2002,Heard Island and McDonald Islands,Océano Índico,PRESERVED_SPECIMEN,4ffe66a0-6c8b-11de-8226-b8a03c50a862,AFMA observer invertebrates collection,10.15468/ijp8p9,Tasmanian Museum and Art Gallery,TMAG,CC-BY,http://creativecommons.org/licenses/by/4.0/legalcode,fdedc07d-96a5-4772-bff7-81dc68f7ea8b,sin_profundidad,si
GBIF,1427176901,"Graneledone Joubin, 1918",,-46.5713,166.3828,752,730,774,2002-12-19T13:14/2002-12-19T14:06,2002,New Zealand,Pacífico Sur,HUMAN_OBSERVATION,2a636fd6-dc73-49c0-9e5b-26bd05532313,MBIS research trawl surveys,10.15468/ti5yah,Earth Sciences New Zealand (ESNZ),NIWA,CC-BY,http://creativecommons.org/licenses/by/4.0/legalcode,251346,,si
GBIF,1427178231,"Graneledone Joubin, 1918",,-49.2392,167.7397,736.5,736,737,2002-12-08T12:30/2002-12-08T13:22,2002,New Zealand,Pacífico Sur,HUMAN_OBSERVATION,2a636fd6-dc73-49c0-9e5b-26bd05532313,MBIS research trawl surveys,10.15468/ti5yah,Earth Sciences New Zealand (ESNZ),NIWA,CC-BY,http://creativecommons.org/licenses/by/4.0/legalcode,252673,,si
GBIF,1427178619,"Graneledone Joubin, 1918",,-46.7972,167.0715,707,692,722,2002-12-11T08:10/2002-12-11T09:00,2002,New Zealand,Pacífico Sur,HUMAN_OBSERVATION,2a636fd6-dc73-49c0-9e5b-26bd05532313,MBIS research trawl surveys,10.15468/ti5yah,Earth Sciences New Zealand (ESNZ),NIWA,CC-BY,http://creativecommons.org/licenses/by/4.0/legalcode,253003,,si
GBIF,1427179966,"Graneledone Joubin, 1918",,-42.8805,178.52,741,722,760,2002-12-31T05:00/2002-12-31T05:52,2002,New Zealand,Pacífico Sur,HUMAN_OBSERVATION,2a636fd6-dc73-49c0-9e5b-26bd05532313,MBIS research trawl surveys,10.15468/ti5yah,Earth Sciences New Zealand (ESNZ),NIWA,CC-BY,http://creativecommons.org/licenses/by/4.0/legalcode,254396,,si
GBIF,4081131674,"Graneledone Joubin, 1918",,-49.239167,167.739667,736,736,736,2002-12-08,2002,New Zealand,Pacífico Sur,PRESERVED_SPECIMEN,4d0b1b2a-3209-49ce-bb93-7503e4868019,Earth Sciences New Zealand National Invertebrate Collection (NIC),10.15468/6qgswo,Earth Sciences New Zealand (ESNZ),Earth Sciences New Zealand,CC-BY,http://creativecommons.org/licenses/by/4.0/legalcode,b8047005-c8da-42c3-a3c8-01a04e3f012e,,si
GBIF,1427161153,"Graneledone Joubin, 1918",,-43.9698,175.3165,471.5,466,477,2001-01-17T14:39/2001-01-17T15:29,2001,New Zealand,Pacífico Sur,HUMAN_OBSERVATION,2a636fd6-dc73-49c0-9e5b-26bd05532313,MBIS research trawl surveys,10.15468/ti5yah,Earth Sciences New Zealand (ESNZ),NIWA,CC-BY,http://creativecommons.org/licenses/by/4.0/legalcode,235584,,si
GBIF,1427161390,"Graneledone Joubin, 1918",,-44.6185,174.8662,781.5,770,793,2001-01-19T05:25/2001-01-19T06:19,2001,New Zealand,Pacífico Sur,HUMAN_OBSERVATION,2a636fd6-dc73-49c0-9e5b-26bd05532313,MBIS research trawl surveys,10.15468/ti5yah,Earth Sciences New Zealand (ESNZ),NIWA,CC-BY,http://creativecommons.org/licenses/by/4.0/legalcode,235829,,si
GBIF,1427161651,"Graneledone Joubin, 1918",,-44.2002,173.6457,461.5,459,464,2001-01-20T11:32/2001-01-20T12:23,2001,New Zealand,Pacífico Sur,HUMAN_OBSERVATION,2a636fd6-dc73-49c0-9e5b-26bd05532313,MBIS research trawl surveys,10.15468/ti5yah,Earth Sciences New Zealand (ESNZ),NIWA,CC-BY,http://creativecommons.org/licenses/by/4.0/legalcode,236043,,si
GBIF,1427161763,"Graneledone Joubin, 1918",,-43.4447,174.0917,724,709,739,2001-01-21T05:37/2001-01-21T06:30,2001,New Zealand,Pacífico Sur,HUMAN_OBSERVATION,2a636fd6-dc73-49c0-9e5b-26bd05532313,MBIS research trawl surveys,10.15468/ti5yah,Earth Sciences New Zealand (ESNZ),NIWA,CC-BY,http://creativecommons.org/licenses/by/4.0/legalcode,236153,,si
GBIF,1427164895,"Graneledone Joubin, 1918",,-43.9293,176.4168,513,504,522,2001-01-15T11:02/2001-01-15T11:53,2001,New Zealand,Pacífico Sur,HUMAN_OBSERVATION,2a636fd6-dc73-49c0-9e5b-26bd05532313,MBIS research trawl surveys,10.15468/ti5yah,Earth Sciences New Zealand (ESNZ),NIWA,CC-BY,http://creativecommons.org/licenses/by/4.0/legalcode,239250,,si
GBIF,4081057999,"Graneledone Joubin, 1918",,-43.081,177.6268,327,327,327,2001-01-13,2001,New Zealand,Pacífico Sur,PRESERVED_SPECIMEN,4d0b1b2a-3209-49ce-bb93-7503e4868019,Earth Sciences New Zealand National Invertebrate Collection (NIC),10.15468/6qgswo,Earth Sciences New Zealand (ESNZ),Earth Sciences New Zealand,CC-BY,http://creativecommons.org/licenses/by/4.0/legalcode,c0ba7bc9-a4d8-4d55-824e-865722ae1aad,,si
GBIF,4081142004,"Graneledone Joubin, 1918",,-43.92933,176.4168,522,522,522,2001-01-15,2001,New Zealand,Pacífico Sur,PRESERVED_SPECIMEN,4d0b1b2a-3209-49ce-bb93-7503e4868019,Earth Sciences New Zealand National Invertebrate Collection (NIC),10.15468/6qgswo,Earth Sciences New Zealand (ESNZ),Earth Sciences New Zealand,CC-BY,http://creativecommons.org/licenses/by/4.0/legalcode,1766ed2b-2cb6-42c1-9635-a5bff81ada69,,si
GBIF,4081192050,"Graneledone Joubin, 1918",,-43.96983,175.3165,466,466,466,2001-01-17,2001,New Zealand,Pacífico Sur,PRESERVED_SPECIMEN,4d0b1b2a-3209-49ce-bb93-7503e4868019,Earth Sciences New Zealand National Invertebrate Collection (NIC),10.15468/6qgswo,Earth Sciences New Zealand (ESNZ),Earth Sciences New Zealand,CC-BY,http://creativecommons.org/licenses/by/4.0/legalcode,7ea5e18e-8ccd-40fa-9a59-1c4a0c46366f,,si
GBIF,4081203656,"Graneledone Joubin, 1918",,-43.44467,174.0917,709,709,709,2001-01-21,2001,New Zealand,Pacífico Sur,PRESERVED_SPECIMEN,4d0b1b2a-3209-49ce-bb93-7503e4868019,Earth Sciences New Zealand National Invertebrate Collection (NIC),10.15468/6qgswo,Earth Sciences New Zealand (ESNZ),Earth Sciences New Zealand,CC-BY,http://creativecommons.org/licenses/by/4.0/legalcode,b513d757-1182-48c6-a1b5-fb50aec69ff0,,si
GBIF,4081211318,"Graneledone Joubin, 1918",,-44.6185,174.8662,791,791,791,2001-01-19,2001,New Zealand,Pacífico Sur,PRESERVED_SPECIMEN,4d0b1b2a-3209-49ce-bb93-7503e4868019,Earth Sciences New Zealand National Invertebrate Collection (NIC),10.15468/6qgswo,Earth Sciences New Zealand (ESNZ),Earth Sciences New Zealand,CC-BY,http://creativecommons.org/licenses/by/4.0/legalcode,ed3939a7-130e-42d3-b66d-77eeda09ddbf,,si
GBIF,1898302167,"Graneledone boreopacifica Nesis, 1982",Graneledone boreopacifica,48.33245,-126.395767,1167.5,1160,1175,2001-03-09,2001,Canada,Pacífico Norte,PRESERVED_SPECIMEN,34fbcf59-d9bb-47e7-9672-99e13ea8c736,Royal BC Museum - Invertebrates Collection,10.5886/zh7n1e,Royal British Columbia Museum,RBCM,CC-BY,http://creativecommons.org/licenses/by/4.0/legalcode,a63fe08b-a064-43f6-b928-dfe804880b5e,,si
GBIF,3696585221,"Graneledone taniwha O'Shea, 1999",Graneledone taniwha,-42.78,179.99,961,880,1042,2001-04-18,2001,New Zealand,Pacífico Sur,PRESERVED_SPECIMEN,2931765e-0682-4a38-85eb-032964cc3792,SeamountsOnline,10.15468/2juyaz,United States Geological Survey,SCSD,CC-BY,http://creativecommons.org/licenses/by/4.0/legalcode,SeamountsOnline_urn:lsid:marinespecies.org:taxname:342226_63277,,si
GBIF,4081071718,"Graneledone taniwha O'Shea, 1999",Graneledone taniwha,-42.76267,-179.9882,1064,1064,1064,2001-04-16,2001,New Zealand,Pacífico Sur,PRESERVED_SPECIMEN,4d0b1b2a-3209-49ce-bb93-7503e4868019,Earth Sciences New Zealand National Invertebrate Collection (NIC),10.15468/6qgswo,Earth Sciences New Zealand (ESNZ),Earth Sciences New Zealand,CC-BY,http://creativecommons.org/licenses/by/4.0/legalcode,5f48feda-fa36-11e2-96b3-aa6f927c92a3,,si
GBIF,4081112700,"Graneledone taniwha O'Shea, 1999",Graneledone taniwha,-42.78617,-179.9853,946.5,900,993,2001-04-16,2001,New Zealand,Pacífico Sur,PRESERVED_SPECIMEN,4d0b1b2a-3209-49ce-bb93-7503e4868019,Earth Sciences New Zealand National Invertebrate Collection (NIC),10.15468/6qgswo,Earth Sciences New Zealand (ESNZ),Earth Sciences New Zealand,CC-BY,http://creativecommons.org/licenses/by/4.0/legalcode,61378b9e-fa36-11e2-96b3-aa6f927c92a3,,si
GBIF,4081115701,"Graneledone taniwha O'Shea, 1999",Graneledone taniwha,-42.78783,179.9968,1042,1042,1042,2001-04-18,2001,New Zealand,Pacífico Sur,PRESERVED_SPECIMEN,4d0b1b2a-3209-49ce-bb93-7503e4868019,Earth Sciences New Zealand National Invertebrate Collection (NIC),10.15468/6qgswo,Earth Sciences New Zealand (ESNZ),Earth Sciences New Zealand,CC-BY,http://creativecommons.org/licenses/by/4.0/legalcode,6137b934-fa36-11e2-96b3-aa6f927c92a3,,si
GBIF,4081185607,"Graneledone challengeri (S.S.Berry, 1916)",Graneledone challengeri,-34.881167,179.0695,1364,1210,1518,2001-05-21,2001,New Zealand,Pacífico Sur,PRESERVED_SPECIMEN,4d0b1b2a-3209-49ce-bb93-7503e4868019,Earth Sciences New Zealand National Invertebrate Collection (NIC),10.15468/6qgswo,Earth Sciences New Zealand (ESNZ),Earth Sciences New Zealand,CC-BY,http://creativecommons.org/licenses/by/4.0/legalcode,613783b0-fa36-11e2-96b3-aa6f927c92a3,,si
GBIF,1427165056,"Graneledone Joubin, 1918",,-39.431,178.4003,1031,950,1112,2001-07-02T21:13/2001-07-02T21:38,2001,New Zealand,Pacífico Sur,HUMAN_OBSERVATION,2a636fd6-dc73-49c0-9e5b-26bd05532313,MBIS research trawl surveys,10.15468/ti5yah,Earth Sciences New Zealand (ESNZ),NIWA,CC-BY,http://creativecommons.org/licenses/by/4.0/legalcode,239443,,si
GBIF,1427165089,"Graneledone Joubin, 1918",,-39.228,178.316,1067,1049,1085,2001-07-03T15:44/2001-07-03T15:56,2001,New Zealand,Pacífico Sur,HUMAN_OBSERVATION,2a636fd6-dc73-49c0-9e5b-26bd05532313,MBIS research trawl surveys,10.15468/ti5yah,Earth Sciences New Zealand (ESNZ),NIWA,CC-BY,http://creativecommons.org/licenses/by/4.0/legalcode,239545,,si
GBIF,1427165481,"Graneledone Joubin, 1918",,-38.9205,178.5168,1037.5,975,1100,2001-07-08T02:16/2001-07-08T02:46,2001,New Zealand,Pacífico Sur,HUMAN_OBSERVATION,2a636fd6-dc73-49c0-9e5b-26bd05532313,MBIS research trawl surveys,10.15468/ti5yah,Earth Sciences New Zealand (ESNZ),NIWA,CC-BY,http://creativecommons.org/licenses/by/4.0/legalcode,239938,,si
GBIF,1989789036,"Graneledone Joubin, 1918",,-53.97,-41.45,1300,1300,1300,2001-07-20,2001,South Georgia and the South Sandwich Islands,Atlántico Sur,PRESERVED_SPECIMEN,7e380070-f762-11e1-a439-00145eb45e9a,Natural History Museum (London) Collection Specimens,10.5519/qd.142qc9it,Natural History Museum,NHMUK,CC0,http://creativecommons.org/publicdomain/zero/1.0/legalcode,16fe9256-d207-45bd-b7ab-713fce3d2d33,,si
GBIF,1898296311,"Graneledone boreopacifica Nesis, 1982",Graneledone boreopacifica,48.368317,-126.462467,1424.5,1416,1433,2001-08-29,2001,Canada,Pacífico Norte,PRESERVED_SPECIMEN,34fbcf59-d9bb-47e7-9672-99e13ea8c736,Royal BC Museum - Invertebrates Collection,10.5886/zh7n1e,Royal British Columbia Museum,RBCM,CC-BY,http://creativecommons.org/licenses/by/4.0/legalcode,8f2119a6-37b9-4ec5-9076-ef25f4b34dc8,,si
GBIF,1898296087,"Graneledone boreopacifica Nesis, 1982",Graneledone boreopacifica,48.464117,-126.558433,1607,1574,1640,2001-09-03,2001,Canada,Pacífico Norte,PRESERVED_SPECIMEN,34fbcf59-d9bb-47e7-9672-99e13ea8c736,Royal BC Museum - Invertebrates Collection,10.5886/zh7n1e,Royal British Columbia Museum,RBCM,CC-BY,http://creativecommons.org/licenses/by/4.0/legalcode,8e4d369e-8b5c-4a04-b6e2-a4776c2a496d,,si
GBIF,1898320875,"Graneledone boreopacifica Nesis, 1982",Graneledone boreopacifica,48.526833,-126.67125,1560,1545,1575,2001-09-04,2001,Canada,Pacífico Norte,PRESERVED_SPECIMEN,34fbcf59-d9bb-47e7-9672-99e13ea8c736,Royal BC Museum - Invertebrates Collection,10.5886/zh7n1e,Royal British Columbia Museum,RBCM,CC-BY,http://creativecommons.org/licenses/by/4.0/legalcode,ef57e5d0-478f-4d35-ba6a-d23bf164c3da,,si
GBIF,2874288308,"Graneledone Joubin, 1918",,-52.92,74.73,630,630,630,2001-09-20,2001,Heard Island and McDonald Islands,Océano Índico,PRESERVED_SPECIMEN,39905320-6c8a-11de-8226-b8a03c50a862,Museums Victoria provider for OZCAM,10.15468/lp1ctu,Museums Victoria,NMV,CC0,http://creativecommons.org/publicdomain/zero/1.0/legalcode,0721651c-b29d-48f8-a896-ca28a7fb7cf9,,si
GBIF,2874294462,"Graneledone Joubin, 1918",,-52.92,74.57,620,620,620,2001-09-19,2001,Heard Island and McDonald Islands,Océano Índico,PRESERVED_SPECIMEN,39905320-6c8a-11de-8226-b8a03c50a862,Museums Victoria provider for OZCAM,10.15468/lp1ctu,Museums Victoria,NMV,CC0,http://creativecommons.org/publicdomain/zero/1.0/legalcode,80643c36-04a4-42ca-85cf-0ac946d42b13,,si
GBIF,3344699312,"Graneledone Joubin, 1918",,-52.917,74.733002,630,630,630,2001-09-20,2001,Heard Island and McDonald Islands,Océano Índico,PRESERVED_SPECIMEN,968dfa3e-3614-4bab-a3b5-e9209bdd6078,Ocean Genome Legacy Collection,10.15468/jzgqtc,United States Geological Survey,OGL,CC-BY,http://creativecommons.org/licenses/by/4.0/legalcode,OGL_MSC_NortheasternUniversity_S08034,,si
GBIF,1426926477,"Graneledone Joubin, 1918",,-44.6098,-177.3362,879,863,895,2001-10-21T21:31/2001-10-21T22:48,2001,New Zealand,Pacífico Sur,HUMAN_OBSERVATION,2a636fd6-dc73-49c0-9e5b-26bd05532313,MBIS research trawl surveys,10.15468/ti5yah,Earth Sciences New Zealand (ESNZ),NIWA,CC-BY,http://creativecommons.org/licenses/by/4.0/legalcode,878,,si
GBIF,1426926823,"Graneledone Joubin, 1918",,-44.7408,-176.5597,894,795,993,2001-10-25T11:39/2001-10-25T11:48,2001,New Zealand,Pacífico Sur,HUMAN_OBSERVATION,2a636fd6-dc73-49c0-9e5b-26bd05532313,MBIS research trawl surveys,10.15468/ti5yah,Earth Sciences New Zealand (ESNZ),NIWA,CC-BY,http://creativecommons.org/licenses/by/4.0/legalcode,1230,,si
GBIF,1426927180,"Graneledone Joubin, 1918",,-44.6443,-175.1747,1107,1100,1114,2001-10-28T02:46/2001-10-28T02:48,2001,New Zealand,Pacífico Sur,HUMAN_OBSERVATION,2a636fd6-dc73-49c0-9e5b-26bd05532313,MBIS research trawl surveys,10.15468/ti5yah,Earth Sciences New Zealand (ESNZ),NIWA,CC-BY,http://creativecommons.org/licenses/by/4.0/legalcode,1610,,si
GBIF,1426927190,"Graneledone Joubin, 1918",,-44.6445,-175.1743,1060.5,994,1127,2001-10-27T23:28/2001-10-27T23:32,2001,New Zealand,Pacífico Sur,HUMAN_OBSERVATION,2a636fd6-dc73-49c0-9e5b-26bd05532313,MBIS research trawl surveys,10.15468/ti5yah,Earth Sciences New Zealand (ESNZ),NIWA,CC-BY,http://creativecommons.org/licenses/by/4.0/legalcode,1585,,si
GBIF,1426927200,"Graneledone Joubin, 1918",,-44.7683,-176.553,1079,1009,1149,2001-10-29T02:20/2001-10-29T02:27,2001,New Zealand,Pacífico Sur,HUMAN_OBSERVATION,2a636fd6-dc73-49c0-9e5b-26bd05532313,MBIS research trawl surveys,10.15468/ti5yah,Earth Sciences New Zealand (ESNZ),NIWA,CC-BY,http://creativecommons.org/licenses/by/4.0/legalcode,1643,,si
GBIF,1426927264,"Graneledone Joubin, 1918",,-44.605,-177.8792,1025.5,989,1062,2001-10-19T09:49/2001-10-19T10:07,2001,New Zealand,Pacífico Sur,HUMAN_OBSERVATION,2a636fd6-dc73-49c0-9e5b-26bd05532313,MBIS research trawl surveys,10.15468/ti5yah,Earth Sciences New Zealand (ESNZ),NIWA,CC-BY,http://creativecommons.org/licenses/by/4.0/legalcode,1700,,si
GBIF,1426927338,"Graneledone Joubin, 1918",,-44.6888,-177.3698,1052,1050,1054,2001-10-30T06:06/2001-10-30T07:12,2001,New Zealand,Pacífico Sur,HUMAN_OBSERVATION,2a636fd6-dc73-49c0-9e5b-26bd05532313,MBIS research trawl surveys,10.15468/ti5yah,Earth Sciences New Zealand (ESNZ),NIWA,CC-BY,http://creativecommons.org/licenses/by/4.0/legalcode,1749,,si
GBIF,4081105461,"Graneledone challengeri (S.S.Berry, 1916)",Graneledone challengeri,-44.338333,178.527833,1208,1208,1208,2001-10-08,2001,New Zealand,Pacífico Sur,PRESERVED_SPECIMEN,4d0b1b2a-3209-49ce-bb93-7503e4868019,Earth Sciences New Zealand National Invertebrate Collection (NIC),10.15468/6qgswo,Earth Sciences New Zealand (ESNZ),Earth Sciences New Zealand,CC-BY,http://creativecommons.org/licenses/by/4.0/legalcode,613826b2-fa36-11e2-96b3-aa6f927c92a3,,si
GBIF,4081105462,"Graneledone taniwha O'Shea, 1999",Graneledone taniwha,-42.8115,178.545667,1012,1012,1012,2001-10-04,2001,New Zealand,Pacífico Sur,PRESERVED_SPECIMEN,4d0b1b2a-3209-49ce-bb93-7503e4868019,Earth Sciences New Zealand National Invertebrate Collection (NIC),10.15468/6qgswo,Earth Sciences New Zealand (ESNZ),Earth Sciences New Zealand,CC-BY,http://creativecommons.org/licenses/by/4.0/legalcode,61384d7c-fa36-11e2-96b3-aa6f927c92a3,,si
GBIF,1426925665,"Graneledone Joubin, 1918",,-44.4633,-179.3917,978,871,1085,2001-11-05T13:51/2001-11-05T14:32,2001,New Zealand,Pacífico Sur,HUMAN_OBSERVATION,2a636fd6-dc73-49c0-9e5b-26bd05532313,MBIS research trawl surveys,10.15468/ti5yah,Earth Sciences New Zealand (ESNZ),NIWA,CC-BY,http://creativecommons.org/licenses/by/4.0/legalcode,81,,si
GBIF,1426925760,"Graneledone Joubin, 1918",,-44.2962,179.3918,995.5,986,1005,2001-11-06T09:05/2001-11-06T09:23,2001,New Zealand,Pacífico Sur,HUMAN_OBSERVATION,2a636fd6-dc73-49c0-9e5b-26bd05532313,MBIS research trawl surveys,10.15468/ti5yah,Earth Sciences New Zealand (ESNZ),NIWA,CC-BY,http://creativecommons.org/licenses/by/4.0/legalcode,202,,si
GBIF,1426925901,"Graneledone Joubin, 1918",,-44.2975,179.3952,984,980,988,2001-11-07T07:05/2001-11-07T07:15,2001,New Zealand,Pacífico Sur,HUMAN_OBSERVATION,2a636fd6-dc73-49c0-9e5b-26bd05532313,MBIS research trawl surveys,10.15468/ti5yah,Earth Sciences New Zealand (ESNZ),NIWA,CC-BY,http://creativecommons.org/licenses/by/4.0/legalcode,314,,si
GBIF,1426926004,"Graneledone Joubin, 1918",,-44.2728,178.9005,606,106,1106,2001-11-08T06:30/2001-11-08T07:03,2001,New Zealand,Pacífico Sur,HUMAN_OBSERVATION,2a636fd6-dc73-49c0-9e5b-26bd05532313,MBIS research trawl surveys,10.15468/ti5yah,Earth Sciences New Zealand (ESNZ),NIWA,CC-BY,http://creativecommons.org/licenses/by/4.0/legalcode,420,,si
GBIF,1426926191,"Graneledone Joubin, 1918",,-44.0917,178.476,890,885,895,2001-11-09T13:26/2001-11-09T13:39,2001,New Zealand,Pacífico Sur,HUMAN_OBSERVATION,2a636fd6-dc73-49c0-9e5b-26bd05532313,MBIS research trawl surveys,10.15468/ti5yah,Earth Sciences New Zealand (ESNZ),NIWA,CC-BY,http://creativecommons.org/licenses/by/4.0/legalcode,606,,si
GBIF,1426926278,"Graneledone Joubin, 1918",,-44.0073,178.3687,775.5,764,787,2001-11-10T05:16/2001-11-10T06:16,2001,New Zealand,Pacífico Sur,HUMAN_OBSERVATION,2a636fd6-dc73-49c0-9e5b-26bd05532313,MBIS research trawl surveys,10.15468/ti5yah,Earth Sciences New Zealand (ESNZ),NIWA,CC-BY,http://creativecommons.org/licenses/by/4.0/legalcode,700,,si
GBIF,1426927494,"Graneledone Joubin, 1918",,-44.5628,-177.902,948,933,963,2001-11-02T16:01/2001-11-02T16:28,2001,New Zealand,Pacífico Sur,HUMAN_OBSERVATION,2a636fd6-dc73-49c0-9e5b-26bd05532313,MBIS research trawl surveys,10.15468/ti5yah,Earth Sciences New Zealand (ESNZ),NIWA,CC-BY,http://creativecommons.org/licenses/by/4.0/legalcode,1927,,si
GBIF,1426927497,"Graneledone Joubin, 1918",,-44.6272,-177.5387,959.5,927,992,2001-11-02T06:00/2001-11-02T06:19,2001,New Zealand,Pacífico Sur,HUMAN_OBSERVATION,2a636fd6-dc73-49c0-9e5b-26bd05532313,MBIS research trawl surveys,10.15468/ti5yah,Earth Sciences New Zealand (ESNZ),NIWA,CC-BY,http://creativecommons.org/licenses/by/4.0/legalcode,1876,,si
GBIF,1426927635,"Graneledone Joubin, 1918",,-44.485,-178.4442,965.5,954,977,2001-11-03T13:50/2001-11-03T14:12,2001,New Zealand,Pacífico Sur,HUMAN_OBSERVATION,2a636fd6-dc73-49c0-9e5b-26bd05532313,MBIS research trawl surveys,10.15468/ti5yah,Earth Sciences New Zealand (ESNZ),NIWA,CC-BY,http://creativecommons.org/licenses/by/4.0/legalcode,2038,,si
GBIF,1426927717,"Graneledone Joubin, 1918",,-44.4305,-178.5413,869,858,880,2001-11-04T06:50/2001-11-04T07:12,2001,New Zealand,Pacífico Sur,HUMAN_OBSERVATION,2a636fd6-dc73-49c0-9e5b-26bd05532313,MBIS research trawl surveys,10.15468/ti5yah,Earth Sciences New Zealand (ESNZ),NIWA,CC-BY,http://creativecommons.org/licenses/by/4.0/legalcode,2124,,si
GBIF,1427166542,"Graneledone Joubin, 1918",,-48.5807,170.9455,906.5,902,911,2001-11-21T07:33/2001-11-21T08:26,2001,New Zealand,Pacífico Sur,HUMAN_OBSERVATION,2a636fd6-dc73-49c0-9e5b-26bd05532313,MBIS research trawl surveys,10.15468/ti5yah,Earth Sciences New Zealand (ESNZ),NIWA,CC-BY,http://creativecommons.org/licenses/by/4.0/legalcode,240983,,si
GBIF,1427167601,"Graneledone Joubin, 1918",,-51.9242,167.5595,776,768,784,2001-11-30T13:29/2001-11-30T14:18,2001,New Zealand,Pacífico Sur,HUMAN_OBSERVATION,2a636fd6-dc73-49c0-9e5b-26bd05532313,MBIS research trawl surveys,10.15468/ti5yah,Earth Sciences New Zealand (ESNZ),NIWA,CC-BY,http://creativecommons.org/licenses/by/4.0/legalcode,241975,,si
GBIF,1427166601,"Graneledone Joubin, 1918",,-49.0845,169.328,859,848,870,2001-12-14T04:56/2001-12-14T05:48,2001,New Zealand,Pacífico Sur,HUMAN_OBSERVATION,2a636fd6-dc73-49c0-9e5b-26bd05532313,MBIS research trawl surveys,10.15468/ti5yah,Earth Sciences New Zealand (ESNZ),NIWA,CC-BY,http://creativecommons.org/licenses/by/4.0/legalcode,241039,,si
GBIF,1427166636,"Graneledone Joubin, 1918",,-48.9418,169.5408,812.5,810,815,2001-12-14T07:29/2001-12-14T08:21,2001,New Zealand,Pacífico Sur,HUMAN_OBSERVATION,2a636fd6-dc73-49c0-9e5b-26bd05532313,MBIS research trawl surveys,10.15468/ti5yah,Earth Sciences New Zealand (ESNZ),NIWA,CC-BY,http://creativecommons.org/licenses/by/4.0/legalcode,241073,,si
GBIF,1427167767,"Graneledone Joubin, 1918",,-50.337,168.0725,459.5,453,466,2001-12-02T19:02/2001-12-02T19:53,2001,New Zealand,Pacífico Sur,HUMAN_OBSERVATION,2a636fd6-dc73-49c0-9e5b-26bd05532313,MBIS research trawl surveys,10.15468/ti5yah,Earth Sciences New Zealand (ESNZ),NIWA,CC-BY,http://creativecommons.org/licenses/by/4.0/legalcode,242160,,si
GBIF,1427168000,"Graneledone Joubin, 1918",,-49.3718,167.7738,691.5,681,702,2001-12-05T12:28/2001-12-05T13:18,2001,New Zealand,Pacífico Sur,HUMAN_OBSERVATION,2a636fd6-dc73-49c0-9e5b-26bd05532313,MBIS research trawl surveys,10.15468/ti5yah,Earth Sciences New Zealand (ESNZ),NIWA,CC-BY,http://creativecommons.org/licenses/by/4.0/legalcode,242399,,si
GBIF,1427168020,"Graneledone Joubin, 1918",,-49.3443,168.3695,696,692,700,2001-12-05T19:00/2001-12-05T19:51,2001,New Zealand,Pacífico Sur,HUMAN_OBSERVATION,2a636fd6-dc73-49c0-9e5b-26bd05532313,MBIS research trawl surveys,10.15468/ti5yah,Earth Sciences New Zealand (ESNZ),NIWA,CC-BY,http://creativecommons.org/licenses/by/4.0/legalcode,242460,,si
GBIF,1427168771,"Graneledone Joubin, 1918",,-46.796,166.9533,814,807,821,2001-12-10T16:20/2001-12-10T17:14,2001,New Zealand,Pacífico Sur,HUMAN_OBSERVATION,2a636fd6-dc73-49c0-9e5b-26bd05532313,MBIS research trawl surveys,10.15468/ti5yah,Earth Sciences New Zealand (ESNZ),NIWA,CC-BY,http://creativecommons.org/licenses/by/4.0/legalcode,243169,,si
GBIF,1427169010,"Graneledone Joubin, 1918",,-48.7025,167.9952,672.5,667,678,2001-12-13T11:39/2001-12-13T12:28,2001,New Zealand,Pacífico Sur,HUMAN_OBSERVATION,2a636fd6-dc73-49c0-9e5b-26bd05532313,MBIS research trawl surveys,10.15468/ti5yah,Earth Sciences New Zealand (ESNZ),NIWA,CC-BY,http://creativecommons.org/licenses/by/4.0/legalcode,243418,,si
GBIF,1427169051,"Graneledone Joubin, 1918",,-48.9357,168.113,679.5,679,680,2001-12-13T14:16/2001-12-13T15:05,2001,New Zealand,Pacífico Sur,HUMAN_OBSERVATION,2a636fd6-dc73-49c0-9e5b-26bd05532313,MBIS research trawl surveys,10.15468/ti5yah,Earth Sciences New Zealand (ESNZ),NIWA,CC-BY,http://creativecommons.org/licenses/by/4.0/legalcode,243445,,si
GBIF,1427169072,"Graneledone Joubin, 1918",,-48.8388,168.749,635,630,640,2001-12-13T17:54/2001-12-13T18:48,2001,New Zealand,Pacífico Sur,HUMAN_OBSERVATION,2a636fd6-dc73-49c0-9e5b-26bd05532313,MBIS research trawl surveys,10.15468/ti5yah,Earth Sciences New Zealand (ESNZ),NIWA,CC-BY,http://creativecommons.org/licenses/by/4.0/legalcode,243470,,si
GBIF,1427151486,"Graneledone Joubin, 1918",,-44.2558,174.0523,618,607,629,2000-01-16T18:11/2000-01-16T19:05,2000,New Zealand,Pacífico Sur,HUMAN_OBSERVATION,2a636fd6-dc73-49c0-9e5b-26bd05532313,MBIS research trawl surveys,10.15468/ti5yah,Earth Sciences New Zealand (ESNZ),NIWA,CC-BY,http://creativecommons.org/licenses/by/4.0/legalcode,225910,,si
GBIF,4081108721,"Graneledone challengeri (S.S.Berry, 1916)",Graneledone challengeri,-44.8,173.3,1090,1090,1090,2000-01-20,2000,New Zealand,Pacífico Sur,PRESERVED_SPECIMEN,4d0b1b2a-3209-49ce-bb93-7503e4868019,Earth Sciences New Zealand National Invertebrate Collection (NIC),10.15468/6qgswo,Earth Sciences New Zealand (ESNZ),Earth Sciences New Zealand,CC-BY,http://creativecommons.org/licenses/by/4.0/legalcode,61381802-fa36-11e2-96b3-aa6f927c92a3,,si
GBIF,4081112703,"Graneledone taniwha O'Shea, 1999",Graneledone taniwha,-44.8,173.4,1032,1032,1032,2000-01-19,2000,New Zealand,Pacífico Sur,PRESERVED_SPECIMEN,4d0b1b2a-3209-49ce-bb93-7503e4868019,Earth Sciences New Zealand National Invertebrate Collection (NIC),10.15468/6qgswo,Earth Sciences New Zealand (ESNZ),Earth Sciences New Zealand,CC-BY,http://creativecommons.org/licenses/by/4.0/legalcode,6137a296-fa36-11e2-96b3-aa6f927c92a3,,si
GBIF,2993027571,"Graneledone Joubin, 1918",,-52.8467,74.7333,485.5,335,636,2000-05-11,2000,Heard Island and McDonald Islands,Océano Índico,PRESERVED_SPECIMEN,39905320-6c8a-11de-8226-b8a03c50a862,Museums Victoria provider for OZCAM,10.15468/lp1ctu,Museums Victoria,NMV,CC0,http://creativecommons.org/publicdomain/zero/1.0/legalcode,a9466cac-901b-4b32-adcc-4f793886ac22,,si
GBIF,1320002568,"Graneledone verrucosa (A.E.Verrill, 1881)",Graneledone verrucosa,29.346,-87.0375,670,645,695,2000-06-12,2000,United States of America,Atlántico Norte,PRESERVED_SPECIMEN,821cc27a-e3bb-4bc5-ac34-89ada245069d,NMNH Extant Biology,10.15468/hnhrg3,"National Museum of Natural History, Smithsonian Institution",USNM,CC0,http://creativecommons.org/publicdomain/zero/1.0/legalcode,http://n2t.net/ark:/65665/37bdd63cb-8505-4051-8e61-4dcb8b9ce10b,,si
GBIF,1427146493,"Graneledone Joubin, 1918",,-44.1738,-174.3903,965.5,887,1044,2000-07-11T18:22/2000-07-11T18:28,2000,New Zealand,Pacífico Sur,HUMAN_OBSERVATION,2a636fd6-dc73-49c0-9e5b-26bd05532313,MBIS research trawl surveys,10.15468/ti5yah,Earth Sciences New Zealand (ESNZ),NIWA,CC-BY,http://creativecommons.org/licenses/by/4.0/legalcode,220870,,si
GBIF,1427146883,"Graneledone Joubin, 1918",,-43.8418,-174.2892,902,820,984,2000-07-18T14:19/2000-07-18T14:24,2000,New Zealand,Pacífico Sur,HUMAN_OBSERVATION,2a636fd6-dc73-49c0-9e5b-26bd05532313,MBIS research trawl surveys,10.15468/ti5yah,Earth Sciences New Zealand (ESNZ),NIWA,CC-BY,http://creativecommons.org/licenses/by/4.0/legalcode,221312,,si
GBIF,1427147050,"Graneledone Joubin, 1918",,-44.2043,-174.4827,961,822,1100,2000-07-11T11:28/2000-07-11T11:40,2000,New Zealand,Pacífico Sur,HUMAN_OBSERVATION,2a636fd6-dc73-49c0-9e5b-26bd05532313,MBIS research trawl surveys,10.15468/ti5yah,Earth Sciences New Zealand (ESNZ),NIWA,CC-BY,http://creativecommons.org/licenses/by/4.0/legalcode,221471,,si
GBIF,1427156497,"Graneledone Joubin, 1918",,-41.2758,170.4682,648.5,642,655,2000-07-04T02:17/2000-07-04T03:05,2000,New Zealand,Pacífico Sur,HUMAN_OBSERVATION,2a636fd6-dc73-49c0-9e5b-26bd05532313,MBIS research trawl surveys,10.15468/ti5yah,Earth Sciences New Zealand (ESNZ),NIWA,CC-BY,http://creativecommons.org/licenses/by/4.0/legalcode,230917,,si
GBIF,2538009909,"Graneledone verrucosa (A.E.Verrill, 1881)",Graneledone verrucosa,57.54997,-5.556331,,,,2000-08-19,2000,United Kingdom of Great Britain and Northern Ireland,Atlántico Norte,HUMAN_OBSERVATION,990e845f-836b-4467-bc5f-46c8495259ec,Seasearch Marine Surveys in Scotland,10.15468/0hyjxi,Seasearch,,CC-BY,http://creativecommons.org/licenses/by/4.0/legalcode,0702f934-f2f5-4428-b6b4-c24bfb7ad3e9,sin_profundidad,si
GBIF,4081075018,"Graneledone taniwha O'Shea, 1999",Graneledone taniwha,-46.7,170.6,960.5,850,1071,2000-09-08,2000,New Zealand,Pacífico Sur,PRESERVED_SPECIMEN,4d0b1b2a-3209-49ce-bb93-7503e4868019,Earth Sciences New Zealand National Invertebrate Collection (NIC),10.15468/6qgswo,Earth Sciences New Zealand (ESNZ),Earth Sciences New Zealand,CC-BY,http://creativecommons.org/licenses/by/4.0/legalcode,35d4af44-8d9f-11eb-bd85-005056856f6a,,si
GBIF,1427158193,"Graneledone Joubin, 1918",,-44.0857,178.5488,986.5,980,993,2000-10-27T21:09/2000-10-27T21:19,2000,New Zealand,Pacífico Sur,HUMAN_OBSERVATION,2a636fd6-dc73-49c0-9e5b-26bd05532313,MBIS research trawl surveys,10.15468/ti5yah,Earth Sciences New Zealand (ESNZ),NIWA,CC-BY,http://creativecommons.org/licenses/by/4.0/legalcode,232583,,si
GBIF,1427158654,"Graneledone Joubin, 1918",,-44.2322,178.9442,1005.5,993,1018,2000-10-24T22:30/2000-10-24T22:45,2000,New Zealand,Pacífico Sur,HUMAN_OBSERVATION,2a636fd6-dc73-49c0-9e5b-26bd05532313,MBIS research trawl surveys,10.15468/ti5yah,Earth Sciences New Zealand (ESNZ),NIWA,CC-BY,http://creativecommons.org/licenses/by/4.0/legalcode,233086,,si
GBIF,1427158995,"Graneledone Joubin, 1918",,-50.9817,173.6503,669,652,686,2000-11-29T11:37/2000-11-29T12:28,2000,New Zealand,Pacífico Sur,HUMAN_OBSERVATION,2a636fd6-dc73-49c0-9e5b-26bd05532313,MBIS research trawl surveys,10.15468/ti5yah,Earth Sciences New Zealand (ESNZ),NIWA,CC-BY,http://creativecommons.org/licenses/by/4.0/legalcode,233404,,si
GBIF,1319337736,"Graneledone verrucosa (A.E.Verrill, 1881)",Graneledone verrucosa,39.9615,-67.4668,,,,2000-12-03,2000,United States of America,Atlántico Norte,PRESERVED_SPECIMEN,821cc27a-e3bb-4bc5-ac34-89ada245069d,NMNH Extant Biology,10.15468/hnhrg3,"National Museum of Natural History, Smithsonian Institution",USNM,CC0,http://creativecommons.org/publicdomain/zero/1.0/legalcode,http://n2t.net/ark:/65665/35e786839-61f3-4c53-8043-fc839a1c2df0,sin_profundidad,si
GBIF,1320018906,"Graneledone verrucosa (A.E.Verrill, 1881)",Graneledone verrucosa,39.92,-67.4,1158.5,1117,1200,2000-12-06,2000,United States of America,Atlántico Norte,PRESERVED_SPECIMEN,821cc27a-e3bb-4bc5-ac34-89ada245069d,NMNH Extant Biology,10.15468/hnhrg3,"National Museum of Natural History, Smithsonian Institution",USNM,CC0,http://creativecommons.org/publicdomain/zero/1.0/legalcode,http://n2t.net/ark:/65665/37c93b419-7ba5-4124-96d8-7dd38956d055,,si
GBIF,1427158847,"Graneledone Joubin, 1918",,-49.1153,167.7728,661,657,665,2000-12-20T08:03/2000-12-20T08:52,2000,New Zealand,Pacífico Sur,HUMAN_OBSERVATION,2a636fd6-dc73-49c0-9e5b-26bd05532313,MBIS research trawl surveys,10.15468/ti5yah,Earth Sciences New Zealand (ESNZ),NIWA,CC-BY,http://creativecommons.org/licenses/by/4.0/legalcode,233270,,si
GBIF,1427159707,"Graneledone Joubin, 1918",,-49.4798,167.3903,643.5,636,651,2000-12-06T11:23/2000-12-06T12:05,2000,New Zealand,Pacífico Sur,HUMAN_OBSERVATION,2a636fd6-dc73-49c0-9e5b-26bd05532313,MBIS research trawl surveys,10.15468/ti5yah,Earth Sciences New Zealand (ESNZ),NIWA,CC-BY,http://creativecommons.org/licenses/by/4.0/legalcode,234134,,si
GBIF,1427159825,"Graneledone Joubin, 1918",,-49.6705,168.1413,640.5,639,642,2000-12-07T16:29/2000-12-07T17:11,2000,New Zealand,Pacífico Sur,HUMAN_OBSERVATION,2a636fd6-dc73-49c0-9e5b-26bd05532313,MBIS research trawl surveys,10.15468/ti5yah,Earth Sciences New Zealand (ESNZ),NIWA,CC-BY,http://creativecommons.org/licenses/by/4.0/legalcode,234222,,si
GBIF,1427159826,"Graneledone Joubin, 1918",,-49.5598,168.0188,670,667,673,2000-12-07T10:40/2000-12-07T11:31,2000,New Zealand,Pacífico Sur,HUMAN_OBSERVATION,2a636fd6-dc73-49c0-9e5b-26bd05532313,MBIS research trawl surveys,10.15468/ti5yah,Earth Sciences New Zealand (ESNZ),NIWA,CC-BY,http://creativecommons.org/licenses/by/4.0/legalcode,234199,,si
GBIF,1427160411,"Graneledone Joubin, 1918",,-46.7702,170.4353,931.5,924,939,2000-12-14T08:51/2000-12-14T09:41,2000,New Zealand,Pacífico Sur,HUMAN_OBSERVATION,2a636fd6-dc73-49c0-9e5b-26bd05532313,MBIS research trawl surveys,10.15468/ti5yah,Earth Sciences New Zealand (ESNZ),NIWA,CC-BY,http://creativecommons.org/licenses/by/4.0/legalcode,234847,,si
GBIF,1427160477,"Graneledone Joubin, 1918",,-47.1553,170.1457,945,936,954,2000-12-14T12:34/2000-12-14T13:25,2000,New Zealand,Pacífico Sur,HUMAN_OBSERVATION,2a636fd6-dc73-49c0-9e5b-26bd05532313,MBIS research trawl surveys,10.15468/ti5yah,Earth Sciences New Zealand (ESNZ),NIWA,CC-BY,http://creativecommons.org/licenses/by/4.0/legalcode,234881,,si
GBIF,1427160526,"Graneledone Joubin, 1918",,-47.0235,169.6217,461,438,484,2000-12-14T17:53/2000-12-14T18:35,2000,New Zealand,Pacífico Sur,HUMAN_OBSERVATION,2a636fd6-dc73-49c0-9e5b-26bd05532313,MBIS research trawl surveys,10.15468/ti5yah,Earth Sciences New Zealand (ESNZ),NIWA,CC-BY,http://creativecommons.org/licenses/by/4.0/legalcode,234932,,si
GBIF,1427160568,"Graneledone Joubin, 1918",,-47.955,169.9305,909.5,909,910,2000-12-15T09:54/2000-12-15T10:46,2000,New Zealand,Pacífico Sur,HUMAN_OBSERVATION,2a636fd6-dc73-49c0-9e5b-26bd05532313,MBIS research trawl surveys,10.15468/ti5yah,Earth Sciences New Zealand (ESNZ),NIWA,CC-BY,http://creativecommons.org/licenses/by/4.0/legalcode,234979,,si
GBIF,1427160610,"Graneledone Joubin, 1918",,-48.306,170.1005,895.5,892,899,2000-12-15T13:07/2000-12-15T13:58,2000,New Zealand,Pacífico Sur,HUMAN_OBSERVATION,2a636fd6-dc73-49c0-9e5b-26bd05532313,MBIS research trawl surveys,10.15468/ti5yah,Earth Sciences New Zealand (ESNZ),NIWA,CC-BY,http://creativecommons.org/licenses/by/4.0/legalcode,235037,,si
GBIF,1427160644,"Graneledone Joubin, 1918",,-48.6487,170.6743,870,865,875,2000-12-15T17:06/2000-12-15T17:56,2000,New Zealand,Pacífico Sur,HUMAN_OBSERVATION,2a636fd6-dc73-49c0-9e5b-26bd05532313,MBIS research trawl surveys,10.15468/ti5yah,Earth Sciences New Zealand (ESNZ),NIWA,CC-BY,http://creativecommons.org/licenses/by/4.0/legalcode,235072,,si
GBIF,1427160909,"Graneledone Joubin, 1918",,-48.833,169.0128,649.5,634,665,2000-12-17T16:11/2000-12-17T17:00,2000,New Zealand,Pacífico Sur,HUMAN_OBSERVATION,2a636fd6-dc73-49c0-9e5b-26bd05532313,MBIS research trawl surveys,10.15468/ti5yah,Earth Sciences New Zealand (ESNZ),NIWA,CC-BY,http://creativecommons.org/licenses/by/4.0/legalcode,235337,,si
GBIF,4081059617,"Graneledone Joubin, 1918",,-47.15533,170.1457,954,954,954,2000-12-14,2000,New Zealand,Pacífico Sur,PRESERVED_SPECIMEN,4d0b1b2a-3209-49ce-bb93-7503e4868019,Earth Sciences New Zealand National Invertebrate Collection (NIC),10.15468/6qgswo,Earth Sciences New Zealand (ESNZ),Earth Sciences New Zealand,CC-BY,http://creativecommons.org/licenses/by/4.0/legalcode,0a3babc4-ea7a-423b-9558-72167de20e7c,,si
GBIF,4081061098,"Graneledone challengeri (S.S.Berry, 1916)",Graneledone challengeri,-42.7,176.9,,,,2000-12-01,2000,New Zealand,Pacífico Sur,PRESERVED_SPECIMEN,4d0b1b2a-3209-49ce-bb93-7503e4868019,Earth Sciences New Zealand National Invertebrate Collection (NIC),10.15468/6qgswo,Earth Sciences New Zealand (ESNZ),Earth Sciences New Zealand,CC-BY,http://creativecommons.org/licenses/by/4.0/legalcode,c75f3cbc-d050-4000-a983-b64d0cf04e97,sin_profundidad,si
GBIF,4081064651,"Graneledone Joubin, 1918",,-47.955,169.9305,910,910,910,2000-12-15,2000,New Zealand,Pacífico Sur,PRESERVED_SPECIMEN,4d0b1b2a-3209-49ce-bb93-7503e4868019,Earth Sciences New Zealand National Invertebrate Collection (NIC),10.15468/6qgswo,Earth Sciences New Zealand (ESNZ),Earth Sciences New Zealand,CC-BY,http://creativecommons.org/licenses/by/4.0/legalcode,0c742f08-9a44-4005-a68f-41630b706dcd,,si
GBIF,4081073512,"Graneledone Joubin, 1918",,-49.47983,167.3903,651,651,651,2000-12-06,2000,New Zealand,Pacífico Sur,PRESERVED_SPECIMEN,4d0b1b2a-3209-49ce-bb93-7503e4868019,Earth Sciences New Zealand National Invertebrate Collection (NIC),10.15468/6qgswo,Earth Sciences New Zealand (ESNZ),Earth Sciences New Zealand,CC-BY,http://creativecommons.org/licenses/by/4.0/legalcode,d50136ac-7bf9-406f-b7bd-d078ded70e51,,si
GBIF,4081165312,"Graneledone Joubin, 1918",,-46.77017,170.4353,927,927,927,2000-12-14,2000,New Zealand,Pacífico Sur,PRESERVED_SPECIMEN,4d0b1b2a-3209-49ce-bb93-7503e4868019,Earth Sciences New Zealand National Invertebrate Collection (NIC),10.15468/6qgswo,Earth Sciences New Zealand (ESNZ),Earth Sciences New Zealand,CC-BY,http://creativecommons.org/licenses/by/4.0/legalcode,ea3c8502-424a-4cb4-9815-895c9cb5d68b,,si
GBIF,1427310409,"Graneledone Joubin, 1918",,-44.6778,173.0435,732.5,725,740,1999-01-18T05:41/1999-01-18T06:22,1999,New Zealand,Pacífico Sur,HUMAN_OBSERVATION,2a636fd6-dc73-49c0-9e5b-26bd05532313,MBIS research trawl surveys,10.15468/ti5yah,Earth Sciences New Zealand (ESNZ),NIWA,CC-BY,http://creativecommons.org/licenses/by/4.0/legalcode,384825,,si
GBIF,1427310440,"Graneledone Joubin, 1918",,-44.5975,172.875,425,401,449,1999-01-18T08:09/1999-01-18T08:54,1999,New Zealand,Pacífico Sur,HUMAN_OBSERVATION,2a636fd6-dc73-49c0-9e5b-26bd05532313,MBIS research trawl surveys,10.15468/ti5yah,Earth Sciences New Zealand (ESNZ),NIWA,CC-BY,http://creativecommons.org/licenses/by/4.0/legalcode,384849,,si
GBIF,6045778882,"Graneledone Joubin, 1918",,-44.1433,175.11,546.5,510,583,1999-01-07,1999,New Zealand,Pacífico Sur,PRESERVED_SPECIMEN,ff2ed94e-45ee-4dde-8e1f-0a4798f61a12,Mollusc collection at Museum of New Zealand Te Papa Tongarewa,10.15468/msce6x,Museum of New Zealand Te Papa Tongarewa,NMNZ,CC-BY,http://creativecommons.org/licenses/by/4.0/legalcode,tepapa:collection/object/743189,,si
GBIF,3311074314,"Graneledone verrucosa (A.E.Verrill, 1881)",Graneledone verrucosa,39.88,-70.58,710,588,832,1999-02-03,1999,United States of America,Atlántico Norte,PRESERVED_SPECIMEN,821cc27a-e3bb-4bc5-ac34-89ada245069d,NMNH Extant Biology,10.15468/hnhrg3,"National Museum of Natural History, Smithsonian Institution",USNM,CC0,http://creativecommons.org/publicdomain/zero/1.0/legalcode,http://n2t.net/ark:/65665/31ad75ab5-70ca-4a24-8bd0-7c163d8fd889,,si
GBIF,2874274516,"Graneledone Joubin, 1918",,-52.43,72.0467,235,235,235,1999-03-29,1999,Heard Island and McDonald Islands,Océano Índico,PRESERVED_SPECIMEN,39905320-6c8a-11de-8226-b8a03c50a862,Museums Victoria provider for OZCAM,10.15468/lp1ctu,Museums Victoria,NMV,CC0,http://creativecommons.org/publicdomain/zero/1.0/legalcode,9dd3f12d-4c29-4e44-ae92-00c8e9abace7,profundidad_<300m_revisar,si
GBIF,6045742823,"Graneledone challengeri (S.S.Berry, 1916)",Graneledone challengeri,-34.7267,171.677,1133,997,1269,1999-03-28,1999,New Zealand,Pacífico Sur,PRESERVED_SPECIMEN,ff2ed94e-45ee-4dde-8e1f-0a4798f61a12,Mollusc collection at Museum of New Zealand Te Papa Tongarewa,10.15468/msce6x,Museum of New Zealand Te Papa Tongarewa,NMNZ,CC-BY,http://creativecommons.org/licenses/by/4.0/legalcode,tepapa:collection/object/743206,,si
GBIF,6045662280,"Graneledone Joubin, 1918",,-44.5917,-175.77,924.5,878,971,1999-04-06,1999,New Zealand,Pacífico Sur,PRESERVED_SPECIMEN,ff2ed94e-45ee-4dde-8e1f-0a4798f61a12,Mollusc collection at Museum of New Zealand Te Papa Tongarewa,10.15468/msce6x,Museum of New Zealand Te Papa Tongarewa,NMNZ,CC-BY,http://creativecommons.org/licenses/by/4.0/legalcode,tepapa:collection/object/773886,,si
GBIF,1426946019,"Graneledone Joubin, 1918",,-42.7843,-179.9727,1024.5,998,1051,1999-06-28T12:47/1999-06-28T13:04,1999,New Zealand,Pacífico Sur,HUMAN_OBSERVATION,2a636fd6-dc73-49c0-9e5b-26bd05532313,MBIS research trawl surveys,10.15468/ti5yah,Earth Sciences New Zealand (ESNZ),NIWA,CC-BY,http://creativecommons.org/licenses/by/4.0/legalcode,20470,,si
GBIF,1426946135,"Graneledone Joubin, 1918",,-42.9105,179.9612,741.5,723,760,1999-06-29T04:26/1999-06-29T04:46,1999,New Zealand,Pacífico Sur,HUMAN_OBSERVATION,2a636fd6-dc73-49c0-9e5b-26bd05532313,MBIS research trawl surveys,10.15468/ti5yah,Earth Sciences New Zealand (ESNZ),NIWA,CC-BY,http://creativecommons.org/licenses/by/4.0/legalcode,20593,,si
GBIF,1427128616,"Graneledone Joubin, 1918",,-34.9127,171.952,968,963,973,1999-06-19T13:18/1999-06-19T13:59,1999,New Zealand,Pacífico Sur,HUMAN_OBSERVATION,2a636fd6-dc73-49c0-9e5b-26bd05532313,MBIS research trawl surveys,10.15468/ti5yah,Earth Sciences New Zealand (ESNZ),NIWA,CC-BY,http://creativecommons.org/licenses/by/4.0/legalcode,202968,,si
GBIF,1427310836,"Graneledone Joubin, 1918",,-42.8605,179.9568,864.5,836,893,1999-06-18T16:38/1999-06-18T17:08,1999,New Zealand,Pacífico Sur,HUMAN_OBSERVATION,2a636fd6-dc73-49c0-9e5b-26bd05532313,MBIS research trawl surveys,10.15468/ti5yah,Earth Sciences New Zealand (ESNZ),NIWA,CC-BY,http://creativecommons.org/licenses/by/4.0/legalcode,385226,,si
GBIF,1427310940,"Graneledone Joubin, 1918",,-42.7702,179.9302,1087,1071,1103,1999-06-20T17:35/1999-06-20T18:04,1999,New Zealand,Pacífico Sur,HUMAN_OBSERVATION,2a636fd6-dc73-49c0-9e5b-26bd05532313,MBIS research trawl surveys,10.15468/ti5yah,Earth Sciences New Zealand (ESNZ),NIWA,CC-BY,http://creativecommons.org/licenses/by/4.0/legalcode,385374,,si
GBIF,1427310973,"Graneledone Joubin, 1918",,-42.7692,-179.9588,1064.5,1024,1105,1999-06-21T21:16/1999-06-21T21:46,1999,New Zealand,Pacífico Sur,HUMAN_OBSERVATION,2a636fd6-dc73-49c0-9e5b-26bd05532313,MBIS research trawl surveys,10.15468/ti5yah,Earth Sciences New Zealand (ESNZ),NIWA,CC-BY,http://creativecommons.org/licenses/by/4.0/legalcode,385404,,si
GBIF,1427311010,"Graneledone Joubin, 1918",,-42.7862,-179.8752,1004,978,1030,1999-06-21T23:49/1999-06-22T00:21,1999,New Zealand,Pacífico Sur,HUMAN_OBSERVATION,2a636fd6-dc73-49c0-9e5b-26bd05532313,MBIS research trawl surveys,10.15468/ti5yah,Earth Sciences New Zealand (ESNZ),NIWA,CC-BY,http://creativecommons.org/licenses/by/4.0/legalcode,385430,,si
GBIF,1427311066,"Graneledone Joubin, 1918",,-42.846,179.954,897,867,927,1999-06-22T03:01/1999-06-22T03:31,1999,New Zealand,Pacífico Sur,HUMAN_OBSERVATION,2a636fd6-dc73-49c0-9e5b-26bd05532313,MBIS research trawl surveys,10.15468/ti5yah,Earth Sciences New Zealand (ESNZ),NIWA,CC-BY,http://creativecommons.org/licenses/by/4.0/legalcode,385461,,si
GBIF,4081056436,"Graneledone taniwha O'Shea, 1999",Graneledone taniwha,-42.9105,179.9612,723,723,723,1999-06-29,1999,New Zealand,Pacífico Sur,PRESERVED_SPECIMEN,4d0b1b2a-3209-49ce-bb93-7503e4868019,Earth Sciences New Zealand National Invertebrate Collection (NIC),10.15468/6qgswo,Earth Sciences New Zealand (ESNZ),Earth Sciences New Zealand,CC-BY,http://creativecommons.org/licenses/by/4.0/legalcode,0401ab9b-e421-4a21-97d1-395e0e973ec0,,si
GBIF,4081190686,"Graneledone taniwha O'Shea, 1999",Graneledone taniwha,-42.770167,179.930167,1087,1071,1103,1999-06-20,1999,New Zealand,Pacífico Sur,PRESERVED_SPECIMEN,4d0b1b2a-3209-49ce-bb93-7503e4868019,Earth Sciences New Zealand National Invertebrate Collection (NIC),10.15468/6qgswo,Earth Sciences New Zealand (ESNZ),Earth Sciences New Zealand,CC-BY,http://creativecommons.org/licenses/by/4.0/legalcode,61385542-fa36-11e2-96b3-aa6f927c92a3,,si
GBIF,1426946735,"Graneledone Joubin, 1918",,-42.8405,179.5642,945,910,980,1999-07-01T15:39/1999-07-01T16:07,1999,New Zealand,Pacífico Sur,HUMAN_OBSERVATION,2a636fd6-dc73-49c0-9e5b-26bd05532313,MBIS research trawl surveys,10.15468/ti5yah,Earth Sciences New Zealand (ESNZ),NIWA,CC-BY,http://creativecommons.org/licenses/by/4.0/legalcode,21151,,si
GBIF,1427311144,"Graneledone Joubin, 1918",,-42.7925,179.951,1023.5,999,1048,1999-07-10T11:47/1999-07-10T12:14,1999,New Zealand,Pacífico Sur,HUMAN_OBSERVATION,2a636fd6-dc73-49c0-9e5b-26bd05532313,MBIS research trawl surveys,10.15468/ti5yah,Earth Sciences New Zealand (ESNZ),NIWA,CC-BY,http://creativecommons.org/licenses/by/4.0/legalcode,385566,,si
GBIF,5997189362,"Graneledone verrucosa (A.E.Verrill, 1881)",Graneledone verrucosa,59.22736,-2.615136,,,,1999-09-17,1999,United Kingdom of Great Britain and Northern Ireland,Atlántico Norte,HUMAN_OBSERVATION,edd017b6-bf00-4b00-93ad-9789c42a36b1,"Species data for Scottish waters held and managed by Scottish Natural Heritage, derived from benthic surveys 1993 to 2018",10.15468/faxvgd,NatureScot,NatureScot,CC-BY,http://creativecommons.org/licenses/by/4.0/legalcode,7b261dbb-118f-4783-9f69-835329586c50,sin_profundidad,si
GBIF,6066992614,"Graneledone verrucosa (A.E.Verrill, 1881)",Graneledone verrucosa,54.076427,-3.185202,,,,1999-09-26,1999,United Kingdom of Great Britain and Northern Ireland,Atlántico Norte,HUMAN_OBSERVATION,e142db13-5b0e-4f15-b652-6e72537b4337,Marine Nature Conservation Review (MNCR) and associated benthic marine data held and managed by English Nature,10.15468/2vttzr,Natural England,,CC-BY,http://creativecommons.org/licenses/by/4.0/legalcode,450588e8-9cc7-4d6e-a91e-0c6dd889d4ca,sin_profundidad,si
GBIF,6067804675,"Graneledone verrucosa (A.E.Verrill, 1881)",Graneledone verrucosa,54.07204,-3.174379,,,,1999-09-26,1999,United Kingdom of Great Britain and Northern Ireland,Atlántico Norte,HUMAN_OBSERVATION,e142db13-5b0e-4f15-b652-6e72537b4337,Marine Nature Conservation Review (MNCR) and associated benthic marine data held and managed by English Nature,10.15468/2vttzr,Natural England,,CC-BY,http://creativecommons.org/licenses/by/4.0/legalcode,009b9a59-76fb-4d76-8449-e2dffdfc4dd0,sin_profundidad,si
GBIF,4081144730,"Graneledone taniwha O'Shea, 1999",Graneledone taniwha,-44.7,173.5,883,883,883,1999-11-24,1999,New Zealand,Pacífico Sur,PRESERVED_SPECIMEN,4d0b1b2a-3209-49ce-bb93-7503e4868019,Earth Sciences New Zealand National Invertebrate Collection (NIC),10.15468/6qgswo,Earth Sciences New Zealand (ESNZ),Earth Sciences New Zealand,CC-BY,http://creativecommons.org/licenses/by/4.0/legalcode,61379896-fa36-11e2-96b3-aa6f927c92a3,,si
GBIF,4081185609,"Graneledone taniwha O'Shea, 1999",Graneledone taniwha,-44.7,173.5,883,883,883,1999-11-24,1999,New Zealand,Pacífico Sur,PRESERVED_SPECIMEN,4d0b1b2a-3209-49ce-bb93-7503e4868019,Earth Sciences New Zealand National Invertebrate Collection (NIC),10.15468/6qgswo,Earth Sciences New Zealand (ESNZ),Earth Sciences New Zealand,CC-BY,http://creativecommons.org/licenses/by/4.0/legalcode,61378900-fa36-11e2-96b3-aa6f927c92a3,,si
GBIF,1427152255,"Graneledone Joubin, 1918",,-42.9047,-176.3122,828.5,828,829,1999-12-31T09:38/1999-12-31T10:31,1999,New Zealand,Pacífico Sur,HUMAN_OBSERVATION,2a636fd6-dc73-49c0-9e5b-26bd05532313,MBIS research trawl surveys,10.15468/ti5yah,Earth Sciences New Zealand (ESNZ),NIWA,CC-BY,http://creativecommons.org/licenses/by/4.0/legalcode,226667,,si
GBIF,1427152346,"Graneledone Joubin, 1918",,-42.9617,178.3732,427,420,434,1999-12-28T16:18/1999-12-28T17:06,1999,New Zealand,Pacífico Sur,HUMAN_OBSERVATION,2a636fd6-dc73-49c0-9e5b-26bd05532313,MBIS research trawl surveys,10.15468/ti5yah,Earth Sciences New Zealand (ESNZ),NIWA,CC-BY,http://creativecommons.org/licenses/by/4.0/legalcode,226791,,si
GBIF,6045733530,"Graneledone Joubin, 1918",,-44.1133,-179.855,550,547,553,1998-01-06,1998,New Zealand,Pacífico Sur,PRESERVED_SPECIMEN,ff2ed94e-45ee-4dde-8e1f-0a4798f61a12,Mollusc collection at Museum of New Zealand Te Papa Tongarewa,10.15468/msce6x,Museum of New Zealand Te Papa Tongarewa,NMNZ,CC-BY,http://creativecommons.org/licenses/by/4.0/legalcode,tepapa:collection/object/773813,,si
GBIF,6045794258,"Graneledone Joubin, 1918",,-44.2343,174.379,603.5,600,607,1998-01-20,1998,New Zealand,Pacífico Sur,PRESERVED_SPECIMEN,ff2ed94e-45ee-4dde-8e1f-0a4798f61a12,Mollusc collection at Museum of New Zealand Te Papa Tongarewa,10.15468/msce6x,Museum of New Zealand Te Papa Tongarewa,NMNZ,CC-BY,http://creativecommons.org/licenses/by/4.0/legalcode,tepapa:collection/object/773795,,si
GBIF,1427303065,"Graneledone Joubin, 1918",,-46.6208,166.5785,855.5,827,884,1998-04-10T15:22/1998-04-10T16:22,1998,New Zealand,Pacífico Sur,HUMAN_OBSERVATION,2a636fd6-dc73-49c0-9e5b-26bd05532313,MBIS research trawl surveys,10.15468/ti5yah,Earth Sciences New Zealand (ESNZ),NIWA,CC-BY,http://creativecommons.org/licenses/by/4.0/legalcode,377458,,si
GBIF,1427303207,"Graneledone Joubin, 1918",,-46.9598,170.1852,900.5,855,946,1998-04-07T11:23/1998-04-07T12:19,1998,New Zealand,Pacífico Sur,HUMAN_OBSERVATION,2a636fd6-dc73-49c0-9e5b-26bd05532313,MBIS research trawl surveys,10.15468/ti5yah,Earth Sciences New Zealand (ESNZ),NIWA,CC-BY,http://creativecommons.org/licenses/by/4.0/legalcode,377646,,si
GBIF,1427303288,"Graneledone Joubin, 1918",,-49.7395,168.0075,590,587,593,1998-04-13T17:00/1998-04-13T17:53,1998,New Zealand,Pacífico Sur,HUMAN_OBSERVATION,2a636fd6-dc73-49c0-9e5b-26bd05532313,MBIS research trawl surveys,10.15468/ti5yah,Earth Sciences New Zealand (ESNZ),NIWA,CC-BY,http://creativecommons.org/licenses/by/4.0/legalcode,377714,,si
GBIF,1427303353,"Graneledone Joubin, 1918",,-52.5895,167.6232,983.5,977,990,1998-04-15T07:34/1998-04-15T08:26,1998,New Zealand,Pacífico Sur,HUMAN_OBSERVATION,2a636fd6-dc73-49c0-9e5b-26bd05532313,MBIS research trawl surveys,10.15468/ti5yah,Earth Sciences New Zealand (ESNZ),NIWA,CC-BY,http://creativecommons.org/licenses/by/4.0/legalcode,377818,,si
GBIF,1427303408,"Graneledone Joubin, 1918",,-47.1382,169.8087,689.5,681,698,1998-04-07T16:04/1998-04-07T17:09,1998,New Zealand,Pacífico Sur,HUMAN_OBSERVATION,2a636fd6-dc73-49c0-9e5b-26bd05532313,MBIS research trawl surveys,10.15468/ti5yah,Earth Sciences New Zealand (ESNZ),NIWA,CC-BY,http://creativecommons.org/licenses/by/4.0/legalcode,377838,,si
GBIF,1427304149,"Graneledone Joubin, 1918",,-48.9058,170.0212,886.5,879,894,1998-04-26T15:18/1998-04-26T16:10,1998,New Zealand,Pacífico Sur,HUMAN_OBSERVATION,2a636fd6-dc73-49c0-9e5b-26bd05532313,MBIS research trawl surveys,10.15468/ti5yah,Earth Sciences New Zealand (ESNZ),NIWA,CC-BY,http://creativecommons.org/licenses/by/4.0/legalcode,378538,,si
GBIF,1427304410,"Graneledone Joubin, 1918",,-48.8025,170.3208,862,844,880,1998-04-30T07:35/1998-04-30T08:28,1998,New Zealand,Pacífico Sur,HUMAN_OBSERVATION,2a636fd6-dc73-49c0-9e5b-26bd05532313,MBIS research trawl surveys,10.15468/ti5yah,Earth Sciences New Zealand (ESNZ),NIWA,CC-BY,http://creativecommons.org/licenses/by/4.0/legalcode,378811,,si
GBIF,4081114916,"Graneledone taniwha O'Shea, 1999",Graneledone taniwha,-47.13817,169.8087,681,681,681,1998-04-07,1998,New Zealand,Pacífico Sur,PRESERVED_SPECIMEN,4d0b1b2a-3209-49ce-bb93-7503e4868019,Earth Sciences New Zealand National Invertebrate Collection (NIC),10.15468/6qgswo,Earth Sciences New Zealand (ESNZ),Earth Sciences New Zealand,CC-BY,http://creativecommons.org/licenses/by/4.0/legalcode,7d6b0161-c7cd-4f46-ab93-6d0d4d4b010c,,si
GBIF,4081130230,"Graneledone taniwha O'Shea, 1999",Graneledone taniwha,-46.95983,170.1852,855,855,855,1998-04-07,1998,New Zealand,Pacífico Sur,PRESERVED_SPECIMEN,4d0b1b2a-3209-49ce-bb93-7503e4868019,Earth Sciences New Zealand National Invertebrate Collection (NIC),10.15468/6qgswo,Earth Sciences New Zealand (ESNZ),Earth Sciences New Zealand,CC-BY,http://creativecommons.org/licenses/by/4.0/legalcode,9de2e8e6-24c9-4ba4-a094-2ee6d1206204,,si
GBIF,4081175330,"Graneledone taniwha O'Shea, 1999",Graneledone taniwha,-52.5895,167.6232,977,977,977,1998-04-15,1998,New Zealand,Pacífico Sur,PRESERVED_SPECIMEN,4d0b1b2a-3209-49ce-bb93-7503e4868019,Earth Sciences New Zealand National Invertebrate Collection (NIC),10.15468/6qgswo,Earth Sciences New Zealand (ESNZ),Earth Sciences New Zealand,CC-BY,http://creativecommons.org/licenses/by/4.0/legalcode,a0e3f6e2-7d49-452a-9fb1-46c74f8f2c5f,,si
GBIF,4081189006,"Graneledone taniwha O'Shea, 1999",Graneledone taniwha,-48.08617,169.457,608,608,608,1998-04-11,1998,New Zealand,Pacífico Sur,PRESERVED_SPECIMEN,4d0b1b2a-3209-49ce-bb93-7503e4868019,Earth Sciences New Zealand National Invertebrate Collection (NIC),10.15468/6qgswo,Earth Sciences New Zealand (ESNZ),Earth Sciences New Zealand,CC-BY,http://creativecommons.org/licenses/by/4.0/legalcode,60da7718-0f8d-4156-a4bd-ac00731aee5e,,si
GBIF,4081196756,"Graneledone taniwha O'Shea, 1999",Graneledone taniwha,-49.7395,168.0075,587,587,587,1998-04-13,1998,New Zealand,Pacífico Sur,PRESERVED_SPECIMEN,4d0b1b2a-3209-49ce-bb93-7503e4868019,Earth Sciences New Zealand National Invertebrate Collection (NIC),10.15468/6qgswo,Earth Sciences New Zealand (ESNZ),Earth Sciences New Zealand,CC-BY,http://creativecommons.org/licenses/by/4.0/legalcode,7276750c-135e-438f-b969-5734fa141869,,si
GBIF,1427304465,"Graneledone Joubin, 1918",,-48.83,175.6178,916,900,932,1998-05-01T07:49/1998-05-01T08:40,1998,New Zealand,Pacífico Sur,HUMAN_OBSERVATION,2a636fd6-dc73-49c0-9e5b-26bd05532313,MBIS research trawl surveys,10.15468/ti5yah,Earth Sciences New Zealand (ESNZ),NIWA,CC-BY,http://creativecommons.org/licenses/by/4.0/legalcode,378909,,si
GBIF,1065280211,"Graneledone pacifica G.L.Voss & Pearcy, 1990",Graneledone pacifica,48.4331,-128.6811,2452,2452,2452,1998-07-01,1998,Canada,Pacífico Norte,PRESERVED_SPECIMEN,005eb8d8-ed94-41be-89cf-e3115a9058e4,FMNH Invertebrate Zoology,10.15468/6q5vuc,Field Museum,FMNH,CC0,http://creativecommons.org/publicdomain/zero/1.0/legalcode,1e8b7f19-ea0a-4312-b7c2-c2be102bfd84,,si
GBIF,1065280780,"Graneledone pacifica G.L.Voss & Pearcy, 1990",Graneledone pacifica,45.9339,-130.0167,1459,1459,1459,1998-07-17,1998,,Pacífico Norte,PRESERVED_SPECIMEN,005eb8d8-ed94-41be-89cf-e3115a9058e4,FMNH Invertebrate Zoology,10.15468/6q5vuc,Field Museum,FMNH,CC0,http://creativecommons.org/publicdomain/zero/1.0/legalcode,7a0d9f02-fba6-4aaa-b36c-c609044b74a8,,si
GBIF,1065281035,"Graneledone pacifica G.L.Voss & Pearcy, 1990",Graneledone pacifica,47.7103,-127.7861,2606,2606,2606,1998-07-11,1998,Canada,Pacífico Norte,PRESERVED_SPECIMEN,005eb8d8-ed94-41be-89cf-e3115a9058e4,FMNH Invertebrate Zoology,10.15468/6q5vuc,Field Museum,FMNH,CC0,http://creativecommons.org/publicdomain/zero/1.0/legalcode,85a6f759-ebfc-42ef-b803-a1d5690e8ae3,,si
GBIF,1427146273,"Graneledone Joubin, 1918",,-42.778,-176.5838,1062.5,1025,1100,1998-07-13T04:30/1998-07-13T04:58,1998,New Zealand,Pacífico Sur,HUMAN_OBSERVATION,2a636fd6-dc73-49c0-9e5b-26bd05532313,MBIS research trawl surveys,10.15468/ti5yah,Earth Sciences New Zealand (ESNZ),NIWA,CC-BY,http://creativecommons.org/licenses/by/4.0/legalcode,220672,,si
GBIF,1427304658,"Graneledone Joubin, 1918",,-42.829,-176.7753,884.5,837,932,1998-07-10T19:22/1998-07-10T20:18,1998,New Zealand,Pacífico Sur,HUMAN_OBSERVATION,2a636fd6-dc73-49c0-9e5b-26bd05532313,MBIS research trawl surveys,10.15468/ti5yah,Earth Sciences New Zealand (ESNZ),NIWA,CC-BY,http://creativecommons.org/licenses/by/4.0/legalcode,379040,,si
GBIF,1427304678,"Graneledone Joubin, 1918",,-42.8318,-176.6595,950,890,1010,1998-07-10T22:09/1998-07-10T23:06,1998,New Zealand,Pacífico Sur,HUMAN_OBSERVATION,2a636fd6-dc73-49c0-9e5b-26bd05532313,MBIS research trawl surveys,10.15468/ti5yah,Earth Sciences New Zealand (ESNZ),NIWA,CC-BY,http://creativecommons.org/licenses/by/4.0/legalcode,379077,,si
GBIF,1427304796,"Graneledone Joubin, 1918",,-42.8643,-176.3538,900.5,840,961,1998-07-12T04:51/1998-07-12T05:49,1998,New Zealand,Pacífico Sur,HUMAN_OBSERVATION,2a636fd6-dc73-49c0-9e5b-26bd05532313,MBIS research trawl surveys,10.15468/ti5yah,Earth Sciences New Zealand (ESNZ),NIWA,CC-BY,http://creativecommons.org/licenses/by/4.0/legalcode,379163,,si
GBIF,1427304823,"Graneledone Joubin, 1918",,-42.8768,-176.603,859,805,913,1998-07-12T11:13/1998-07-12T12:10,1998,New Zealand,Pacífico Sur,HUMAN_OBSERVATION,2a636fd6-dc73-49c0-9e5b-26bd05532313,MBIS research trawl surveys,10.15468/ti5yah,Earth Sciences New Zealand (ESNZ),NIWA,CC-BY,http://creativecommons.org/licenses/by/4.0/legalcode,379232,,si
GBIF,1427304919,"Graneledone Joubin, 1918",,-42.8665,-176.8355,852.5,802,903,1998-07-15T23:53/1998-07-16T00:51,1998,New Zealand,Pacífico Sur,HUMAN_OBSERVATION,2a636fd6-dc73-49c0-9e5b-26bd05532313,MBIS research trawl surveys,10.15468/ti5yah,Earth Sciences New Zealand (ESNZ),NIWA,CC-BY,http://creativecommons.org/licenses/by/4.0/legalcode,379326,,si
GBIF,1427305354,"Graneledone Joubin, 1918",,-42.8072,-176.8628,934.5,874,995,1998-07-23T08:46/1998-07-23T09:39,1998,New Zealand,Pacífico Sur,HUMAN_OBSERVATION,2a636fd6-dc73-49c0-9e5b-26bd05532313,MBIS research trawl surveys,10.15468/ti5yah,Earth Sciences New Zealand (ESNZ),NIWA,CC-BY,http://creativecommons.org/licenses/by/4.0/legalcode,379773,,si
GBIF,1427305495,"Graneledone Joubin, 1918",,-42.8458,-177.0758,859.5,795,924,1998-07-23T17:05/1998-07-23T18:02,1998,New Zealand,Pacífico Sur,HUMAN_OBSERVATION,2a636fd6-dc73-49c0-9e5b-26bd05532313,MBIS research trawl surveys,10.15468/ti5yah,Earth Sciences New Zealand (ESNZ),NIWA,CC-BY,http://creativecommons.org/licenses/by/4.0/legalcode,379886,,si
GBIF,1427305498,"Graneledone Joubin, 1918",,-42.804,-176.9622,932.5,865,1000,1998-07-23T19:51/1998-07-23T20:45,1998,New Zealand,Pacífico Sur,HUMAN_OBSERVATION,2a636fd6-dc73-49c0-9e5b-26bd05532313,MBIS research trawl surveys,10.15468/ti5yah,Earth Sciences New Zealand (ESNZ),NIWA,CC-BY,http://creativecommons.org/licenses/by/4.0/legalcode,379926,,si
GBIF,1427305561,"Graneledone Joubin, 1918",,-42.8063,-176.7533,943.5,884,1003,1998-07-24T04:01/1998-07-24T04:58,1998,New Zealand,Pacífico Sur,HUMAN_OBSERVATION,2a636fd6-dc73-49c0-9e5b-26bd05532313,MBIS research trawl surveys,10.15468/ti5yah,Earth Sciences New Zealand (ESNZ),NIWA,CC-BY,http://creativecommons.org/licenses/by/4.0/legalcode,379969,,si
GBIF,2538021170,"Graneledone verrucosa (A.E.Verrill, 1881)",Graneledone verrucosa,56.87659,-6.116525,,,,1998-07-31,1998,United Kingdom of Great Britain and Northern Ireland,Atlántico Norte,HUMAN_OBSERVATION,990e845f-836b-4467-bc5f-46c8495259ec,Seasearch Marine Surveys in Scotland,10.15468/0hyjxi,Seasearch,,CC-BY,http://creativecommons.org/licenses/by/4.0/legalcode,7934ad9e-df33-4ef6-a95f-cc635b32e585,sin_profundidad,si
GBIF,6045610403,"Graneledone Joubin, 1918",,-42.778,-176.584,1062.5,1025,1100,1998-07-13,1998,New Zealand,Pacífico Sur,PRESERVED_SPECIMEN,ff2ed94e-45ee-4dde-8e1f-0a4798f61a12,Mollusc collection at Museum of New Zealand Te Papa Tongarewa,10.15468/msce6x,Museum of New Zealand Te Papa Tongarewa,NMNZ,CC-BY,http://creativecommons.org/licenses/by/4.0/legalcode,tepapa:collection/object/773763,,si
GBIF,1427306910,"Graneledone Joubin, 1918",,-44.0917,178.534,967,952,982,1998-09-30T08:35/1998-09-30T08:51,1998,New Zealand,Pacífico Sur,HUMAN_OBSERVATION,2a636fd6-dc73-49c0-9e5b-26bd05532313,MBIS research trawl surveys,10.15468/ti5yah,Earth Sciences New Zealand (ESNZ),NIWA,CC-BY,http://creativecommons.org/licenses/by/4.0/legalcode,381267,,si
GBIF,4081064851,"Graneledone challengeri (S.S.Berry, 1916)",Graneledone challengeri,-47.5,169.4,530,530,530,1998-09-27,1998,New Zealand,Pacífico Sur,PRESERVED_SPECIMEN,4d0b1b2a-3209-49ce-bb93-7503e4868019,Earth Sciences New Zealand National Invertebrate Collection (NIC),10.15468/6qgswo,Earth Sciences New Zealand (ESNZ),Earth Sciences New Zealand,CC-BY,http://creativecommons.org/licenses/by/4.0/legalcode,13c2cc1e-4a27-4f64-bae5-c463a82ea704,,si
GBIF,4081068306,"Graneledone taniwha O'Shea, 1999",Graneledone taniwha,-47.5,169.5,510,510,510,1998-09-20,1998,New Zealand,Pacífico Sur,PRESERVED_SPECIMEN,4d0b1b2a-3209-49ce-bb93-7503e4868019,Earth Sciences New Zealand National Invertebrate Collection (NIC),10.15468/6qgswo,Earth Sciences New Zealand (ESNZ),Earth Sciences New Zealand,CC-BY,http://creativecommons.org/licenses/by/4.0/legalcode,21b8243a-a26f-4f51-9642-9003285e3c58,,si
GBIF,4081079524,"Graneledone taniwha O'Shea, 1999",Graneledone taniwha,-49.2,169.4,820,820,820,1998-09-19,1998,New Zealand,Pacífico Sur,PRESERVED_SPECIMEN,4d0b1b2a-3209-49ce-bb93-7503e4868019,Earth Sciences New Zealand National Invertebrate Collection (NIC),10.15468/6qgswo,Earth Sciences New Zealand (ESNZ),Earth Sciences New Zealand,CC-BY,http://creativecommons.org/licenses/by/4.0/legalcode,43df4e9f-068b-40b0-b683-303e3a06240a,,si
GBIF,4081105544,"Graneledone taniwha O'Shea, 1999",Graneledone taniwha,-49.26667,168.5833,750,750,750,1998-09-16,1998,New Zealand,Pacífico Sur,PRESERVED_SPECIMEN,4d0b1b2a-3209-49ce-bb93-7503e4868019,Earth Sciences New Zealand National Invertebrate Collection (NIC),10.15468/6qgswo,Earth Sciences New Zealand (ESNZ),Earth Sciences New Zealand,CC-BY,http://creativecommons.org/licenses/by/4.0/legalcode,61466bbe-fa36-11e2-96b3-aa6f927c92a3,,si
GBIF,4081119147,"Graneledone taniwha O'Shea, 1999",Graneledone taniwha,-47.5,169.4,530,530,530,1998-09-27,1998,New Zealand,Pacífico Sur,PRESERVED_SPECIMEN,4d0b1b2a-3209-49ce-bb93-7503e4868019,Earth Sciences New Zealand National Invertebrate Collection (NIC),10.15468/6qgswo,Earth Sciences New Zealand (ESNZ),Earth Sciences New Zealand,CC-BY,http://creativecommons.org/licenses/by/4.0/legalcode,7a499a0a-a1da-4e78-b7b3-5c1c299198c8,,si
GBIF,4081141623,"Graneledone taniwha O'Shea, 1999",Graneledone taniwha,-47.6,169.4,540,540,540,1998-09-20,1998,New Zealand,Pacífico Sur,PRESERVED_SPECIMEN,4d0b1b2a-3209-49ce-bb93-7503e4868019,Earth Sciences New Zealand National Invertebrate Collection (NIC),10.15468/6qgswo,Earth Sciences New Zealand (ESNZ),Earth Sciences New Zealand,CC-BY,http://creativecommons.org/licenses/by/4.0/legalcode,0b0aa9ef-de00-4c31-9518-f572bedca3fb,,si
GBIF,4081210040,"Graneledone taniwha O'Shea, 1999",Graneledone taniwha,-47.5,169.4,530,530,530,1998-09-27,1998,New Zealand,Pacífico Sur,PRESERVED_SPECIMEN,4d0b1b2a-3209-49ce-bb93-7503e4868019,Earth Sciences New Zealand National Invertebrate Collection (NIC),10.15468/6qgswo,Earth Sciences New Zealand (ESNZ),Earth Sciences New Zealand,CC-BY,http://creativecommons.org/licenses/by/4.0/legalcode,e46598d4-a1e0-4672-af80-b4e49f6a2b26,,si
GBIF,6067481895,"Graneledone verrucosa (A.E.Verrill, 1881)",Graneledone verrucosa,54.070092,-3.189606,,,,1998-09-15,1998,United Kingdom of Great Britain and Northern Ireland,Atlántico Norte,HUMAN_OBSERVATION,e142db13-5b0e-4f15-b652-6e72537b4337,Marine Nature Conservation Review (MNCR) and associated benthic marine data held and managed by English Nature,10.15468/2vttzr,Natural England,,CC-BY,http://creativecommons.org/licenses/by/4.0/legalcode,2434b54e-46a0-40fb-b832-3c43dd3362d2,sin_profundidad,si
GBIF,1427306057,"Graneledone Joubin, 1918",,-44.1572,178.7807,944.5,922,967,1998-10-01T19:13/1998-10-01T19:43,1998,New Zealand,Pacífico Sur,HUMAN_OBSERVATION,2a636fd6-dc73-49c0-9e5b-26bd05532313,MBIS research trawl surveys,10.15468/ti5yah,Earth Sciences New Zealand (ESNZ),NIWA,CC-BY,http://creativecommons.org/licenses/by/4.0/legalcode,380456,,si
GBIF,1427306106,"Graneledone Joubin, 1918",,-44.1912,179.361,860,850,870,1998-10-04T08:05/1998-10-04T08:21,1998,New Zealand,Pacífico Sur,HUMAN_OBSERVATION,2a636fd6-dc73-49c0-9e5b-26bd05532313,MBIS research trawl surveys,10.15468/ti5yah,Earth Sciences New Zealand (ESNZ),NIWA,CC-BY,http://creativecommons.org/licenses/by/4.0/legalcode,380573,,si
GBIF,1427306595,"Graneledone Joubin, 1918",,-44.7023,-177.2985,1121,1100,1142,1998-10-11T08:08/1998-10-11T08:39,1998,New Zealand,Pacífico Sur,HUMAN_OBSERVATION,2a636fd6-dc73-49c0-9e5b-26bd05532313,MBIS research trawl surveys,10.15468/ti5yah,Earth Sciences New Zealand (ESNZ),NIWA,CC-BY,http://creativecommons.org/licenses/by/4.0/legalcode,381013,,si
GBIF,1427306823,"Graneledone Joubin, 1918",,-44.3123,-178.229,662.5,658,667,1998-10-13T15:05/1998-10-13T15:35,1998,New Zealand,Pacífico Sur,HUMAN_OBSERVATION,2a636fd6-dc73-49c0-9e5b-26bd05532313,MBIS research trawl surveys,10.15468/ti5yah,Earth Sciences New Zealand (ESNZ),NIWA,CC-BY,http://creativecommons.org/licenses/by/4.0/legalcode,381238,,si
GBIF,1427307248,"Graneledone Joubin, 1918",,-44.6337,-176.976,873,848,898,1998-10-20T16:29/1998-10-20T16:54,1998,New Zealand,Pacífico Sur,HUMAN_OBSERVATION,2a636fd6-dc73-49c0-9e5b-26bd05532313,MBIS research trawl surveys,10.15468/ti5yah,Earth Sciences New Zealand (ESNZ),NIWA,CC-BY,http://creativecommons.org/licenses/by/4.0/legalcode,381708,,si
GBIF,1427307567,"Graneledone Joubin, 1918",,-44.4808,-178.5162,948,940,956,1998-10-25T19:52/1998-10-25T20:13,1998,New Zealand,Pacífico Sur,HUMAN_OBSERVATION,2a636fd6-dc73-49c0-9e5b-26bd05532313,MBIS research trawl surveys,10.15468/ti5yah,Earth Sciences New Zealand (ESNZ),NIWA,CC-BY,http://creativecommons.org/licenses/by/4.0/legalcode,382012,,si
GBIF,1427307707,"Graneledone Joubin, 1918",,-44.4657,-179.523,1046,1045,1047,1998-10-26T18:09/1998-10-26T18:12,1998,New Zealand,Pacífico Sur,HUMAN_OBSERVATION,2a636fd6-dc73-49c0-9e5b-26bd05532313,MBIS research trawl surveys,10.15468/ti5yah,Earth Sciences New Zealand (ESNZ),NIWA,CC-BY,http://creativecommons.org/licenses/by/4.0/legalcode,382126,,si
GBIF,1427307718,"Graneledone Joubin, 1918",,-44.3457,-179.525,820.5,801,840,1998-10-26T15:27/1998-10-26T15:42,1998,New Zealand,Pacífico Sur,HUMAN_OBSERVATION,2a636fd6-dc73-49c0-9e5b-26bd05532313,MBIS research trawl surveys,10.15468/ti5yah,Earth Sciences New Zealand (ESNZ),NIWA,CC-BY,http://creativecommons.org/licenses/by/4.0/legalcode,382098,,si
GBIF,1427307745,"Graneledone Joubin, 1918",,-44.0597,179.3667,680.5,673,688,1998-10-27T17:21/1998-10-27T17:44,1998,New Zealand,Pacífico Sur,HUMAN_OBSERVATION,2a636fd6-dc73-49c0-9e5b-26bd05532313,MBIS research trawl surveys,10.15468/ti5yah,Earth Sciences New Zealand (ESNZ),NIWA,CC-BY,http://creativecommons.org/licenses/by/4.0/legalcode,382198,,si
GBIF,1427307761,"Graneledone Joubin, 1918",,-44.0595,179.347,684.5,677,692,1998-10-27T19:31/1998-10-27T20:01,1998,New Zealand,Pacífico Sur,HUMAN_OBSERVATION,2a636fd6-dc73-49c0-9e5b-26bd05532313,MBIS research trawl surveys,10.15468/ti5yah,Earth Sciences New Zealand (ESNZ),NIWA,CC-BY,http://creativecommons.org/licenses/by/4.0/legalcode,382217,,si
GBIF,2382897953,"Graneledone gonzalezi Guerra, González & Cherel, 2000",Graneledone gonzalezi,-51.333,71.633003,478,478,478,1998-10-14,1998,Heard Island and McDonald Islands,Océano Índico,PRESERVED_SPECIMEN,968dfa3e-3614-4bab-a3b5-e9209bdd6078,Ocean Genome Legacy Collection,10.15468/jzgqtc,United States Geological Survey,OGL,CC-BY,http://creativecommons.org/licenses/by/4.0/legalcode,OGL_MSC_NortheasternUniversity_S08040,,si
GBIF,2874281593,"Graneledone Joubin, 1918",,-51.3344,71.6331,478,478,478,1998-10-14,1998,Heard Island and McDonald Islands,Océano Índico,PRESERVED_SPECIMEN,39905320-6c8a-11de-8226-b8a03c50a862,Museums Victoria provider for OZCAM,10.15468/lp1ctu,Museums Victoria,NMV,CC0,http://creativecommons.org/publicdomain/zero/1.0/legalcode,db896ed9-97d2-455e-8bb3-78c7b34cbb01,,si
GBIF,2993023446,"Graneledone Joubin, 1918",,-51.9569,77.3706,,,,1998-10-20,1998,Heard Island and McDonald Islands,Océano Índico,PRESERVED_SPECIMEN,39905320-6c8a-11de-8226-b8a03c50a862,Museums Victoria provider for OZCAM,10.15468/lp1ctu,Museums Victoria,NMV,CC0,http://creativecommons.org/publicdomain/zero/1.0/legalcode,6bea18e5-ffab-4f4e-9a70-04fa27e0a103,sin_profundidad,si
GBIF,3344699308,"Graneledone Joubin, 1918",,-51.970001,77.366997,0,0,0,1998-10-17,1998,Heard Island and McDonald Islands,Océano Índico,PRESERVED_SPECIMEN,968dfa3e-3614-4bab-a3b5-e9209bdd6078,Ocean Genome Legacy Collection,10.15468/jzgqtc,United States Geological Survey,OGL,CC-BY,http://creativecommons.org/licenses/by/4.0/legalcode,OGL_MSC_NortheasternUniversity_S08035,profundidad_<300m_revisar,si
GBIF,4081073557,"Graneledone taniwha O'Shea, 1999",Graneledone taniwha,-44.31233,178.229,658,658,658,1998-10-13,1998,,Pacífico Sur,PRESERVED_SPECIMEN,4d0b1b2a-3209-49ce-bb93-7503e4868019,Earth Sciences New Zealand National Invertebrate Collection (NIC),10.15468/6qgswo,Earth Sciences New Zealand (ESNZ),Earth Sciences New Zealand,CC-BY,http://creativecommons.org/licenses/by/4.0/legalcode,d65d81b9-2216-4ed2-ad5b-60f8a4edc72e,,si
GBIF,4081078674,"Graneledone taniwha O'Shea, 1999",Graneledone taniwha,-44.0595,179.347,677,677,677,1998-10-27,1998,New Zealand,Pacífico Sur,PRESERVED_SPECIMEN,4d0b1b2a-3209-49ce-bb93-7503e4868019,Earth Sciences New Zealand National Invertebrate Collection (NIC),10.15468/6qgswo,Earth Sciences New Zealand (ESNZ),Earth Sciences New Zealand,CC-BY,http://creativecommons.org/licenses/by/4.0/legalcode,491d5a99-840c-4531-afac-fceb83b93c23,,si
GBIF,4081100438,"Graneledone taniwha O'Shea, 1999",Graneledone taniwha,-44.34566,-179.5218,801,801,801,1998-10-26,1998,New Zealand,Pacífico Sur,PRESERVED_SPECIMEN,4d0b1b2a-3209-49ce-bb93-7503e4868019,Earth Sciences New Zealand National Invertebrate Collection (NIC),10.15468/6qgswo,Earth Sciences New Zealand (ESNZ),Earth Sciences New Zealand,CC-BY,http://creativecommons.org/licenses/by/4.0/legalcode,5cc0d8f8-aae4-4ea0-9695-13333b91c9ec,,si
GBIF,4081108714,"Graneledone challengeri (S.S.Berry, 1916)",Graneledone challengeri,-44.70233,-177.2985,1100,1100,1100,1998-10-11,1998,New Zealand,Pacífico Sur,PRESERVED_SPECIMEN,4d0b1b2a-3209-49ce-bb93-7503e4868019,Earth Sciences New Zealand National Invertebrate Collection (NIC),10.15468/6qgswo,Earth Sciences New Zealand (ESNZ),Earth Sciences New Zealand,CC-BY,http://creativecommons.org/licenses/by/4.0/legalcode,61377d8e-fa36-11e2-96b3-aa6f927c92a3,,si
GBIF,4081125199,"Graneledone taniwha O'Shea, 1999",Graneledone taniwha,-43.9,178.9,485,485,485,1998-10-14,1998,New Zealand,Pacífico Sur,PRESERVED_SPECIMEN,4d0b1b2a-3209-49ce-bb93-7503e4868019,Earth Sciences New Zealand National Invertebrate Collection (NIC),10.15468/6qgswo,Earth Sciences New Zealand (ESNZ),Earth Sciences New Zealand,CC-BY,http://creativecommons.org/licenses/by/4.0/legalcode,7f5b7332-be8a-4b0b-8a05-943c2b81c6f0,,si
GBIF,4081129659,"Graneledone taniwha O'Shea, 1999",Graneledone taniwha,-44.633667,-176.976,873,848,898,1998-10-20,1998,New Zealand,Pacífico Sur,PRESERVED_SPECIMEN,4d0b1b2a-3209-49ce-bb93-7503e4868019,Earth Sciences New Zealand National Invertebrate Collection (NIC),10.15468/6qgswo,Earth Sciences New Zealand (ESNZ),Earth Sciences New Zealand,CC-BY,http://creativecommons.org/licenses/by/4.0/legalcode,8bf15a24-b918-4ce5-b7db-9f0088c6d481,,si
GBIF,4081144736,"Graneledone taniwha O'Shea, 1999",Graneledone taniwha,-43.9,178.9,500,500,500,1998-10-15,1998,New Zealand,Pacífico Sur,PRESERVED_SPECIMEN,4d0b1b2a-3209-49ce-bb93-7503e4868019,Earth Sciences New Zealand National Invertebrate Collection (NIC),10.15468/6qgswo,Earth Sciences New Zealand (ESNZ),Earth Sciences New Zealand,CC-BY,http://creativecommons.org/licenses/by/4.0/legalcode,6138501a-fa36-11e2-96b3-aa6f927c92a3,,si
GBIF,4081209925,"Graneledone challengeri (S.S.Berry, 1916)",Graneledone challengeri,-44.70233,-177.2985,1100,1100,1100,1998-10-11,1998,New Zealand,Pacífico Sur,PRESERVED_SPECIMEN,4d0b1b2a-3209-49ce-bb93-7503e4868019,Earth Sciences New Zealand National Invertebrate Collection (NIC),10.15468/6qgswo,Earth Sciences New Zealand (ESNZ),Earth Sciences New Zealand,CC-BY,http://creativecommons.org/licenses/by/4.0/legalcode,e0265179-4049-465f-9b76-d5d6525c956d,,si
GBIF,6045708888,"Graneledone Joubin, 1918",,-48.0317,168.67,605,605,605,1998-10-02,1998,New Zealand,Pacífico Sur,PRESERVED_SPECIMEN,ff2ed94e-45ee-4dde-8e1f-0a4798f61a12,Mollusc collection at Museum of New Zealand Te Papa Tongarewa,10.15468/msce6x,Museum of New Zealand Te Papa Tongarewa,NMNZ,CC-BY,http://creativecommons.org/licenses/by/4.0/legalcode,tepapa:collection/object/743183,,si
GBIF,4081122474,"Graneledone taniwha O'Shea, 1999",Graneledone taniwha,-42.8,180,760,760,760,1998-11-29,1998,New Zealand,Pacífico Sur,PRESERVED_SPECIMEN,4d0b1b2a-3209-49ce-bb93-7503e4868019,Earth Sciences New Zealand National Invertebrate Collection (NIC),10.15468/6qgswo,Earth Sciences New Zealand (ESNZ),Earth Sciences New Zealand,CC-BY,http://creativecommons.org/licenses/by/4.0/legalcode,90b4d01c-65e7-4df6-b69e-cde8e8a7d94a,,si
GBIF,4081142148,"Graneledone challengeri (S.S.Berry, 1916)",Graneledone challengeri,-42.8,178.6,950,950,950,1998-11-30,1998,New Zealand,Pacífico Sur,PRESERVED_SPECIMEN,4d0b1b2a-3209-49ce-bb93-7503e4868019,Earth Sciences New Zealand National Invertebrate Collection (NIC),10.15468/6qgswo,Earth Sciences New Zealand (ESNZ),Earth Sciences New Zealand,CC-BY,http://creativecommons.org/licenses/by/4.0/legalcode,1c105281-be7a-415c-8ea5-c9804d1fb7cf,,si
GBIF,4081107056,"Graneledone challengeri (S.S.Berry, 1916)",Graneledone challengeri,-42.7,177.8,998,998,998,1998-12-01,1998,New Zealand,Pacífico Sur,PRESERVED_SPECIMEN,4d0b1b2a-3209-49ce-bb93-7503e4868019,Earth Sciences New Zealand National Invertebrate Collection (NIC),10.15468/6qgswo,Earth Sciences New Zealand (ESNZ),Earth Sciences New Zealand,CC-BY,http://creativecommons.org/licenses/by/4.0/legalcode,55e9a5d7-f336-4da1-b615-3c1d896e5333,,si
GBIF,4081108811,"Graneledone taniwha O'Shea, 1999",Graneledone taniwha,-42.9,173.8,1077.5,1010,1145,1998-12-09,1998,New Zealand,Pacífico Sur,PRESERVED_SPECIMEN,4d0b1b2a-3209-49ce-bb93-7503e4868019,Earth Sciences New Zealand National Invertebrate Collection (NIC),10.15468/6qgswo,Earth Sciences New Zealand (ESNZ),Earth Sciences New Zealand,CC-BY,http://creativecommons.org/licenses/by/4.0/legalcode,61467e06-fa36-11e2-96b3-aa6f927c92a3,,si
GBIF,4081135686,"Graneledone taniwha O'Shea, 1999",Graneledone taniwha,-42.7,177.8,998,998,998,1998-12-01,1998,New Zealand,Pacífico Sur,PRESERVED_SPECIMEN,4d0b1b2a-3209-49ce-bb93-7503e4868019,Earth Sciences New Zealand National Invertebrate Collection (NIC),10.15468/6qgswo,Earth Sciences New Zealand (ESNZ),Earth Sciences New Zealand,CC-BY,http://creativecommons.org/licenses/by/4.0/legalcode,920ab109-92b3-4a23-a58f-0acb339f782f,,si
GBIF,4081194770,"Graneledone taniwha O'Shea, 1999",Graneledone taniwha,-42.7,177.6,968,946,990,1998-12-10,1998,New Zealand,Pacífico Sur,PRESERVED_SPECIMEN,4d0b1b2a-3209-49ce-bb93-7503e4868019,Earth Sciences New Zealand National Invertebrate Collection (NIC),10.15468/6qgswo,Earth Sciences New Zealand (ESNZ),Earth Sciences New Zealand,CC-BY,http://creativecommons.org/licenses/by/4.0/legalcode,61467b68-fa36-11e2-96b3-aa6f927c92a3,,si
GBIF,1427298100,"Graneledone Joubin, 1918",,-44.228,176.285,531.5,484,579,1997-01-16T07:47/1997-01-16T08:37,1997,New Zealand,Pacífico Sur,HUMAN_OBSERVATION,2a636fd6-dc73-49c0-9e5b-26bd05532313,MBIS research trawl surveys,10.15468/ti5yah,Earth Sciences New Zealand (ESNZ),NIWA,CC-BY,http://creativecommons.org/licenses/by/4.0/legalcode,372519,,si
GBIF,1427298220,"Graneledone Joubin, 1918",,-44.2188,175.3282,543,535,551,1997-01-16T18:27/1997-01-16T19:17,1997,New Zealand,Pacífico Sur,HUMAN_OBSERVATION,2a636fd6-dc73-49c0-9e5b-26bd05532313,MBIS research trawl surveys,10.15468/ti5yah,Earth Sciences New Zealand (ESNZ),NIWA,CC-BY,http://creativecommons.org/licenses/by/4.0/legalcode,372600,,si
GBIF,1427298393,"Graneledone Joubin, 1918",,-44.5942,173.4118,694,634,754,1997-01-18T09:52/1997-01-18T10:43,1997,New Zealand,Pacífico Sur,HUMAN_OBSERVATION,2a636fd6-dc73-49c0-9e5b-26bd05532313,MBIS research trawl surveys,10.15468/ti5yah,Earth Sciences New Zealand (ESNZ),NIWA,CC-BY,http://creativecommons.org/licenses/by/4.0/legalcode,372813,,si
GBIF,4081106968,"Graneledone challengeri (S.S.Berry, 1916)",Graneledone challengeri,-43.1255,177.867833,350.5,347,354,1997-01-03,1997,New Zealand,Pacífico Sur,PRESERVED_SPECIMEN,4d0b1b2a-3209-49ce-bb93-7503e4868019,Earth Sciences New Zealand National Invertebrate Collection (NIC),10.15468/6qgswo,Earth Sciences New Zealand (ESNZ),Earth Sciences New Zealand,CC-BY,http://creativecommons.org/licenses/by/4.0/legalcode,532cf19e-28d4-41e6-9262-648d64f4c220,,si
GBIF,1065211524,"Graneledone pacifica G.L.Voss & Pearcy, 1990",Graneledone pacifica,44.46972,-125.26444,2450,1400,3500,1997-04-22,1997,United States of America,Pacífico Norte,PRESERVED_SPECIMEN,005eb8d8-ed94-41be-89cf-e3115a9058e4,FMNH Invertebrate Zoology,10.15468/6q5vuc,Field Museum,FMNH,CC0,http://creativecommons.org/publicdomain/zero/1.0/legalcode,5a3f7f50-e7ca-4994-ac4d-ffb683916af7,profundidad_rango_amplio_>1000m,si
GBIF,1065211548,"Graneledone pacifica G.L.Voss & Pearcy, 1990",Graneledone pacifica,44.47444,-125.28125,2012.5,1400,2625,1997-04-24,1997,United States of America,Pacífico Norte,PRESERVED_SPECIMEN,005eb8d8-ed94-41be-89cf-e3115a9058e4,FMNH Invertebrate Zoology,10.15468/6q5vuc,Field Museum,FMNH,CC0,http://creativecommons.org/publicdomain/zero/1.0/legalcode,bacc97b7-4578-4038-8c5e-cd20fa74ac09,profundidad_rango_amplio_>1000m,si
GBIF,1065211551,"Graneledone pacifica G.L.Voss & Pearcy, 1990",Graneledone pacifica,44.46764,-125.24986,1875,1350,2400,1997-04-22,1997,United States of America,Pacífico Norte,PRESERVED_SPECIMEN,005eb8d8-ed94-41be-89cf-e3115a9058e4,FMNH Invertebrate Zoology,10.15468/6q5vuc,Field Museum,FMNH,CC0,http://creativecommons.org/publicdomain/zero/1.0/legalcode,ff21b42b-3c52-49ab-a5a4-77a99a196c0c,profundidad_rango_amplio_>1000m,si
GBIF,1065211552,"Graneledone pacifica G.L.Voss & Pearcy, 1990",Graneledone pacifica,44.47069,-125.27569,1612.5,1400,1825,1997-04-23,1997,United States of America,Pacífico Norte,PRESERVED_SPECIMEN,005eb8d8-ed94-41be-89cf-e3115a9058e4,FMNH Invertebrate Zoology,10.15468/6q5vuc,Field Museum,FMNH,CC0,http://creativecommons.org/publicdomain/zero/1.0/legalcode,5634608c-b697-4b9c-8bf0-7fa71cd45ca7,,si
GBIF,1065211554,"Graneledone pacifica G.L.Voss & Pearcy, 1990",Graneledone pacifica,44.47444,-125.27167,1750,1350,2150,1997-04-22,1997,United States of America,Pacífico Norte,PRESERVED_SPECIMEN,005eb8d8-ed94-41be-89cf-e3115a9058e4,FMNH Invertebrate Zoology,10.15468/6q5vuc,Field Museum,FMNH,CC0,http://creativecommons.org/publicdomain/zero/1.0/legalcode,84727343-4254-4171-a416-061d69030047,,si
GBIF,1065211561,"Graneledone pacifica G.L.Voss & Pearcy, 1990",Graneledone pacifica,44.69583,-125.55069,2775,2750,2800,1997-04-18,1997,United States of America,Pacífico Norte,PRESERVED_SPECIMEN,005eb8d8-ed94-41be-89cf-e3115a9058e4,FMNH Invertebrate Zoology,10.15468/6q5vuc,Field Museum,FMNH,CC0,http://creativecommons.org/publicdomain/zero/1.0/legalcode,d300e67f-7784-43b2-b8a2-78cd77470692,,si
GBIF,1065211569,"Graneledone pacifica G.L.Voss & Pearcy, 1990",Graneledone pacifica,44.47472,-125.28292,1850,1300,2400,1997-04-21,1997,United States of America,Pacífico Norte,PRESERVED_SPECIMEN,005eb8d8-ed94-41be-89cf-e3115a9058e4,FMNH Invertebrate Zoology,10.15468/6q5vuc,Field Museum,FMNH,CC0,http://creativecommons.org/publicdomain/zero/1.0/legalcode,f743e2df-7f48-44c7-acc8-fae824ad2075,profundidad_rango_amplio_>1000m,si
GBIF,1065211573,"Graneledone pacifica G.L.Voss & Pearcy, 1990",Graneledone pacifica,44.47361,-125.28444,1950,1400,2500,1997-04-24,1997,United States of America,Pacífico Norte,PRESERVED_SPECIMEN,005eb8d8-ed94-41be-89cf-e3115a9058e4,FMNH Invertebrate Zoology,10.15468/6q5vuc,Field Museum,FMNH,CC0,http://creativecommons.org/publicdomain/zero/1.0/legalcode,8f83bdfe-1004-4199-9ce0-a8ae5b73311d,profundidad_rango_amplio_>1000m,si
GBIF,1065211574,"Graneledone pacifica G.L.Voss & Pearcy, 1990",Graneledone pacifica,44.47528,-125.27583,1875,1350,2400,1997-04-23,1997,United States of America,Pacífico Norte,PRESERVED_SPECIMEN,005eb8d8-ed94-41be-89cf-e3115a9058e4,FMNH Invertebrate Zoology,10.15468/6q5vuc,Field Museum,FMNH,CC0,http://creativecommons.org/publicdomain/zero/1.0/legalcode,09e7acb3-3602-42f4-a50a-b7d1097a67d4,profundidad_rango_amplio_>1000m,si
GBIF,1065211578,"Graneledone pacifica G.L.Voss & Pearcy, 1990",Graneledone pacifica,44.69069,-125.56708,2750,2750,2750,1997-04-17,1997,United States of America,Pacífico Norte,PRESERVED_SPECIMEN,005eb8d8-ed94-41be-89cf-e3115a9058e4,FMNH Invertebrate Zoology,10.15468/6q5vuc,Field Museum,FMNH,CC0,http://creativecommons.org/publicdomain/zero/1.0/legalcode,5c9d2f31-88fe-499f-ac91-4f348aa23b2e,,si
GBIF,1065211606,"Graneledone pacifica G.L.Voss & Pearcy, 1990",Graneledone pacifica,44.69361,-125.55764,2850,2850,2850,1997-04-17,1997,United States of America,Pacífico Norte,PRESERVED_SPECIMEN,005eb8d8-ed94-41be-89cf-e3115a9058e4,FMNH Invertebrate Zoology,10.15468/6q5vuc,Field Museum,FMNH,CC0,http://creativecommons.org/publicdomain/zero/1.0/legalcode,f23eda35-e3f1-4dfe-8041-7c5981702fd8,,si
GBIF,1427298898,"Graneledone Joubin, 1918",,-42.7883,-179.969,1039.5,1025,1054,1997-06-23T23:51/1997-06-24T00:55,1997,New Zealand,Pacífico Sur,HUMAN_OBSERVATION,2a636fd6-dc73-49c0-9e5b-26bd05532313,MBIS research trawl surveys,10.15468/ti5yah,Earth Sciences New Zealand (ESNZ),NIWA,CC-BY,http://creativecommons.org/licenses/by/4.0/legalcode,373316,,si
GBIF,1427298962,"Graneledone Joubin, 1918",,-42.7878,-179.97,986.5,963,1010,1997-06-25T14:48/1997-06-25T15:20,1997,New Zealand,Pacífico Sur,HUMAN_OBSERVATION,2a636fd6-dc73-49c0-9e5b-26bd05532313,MBIS research trawl surveys,10.15468/ti5yah,Earth Sciences New Zealand (ESNZ),NIWA,CC-BY,http://creativecommons.org/licenses/by/4.0/legalcode,373400,,si
GBIF,1427299238,"Graneledone Joubin, 1918",,-42.8275,-179.8903,948.5,895,1002,1997-07-01T02:58/1997-07-01T04:16,1997,New Zealand,Pacífico Sur,HUMAN_OBSERVATION,2a636fd6-dc73-49c0-9e5b-26bd05532313,MBIS research trawl surveys,10.15468/ti5yah,Earth Sciences New Zealand (ESNZ),NIWA,CC-BY,http://creativecommons.org/licenses/by/4.0/legalcode,373647,,si
GBIF,1543944604,"Graneledone verrucosa (A.E.Verrill, 1881)",Graneledone verrucosa,52.975179,0.51922,,,,1997-09-19,1997,United Kingdom of Great Britain and Northern Ireland,Atlántico Norte,HUMAN_OBSERVATION,139a966c-22d5-486b-bff2-cfcbccd6fdfc,Marine Nature Conservation Review (MNCR) and associated benthic marine data held and managed by JNCC,10.15468/kcx3ca,Joint Nature Conservation Committee,,CC-BY,http://creativecommons.org/licenses/by/4.0/legalcode,6a32f2d1-c5ec-4d11-99be-00f7ac91564d,sin_profundidad,si
GBIF,1065211516,"Graneledone pacifica G.L.Voss & Pearcy, 1990",Graneledone pacifica,48.4556,-128.7094,2410,2410,2410,1997-10-06,1997,Canada,Pacífico Norte,PRESERVED_SPECIMEN,005eb8d8-ed94-41be-89cf-e3115a9058e4,FMNH Invertebrate Zoology,10.15468/6q5vuc,Field Museum,FMNH,CC0,http://creativecommons.org/publicdomain/zero/1.0/legalcode,7c24978c-b93e-420f-82fd-6f5066fada05,,si
GBIF,1065211563,"Graneledone pacifica G.L.Voss & Pearcy, 1990",Graneledone pacifica,48.4556,-128.7094,2410,2410,2410,1997-10-06,1997,Canada,Pacífico Norte,PRESERVED_SPECIMEN,005eb8d8-ed94-41be-89cf-e3115a9058e4,FMNH Invertebrate Zoology,10.15468/6q5vuc,Field Museum,FMNH,CC0,http://creativecommons.org/publicdomain/zero/1.0/legalcode,772cbbf4-2093-4ef3-8d13-2f78dddbdb6d,,si
GBIF,1427299708,"Graneledone Joubin, 1918",,-44.693,174.3448,872.5,872,873,1997-11-13T17:09/1997-11-13T17:37,1997,New Zealand,Pacífico Sur,HUMAN_OBSERVATION,2a636fd6-dc73-49c0-9e5b-26bd05532313,MBIS research trawl surveys,10.15468/ti5yah,Earth Sciences New Zealand (ESNZ),NIWA,CC-BY,http://creativecommons.org/licenses/by/4.0/legalcode,374121,,si
GBIF,1427299711,"Graneledone Joubin, 1918",,-44.7353,174.3812,900,888,912,1997-11-19T10:39/1997-11-19T10:47,1997,New Zealand,Pacífico Sur,HUMAN_OBSERVATION,2a636fd6-dc73-49c0-9e5b-26bd05532313,MBIS research trawl surveys,10.15468/ti5yah,Earth Sciences New Zealand (ESNZ),NIWA,CC-BY,http://creativecommons.org/licenses/by/4.0/legalcode,374147,,si
GBIF,1427299840,"Graneledone Joubin, 1918",,-44.5458,174.0825,845,830,860,1997-11-13T20:00/1997-11-13T20:29,1997,New Zealand,Pacífico Sur,HUMAN_OBSERVATION,2a636fd6-dc73-49c0-9e5b-26bd05532313,MBIS research trawl surveys,10.15468/ti5yah,Earth Sciences New Zealand (ESNZ),NIWA,CC-BY,http://creativecommons.org/licenses/by/4.0/legalcode,374254,,si
GBIF,1427299884,"Graneledone Joubin, 1918",,-44.8057,173.4382,991,983,999,1997-11-29T13:29/1997-11-29T13:40,1997,New Zealand,Pacífico Sur,HUMAN_OBSERVATION,2a636fd6-dc73-49c0-9e5b-26bd05532313,MBIS research trawl surveys,10.15468/ti5yah,Earth Sciences New Zealand (ESNZ),NIWA,CC-BY,http://creativecommons.org/licenses/by/4.0/legalcode,374309,,si
GBIF,1427300668,"Graneledone Joubin, 1918",,-44.5447,174.0303,828.5,820,837,1997-11-18T10:29/1997-11-18T10:57,1997,New Zealand,Pacífico Sur,HUMAN_OBSERVATION,2a636fd6-dc73-49c0-9e5b-26bd05532313,MBIS research trawl surveys,10.15468/ti5yah,Earth Sciences New Zealand (ESNZ),NIWA,CC-BY,http://creativecommons.org/licenses/by/4.0/legalcode,375091,,si
GBIF,4081084843,"Graneledone taniwha O'Shea, 1999",Graneledone taniwha,-44.693,174.344833,872.5,872,873,1997-11-13,1997,New Zealand,Pacífico Sur,PRESERVED_SPECIMEN,4d0b1b2a-3209-49ce-bb93-7503e4868019,Earth Sciences New Zealand National Invertebrate Collection (NIC),10.15468/6qgswo,Earth Sciences New Zealand (ESNZ),Earth Sciences New Zealand,CC-BY,http://creativecommons.org/licenses/by/4.0/legalcode,ff2fa844-7cb6-4ba9-af88-517dd6314474,,si
GBIF,4081112768,"Graneledone taniwha O'Shea, 1999",Graneledone taniwha,-44.347167,174.615,628,628,628,1997-11-24,1997,New Zealand,Pacífico Sur,PRESERVED_SPECIMEN,4d0b1b2a-3209-49ce-bb93-7503e4868019,Earth Sciences New Zealand National Invertebrate Collection (NIC),10.15468/6qgswo,Earth Sciences New Zealand (ESNZ),Earth Sciences New Zealand,CC-BY,http://creativecommons.org/licenses/by/4.0/legalcode,614502ba-fa36-11e2-96b3-aa6f927c92a3,,si
GBIF,4081118689,"Graneledone taniwha O'Shea, 1999",Graneledone taniwha,-44.545833,174.0825,845,830,860,1997-11-13,1997,New Zealand,Pacífico Sur,PRESERVED_SPECIMEN,4d0b1b2a-3209-49ce-bb93-7503e4868019,Earth Sciences New Zealand National Invertebrate Collection (NIC),10.15468/6qgswo,Earth Sciences New Zealand (ESNZ),Earth Sciences New Zealand,CC-BY,http://creativecommons.org/licenses/by/4.0/legalcode,6bbad131-4136-4c98-98b9-1fb7a20bfa15,,si
GBIF,4081152471,"Graneledone taniwha O'Shea, 1999",Graneledone taniwha,-44.805667,173.438167,984.5,983,986,1997-11-29,1997,New Zealand,Pacífico Sur,PRESERVED_SPECIMEN,4d0b1b2a-3209-49ce-bb93-7503e4868019,Earth Sciences New Zealand National Invertebrate Collection (NIC),10.15468/6qgswo,Earth Sciences New Zealand (ESNZ),Earth Sciences New Zealand,CC-BY,http://creativecommons.org/licenses/by/4.0/legalcode,275c903c-42a9-4b0f-bef7-f65a1da87969,,si
GBIF,4081156818,"Graneledone taniwha O'Shea, 1999",Graneledone taniwha,-44.544667,174.030167,828.5,820,837,1997-11-18,1997,New Zealand,Pacífico Sur,PRESERVED_SPECIMEN,4d0b1b2a-3209-49ce-bb93-7503e4868019,Earth Sciences New Zealand National Invertebrate Collection (NIC),10.15468/6qgswo,Earth Sciences New Zealand (ESNZ),Earth Sciences New Zealand,CC-BY,http://creativecommons.org/licenses/by/4.0/legalcode,6f6fac07-5f5d-4856-9ca5-56af92fd7fa1,,si
GBIF,4081211675,"Graneledone taniwha O'Shea, 1999",Graneledone taniwha,-44.735333,174.381167,895,888,902,1997-11-19,1997,New Zealand,Pacífico Sur,PRESERVED_SPECIMEN,4d0b1b2a-3209-49ce-bb93-7503e4868019,Earth Sciences New Zealand National Invertebrate Collection (NIC),10.15468/6qgswo,Earth Sciences New Zealand (ESNZ),Earth Sciences New Zealand,CC-BY,http://creativecommons.org/licenses/by/4.0/legalcode,f8a998e3-389f-4c06-aa74-e7980118e8db,,si
GBIF,1427300050,"Graneledone Joubin, 1918",,-44.7522,173.8338,1025,1000,1050,1997-12-03T12:03/1997-12-03T12:21,1997,New Zealand,Pacífico Sur,HUMAN_OBSERVATION,2a636fd6-dc73-49c0-9e5b-26bd05532313,MBIS research trawl surveys,10.15468/ti5yah,Earth Sciences New Zealand (ESNZ),NIWA,CC-BY,http://creativecommons.org/licenses/by/4.0/legalcode,374481,,si
GBIF,1427300109,"Graneledone Joubin, 1918",,-44.7968,173.838,988,958,1018,1997-12-03T13:50/1997-12-03T14:10,1997,New Zealand,Pacífico Sur,HUMAN_OBSERVATION,2a636fd6-dc73-49c0-9e5b-26bd05532313,MBIS research trawl surveys,10.15468/ti5yah,Earth Sciences New Zealand (ESNZ),NIWA,CC-BY,http://creativecommons.org/licenses/by/4.0/legalcode,374505,,si
GBIF,1427300119,"Graneledone Joubin, 1918",,-44.7712,173.542,947.5,945,950,1997-12-04T18:51/1997-12-04T19:19,1997,New Zealand,Pacífico Sur,HUMAN_OBSERVATION,2a636fd6-dc73-49c0-9e5b-26bd05532313,MBIS research trawl surveys,10.15468/ti5yah,Earth Sciences New Zealand (ESNZ),NIWA,CC-BY,http://creativecommons.org/licenses/by/4.0/legalcode,374529,,si
GBIF,1427300143,"Graneledone Joubin, 1918",,-44.913,174.0292,1051.5,1013,1090,1997-12-05T04:12/1997-12-05T04:29,1997,New Zealand,Pacífico Sur,HUMAN_OBSERVATION,2a636fd6-dc73-49c0-9e5b-26bd05532313,MBIS research trawl surveys,10.15468/ti5yah,Earth Sciences New Zealand (ESNZ),NIWA,CC-BY,http://creativecommons.org/licenses/by/4.0/legalcode,374554,,si
GBIF,1427300171,"Graneledone Joubin, 1918",,-44.9613,174.1872,1046,1041,1051,1997-12-05T05:54/1997-12-05T06:54,1997,New Zealand,Pacífico Sur,HUMAN_OBSERVATION,2a636fd6-dc73-49c0-9e5b-26bd05532313,MBIS research trawl surveys,10.15468/ti5yah,Earth Sciences New Zealand (ESNZ),NIWA,CC-BY,http://creativecommons.org/licenses/by/4.0/legalcode,374587,,si
GBIF,1427300188,"Graneledone Joubin, 1918",,-44.8873,174.1582,946.5,933,960,1997-12-05T23:19/1997-12-05T23:47,1997,New Zealand,Pacífico Sur,HUMAN_OBSERVATION,2a636fd6-dc73-49c0-9e5b-26bd05532313,MBIS research trawl surveys,10.15468/ti5yah,Earth Sciences New Zealand (ESNZ),NIWA,CC-BY,http://creativecommons.org/licenses/by/4.0/legalcode,374612,,si
GBIF,1427300244,"Graneledone Joubin, 1918",,-45.0777,174.3975,1079,1078,1080,1997-12-06T03:58/1997-12-06T04:27,1997,New Zealand,Pacífico Sur,HUMAN_OBSERVATION,2a636fd6-dc73-49c0-9e5b-26bd05532313,MBIS research trawl surveys,10.15468/ti5yah,Earth Sciences New Zealand (ESNZ),NIWA,CC-BY,http://creativecommons.org/licenses/by/4.0/legalcode,374669,,si
GBIF,1427300321,"Graneledone Joubin, 1918",,-44.8108,174.3257,901,896,906,1997-12-07T17:12/1997-12-07T17:21,1997,New Zealand,Pacífico Sur,HUMAN_OBSERVATION,2a636fd6-dc73-49c0-9e5b-26bd05532313,MBIS research trawl surveys,10.15468/ti5yah,Earth Sciences New Zealand (ESNZ),NIWA,CC-BY,http://creativecommons.org/licenses/by/4.0/legalcode,374740,,si
GBIF,4081066493,"Graneledone taniwha O'Shea, 1999",Graneledone taniwha,-44.810833,174.325667,901,896,906,1997-12-07,1997,New Zealand,Pacífico Sur,PRESERVED_SPECIMEN,4d0b1b2a-3209-49ce-bb93-7503e4868019,Earth Sciences New Zealand National Invertebrate Collection (NIC),10.15468/6qgswo,Earth Sciences New Zealand (ESNZ),Earth Sciences New Zealand,CC-BY,http://creativecommons.org/licenses/by/4.0/legalcode,268c2252-36e1-4f9f-8b0e-555399ae04f8,,si
GBIF,4081070973,"Graneledone challengeri (S.S.Berry, 1916)",Graneledone challengeri,-45.077667,174.3975,1080,1080,1080,1997-12-06,1997,New Zealand,Pacífico Sur,PRESERVED_SPECIMEN,4d0b1b2a-3209-49ce-bb93-7503e4868019,Earth Sciences New Zealand National Invertebrate Collection (NIC),10.15468/6qgswo,Earth Sciences New Zealand (ESNZ),Earth Sciences New Zealand,CC-BY,http://creativecommons.org/licenses/by/4.0/legalcode,e143d0b1-6436-4f93-ad58-269bf95c9505,,si
GBIF,4081073889,"Graneledone taniwha O'Shea, 1999",Graneledone taniwha,-44.752167,173.833667,1025,1000,1050,1997-12-03,1997,New Zealand,Pacífico Sur,PRESERVED_SPECIMEN,4d0b1b2a-3209-49ce-bb93-7503e4868019,Earth Sciences New Zealand National Invertebrate Collection (NIC),10.15468/6qgswo,Earth Sciences New Zealand (ESNZ),Earth Sciences New Zealand,CC-BY,http://creativecommons.org/licenses/by/4.0/legalcode,e198c788-6ae7-4f6f-bb61-be8fce874f83,,si
GBIF,4081114464,"Graneledone challengeri (S.S.Berry, 1916)",Graneledone challengeri,-44.913,174.029167,1051.5,1013,1090,1997-12-05,1997,New Zealand,Pacífico Sur,PRESERVED_SPECIMEN,4d0b1b2a-3209-49ce-bb93-7503e4868019,Earth Sciences New Zealand National Invertebrate Collection (NIC),10.15468/6qgswo,Earth Sciences New Zealand (ESNZ),Earth Sciences New Zealand,CC-BY,http://creativecommons.org/licenses/by/4.0/legalcode,6e32d244-6608-40eb-8882-e5e5b9777be5,,si
GBIF,4081196583,"Graneledone taniwha O'Shea, 1999",Graneledone taniwha,-44.771167,173.542,947.5,945,950,1997-12-04,1997,New Zealand,Pacífico Sur,PRESERVED_SPECIMEN,4d0b1b2a-3209-49ce-bb93-7503e4868019,Earth Sciences New Zealand National Invertebrate Collection (NIC),10.15468/6qgswo,Earth Sciences New Zealand (ESNZ),Earth Sciences New Zealand,CC-BY,http://creativecommons.org/licenses/by/4.0/legalcode,6bf4e923-86d0-4ad8-96f2-6641140f31a7,,si
GBIF,4081211493,"Graneledone taniwha O'Shea, 1999",Graneledone taniwha,-44.796833,173.838,999,980,1018,1997-12-03,1997,New Zealand,Pacífico Sur,PRESERVED_SPECIMEN,4d0b1b2a-3209-49ce-bb93-7503e4868019,Earth Sciences New Zealand National Invertebrate Collection (NIC),10.15468/6qgswo,Earth Sciences New Zealand (ESNZ),Earth Sciences New Zealand,CC-BY,http://creativecommons.org/licenses/by/4.0/legalcode,f2caec7c-6abf-463f-88ea-6771bc05e44e,,si
GBIF,1427290306,"Graneledone Joubin, 1918",,-44.5545,173.6472,728,720,736,1996-01-09T07:58/1996-01-09T08:49,1996,New Zealand,Pacífico Sur,HUMAN_OBSERVATION,2a636fd6-dc73-49c0-9e5b-26bd05532313,MBIS research trawl surveys,10.15468/ti5yah,Earth Sciences New Zealand (ESNZ),NIWA,CC-BY,http://creativecommons.org/licenses/by/4.0/legalcode,364754,,si
GBIF,1065097218,"Graneledone verrucosa (A.E.Verrill, 1881)",Graneledone verrucosa,38.4167,-73.75,823,183,1463,1996-03-15,1996,United States of America,Atlántico Norte,PRESERVED_SPECIMEN,005eb8d8-ed94-41be-89cf-e3115a9058e4,FMNH Invertebrate Zoology,10.15468/6q5vuc,Field Museum,FMNH,CC0,http://creativecommons.org/publicdomain/zero/1.0/legalcode,0bd43ba8-fa8e-4dae-b0bf-db887ba9177b,profundidad_rango_amplio_>1000m,si
GBIF,1427294332,"Graneledone Joubin, 1918",,-48.5097,171.3578,945,930,960,1996-04-20T07:29/1996-04-20T08:22,1996,New Zealand,Pacífico Sur,HUMAN_OBSERVATION,2a636fd6-dc73-49c0-9e5b-26bd05532313,MBIS research trawl surveys,10.15468/ti5yah,Earth Sciences New Zealand (ESNZ),NIWA,CC-BY,http://creativecommons.org/licenses/by/4.0/legalcode,368725,,si
GBIF,1427294642,"Graneledone Joubin, 1918",,-47.6265,169.2547,591.5,585,598,1996-04-24T10:46/1996-04-24T11:38,1996,New Zealand,Pacífico Sur,HUMAN_OBSERVATION,2a636fd6-dc73-49c0-9e5b-26bd05532313,MBIS research trawl surveys,10.15468/ti5yah,Earth Sciences New Zealand (ESNZ),NIWA,CC-BY,http://creativecommons.org/licenses/by/4.0/legalcode,369059,,si
GBIF,1427294892,"Graneledone Joubin, 1918",,-42.7448,-178.756,886,872,900,1996-06-17T06:44/1996-06-17T07:15,1996,New Zealand,Pacífico Sur,HUMAN_OBSERVATION,2a636fd6-dc73-49c0-9e5b-26bd05532313,MBIS research trawl surveys,10.15468/ti5yah,Earth Sciences New Zealand (ESNZ),NIWA,CC-BY,http://creativecommons.org/licenses/by/4.0/legalcode,369308,,si
GBIF,1427295110,"Graneledone Joubin, 1918",,-42.8308,178.928,1046.5,1044,1049,1996-06-19T02:18/1996-06-19T02:48,1996,New Zealand,Pacífico Sur,HUMAN_OBSERVATION,2a636fd6-dc73-49c0-9e5b-26bd05532313,MBIS research trawl surveys,10.15468/ti5yah,Earth Sciences New Zealand (ESNZ),NIWA,CC-BY,http://creativecommons.org/licenses/by/4.0/legalcode,369509,,si
GBIF,1427295213,"Graneledone Joubin, 1918",,-42.8595,179.8335,890.5,888,893,1996-06-20T02:14/1996-06-20T02:44,1996,New Zealand,Pacífico Sur,HUMAN_OBSERVATION,2a636fd6-dc73-49c0-9e5b-26bd05532313,MBIS research trawl surveys,10.15468/ti5yah,Earth Sciences New Zealand (ESNZ),NIWA,CC-BY,http://creativecommons.org/licenses/by/4.0/legalcode,369637,,si
GBIF,1427295293,"Graneledone Joubin, 1918",,-42.91,178.915,781,777,785,1996-06-13T07:55/1996-06-13T08:23,1996,New Zealand,Pacífico Sur,HUMAN_OBSERVATION,2a636fd6-dc73-49c0-9e5b-26bd05532313,MBIS research trawl surveys,10.15468/ti5yah,Earth Sciences New Zealand (ESNZ),NIWA,CC-BY,http://creativecommons.org/licenses/by/4.0/legalcode,369708,,si
GBIF,1427295314,"Graneledone Joubin, 1918",,-42.8148,179.103,1112.5,1101,1124,1996-06-13T09:59/1996-06-13T10:28,1996,New Zealand,Pacífico Sur,HUMAN_OBSERVATION,2a636fd6-dc73-49c0-9e5b-26bd05532313,MBIS research trawl surveys,10.15468/ti5yah,Earth Sciences New Zealand (ESNZ),NIWA,CC-BY,http://creativecommons.org/licenses/by/4.0/legalcode,369772,,si
GBIF,4081108716,"Graneledone taniwha O'Shea, 1999",Graneledone taniwha,-42.81483,179.103,1101,1101,1101,1996-06-13,1996,New Zealand,Pacífico Sur,PRESERVED_SPECIMEN,4d0b1b2a-3209-49ce-bb93-7503e4868019,Earth Sciences New Zealand National Invertebrate Collection (NIC),10.15468/6qgswo,Earth Sciences New Zealand (ESNZ),Earth Sciences New Zealand,CC-BY,http://creativecommons.org/licenses/by/4.0/legalcode,6137a00c-fa36-11e2-96b3-aa6f927c92a3,,si
GBIF,4081112701,"Graneledone taniwha O'Shea, 1999",Graneledone taniwha,-42.74483,-178.756,872,872,872,1996-06-17,1996,New Zealand,Pacífico Sur,PRESERVED_SPECIMEN,4d0b1b2a-3209-49ce-bb93-7503e4868019,Earth Sciences New Zealand National Invertebrate Collection (NIC),10.15468/6qgswo,Earth Sciences New Zealand (ESNZ),Earth Sciences New Zealand,CC-BY,http://creativecommons.org/licenses/by/4.0/legalcode,61379b16-fa36-11e2-96b3-aa6f927c92a3,,si
GBIF,6045649150,"Graneledone taniwha O'Shea, 1999",Graneledone taniwha,-42.8595,179.835,890.5,888,893,1996-06-20,1996,New Zealand,Pacífico Sur,PRESERVED_SPECIMEN,ff2ed94e-45ee-4dde-8e1f-0a4798f61a12,Mollusc collection at Museum of New Zealand Te Papa Tongarewa,10.15468/msce6x,Museum of New Zealand Te Papa Tongarewa,NMNZ,CC-BY,http://creativecommons.org/licenses/by/4.0/legalcode,tepapa:collection/object/509371,,si
GBIF,1427295625,"Graneledone Joubin, 1918",,-42.8448,-177.0403,836.5,806,867,1996-08-01T15:46/1996-08-01T16:14,1996,New Zealand,Pacífico Sur,HUMAN_OBSERVATION,2a636fd6-dc73-49c0-9e5b-26bd05532313,MBIS research trawl surveys,10.15468/ti5yah,Earth Sciences New Zealand (ESNZ),NIWA,CC-BY,http://creativecommons.org/licenses/by/4.0/legalcode,370051,,si
GBIF,1427295859,"Graneledone Joubin, 1918",,-42.8057,-176.7808,972.5,942,1003,1996-08-03T02:17/1996-08-03T02:45,1996,New Zealand,Pacífico Sur,HUMAN_OBSERVATION,2a636fd6-dc73-49c0-9e5b-26bd05532313,MBIS research trawl surveys,10.15468/ti5yah,Earth Sciences New Zealand (ESNZ),NIWA,CC-BY,http://creativecommons.org/licenses/by/4.0/legalcode,370233,,si
GBIF,4081144733,"Graneledone taniwha O'Shea, 1999",Graneledone taniwha,-42.84483,177.0403,836.5,806,867,1996-08-01,1996,New Zealand,Pacífico Sur,PRESERVED_SPECIMEN,4d0b1b2a-3209-49ce-bb93-7503e4868019,Earth Sciences New Zealand National Invertebrate Collection (NIC),10.15468/6qgswo,Earth Sciences New Zealand (ESNZ),Earth Sciences New Zealand,CC-BY,http://creativecommons.org/licenses/by/4.0/legalcode,6137e60c-fa36-11e2-96b3-aa6f927c92a3,,si
GBIF,1427296366,"Graneledone Joubin, 1918",,-41.7747,175.4013,1044,1041,1047,1996-09-28T10:19/1996-09-28T10:29,1996,New Zealand,Pacífico Sur,HUMAN_OBSERVATION,2a636fd6-dc73-49c0-9e5b-26bd05532313,MBIS research trawl surveys,10.15468/ti5yah,Earth Sciences New Zealand (ESNZ),NIWA,CC-BY,http://creativecommons.org/licenses/by/4.0/legalcode,370787,,si
GBIF,1427296476,"Graneledone Joubin, 1918",,-41.774,175.399,1037.5,1030,1045,1996-09-29T04:00/1996-09-29T04:30,1996,New Zealand,Pacífico Sur,HUMAN_OBSERVATION,2a636fd6-dc73-49c0-9e5b-26bd05532313,MBIS research trawl surveys,10.15468/ti5yah,Earth Sciences New Zealand (ESNZ),NIWA,CC-BY,http://creativecommons.org/licenses/by/4.0/legalcode,370862,,si
GBIF,4081059899,"Graneledone challengeri (S.S.Berry, 1916)",Graneledone challengeri,-36.97867,176.29,420,420,420,1996-09-26,1996,New Zealand,Pacífico Sur,PRESERVED_SPECIMEN,4d0b1b2a-3209-49ce-bb93-7503e4868019,Earth Sciences New Zealand National Invertebrate Collection (NIC),10.15468/6qgswo,Earth Sciences New Zealand (ESNZ),Earth Sciences New Zealand,CC-BY,http://creativecommons.org/licenses/by/4.0/legalcode,13a90bce-a135-4b12-acb7-b4b23830fd98,,si
GBIF,5792179690,"Graneledone verrucosa (A.E.Verrill, 1881)",Graneledone verrucosa,50.035605,-5.213198,,,,1996-09-28,1996,United Kingdom of Great Britain and Northern Ireland,Atlántico Norte,OCCURRENCE,e0fddf5e-41d2-41fe-92a5-cfdd588823a0,Marine Life Survey Data (collected by volunteers) collated by MarLIN,10.15468/6dnmvw,Flanders Marine Institute,Marine Biological Association,CC-BY,http://creativecommons.org/licenses/by/4.0/legalcode,urn:catalog:Marine Biological Association:7983:71396144,sin_profundidad,si
GBIF,6003682960,"Graneledone verrucosa (A.E.Verrill, 1881)",Graneledone verrucosa,50.086935,-5.095688,,,,1996-09-28,1996,United Kingdom of Great Britain and Northern Ireland,Atlántico Norte,HUMAN_OBSERVATION,6df4cdef-c55d-4a03-9055-3cbadcdd05aa,DASSH Data Archive Centre volunteer survey data,10.15468/pjowth,Marine Biological Association,,CC-BY,http://creativecommons.org/licenses/by/4.0/legalcode,0e46c662-00aa-4dae-b07a-6a0c3c3b5ea0,sin_profundidad,si
GBIF,3344693048,"Graneledone Joubin, 1918",,-61.009998,-55.118,142,142,142,1996-11-25,1996,Antarctica,Océano Austral,PRESERVED_SPECIMEN,968dfa3e-3614-4bab-a3b5-e9209bdd6078,Ocean Genome Legacy Collection,10.15468/jzgqtc,United States Geological Survey,OGL,CC-BY,http://creativecommons.org/licenses/by/4.0/legalcode,OGL_MSC_NortheasternUniversity_S07983,profundidad_<300m_revisar,si
GBIF,6045670703,"Graneledone challengeri (S.S.Berry, 1916)",Graneledone challengeri,-44.23,178.95,1018,1018,1018,1996-11-16,1996,New Zealand,Pacífico Sur,PRESERVED_SPECIMEN,ff2ed94e-45ee-4dde-8e1f-0a4798f61a12,Mollusc collection at Museum of New Zealand Te Papa Tongarewa,10.15468/msce6x,Museum of New Zealand Te Papa Tongarewa,NMNZ,CC-BY,http://creativecommons.org/licenses/by/4.0/legalcode,tepapa:collection/object/792169,,si
GBIF,6045789563,"Graneledone taniwha O'Shea, 1999",Graneledone taniwha,-42.72,175.42,1040,1040,1040,1996-11-10,1996,New Zealand,Pacífico Sur,PRESERVED_SPECIMEN,ff2ed94e-45ee-4dde-8e1f-0a4798f61a12,Mollusc collection at Museum of New Zealand Te Papa Tongarewa,10.15468/msce6x,Museum of New Zealand Te Papa Tongarewa,NMNZ,CC-BY,http://creativecommons.org/licenses/by/4.0/legalcode,tepapa:collection/object/757588,,si
GBIF,1320246774,"Graneledone antarctica G.L.Voss, 1976",Graneledone antarctica,-61.31,-57.03,1476,1440,1512,1996-12-09,1996,Antarctica,Océano Austral,PRESERVED_SPECIMEN,821cc27a-e3bb-4bc5-ac34-89ada245069d,NMNH Extant Biology,10.15468/hnhrg3,"National Museum of Natural History, Smithsonian Institution",USNM,CC0,http://creativecommons.org/publicdomain/zero/1.0/legalcode,http://n2t.net/ark:/65665/386a76b29-7dd5-468c-9f6b-eae4025f141c,,si
GBIF,2611442534,"Graneledone antarctica G.L.Voss, 1976",Graneledone antarctica,-61.31,-57.028333,1476,1440,1512,1996-12-08,1996,Antarctica,Océano Austral,HUMAN_OBSERVATION,7e3091f0-f762-11e1-a439-00145eb45e9a,Southern Ocean octopus,10.15468/wdwgdu,SCAR - AntOBIS,,CC-BY,http://creativecommons.org/licenses/by/4.0/legalcode,Octopus_2802_1317,,si
GBIF,3349685221,"Graneledone antarctica G.L.Voss, 1976",Graneledone antarctica,-61.31,-57.03,,,,1996-12-08,1996,Antarctica,Océano Austral,PRESERVED_SPECIMEN,d8cd16ba-bb74-4420-821e-083f2bac17c2,INSDC Sequences,10.15468/sbmztx,European Nucleotide Archive (EMBL-EBI),,CC-BY,http://creativecommons.org/licenses/by/4.0/legalcode,EU071436,sin_profundidad,si
GBIF,6045640069,"Graneledone challengeri (S.S.Berry, 1916)",Graneledone challengeri,-42.58,175.48,1437.5,1430,1445,1996-12-15,1996,New Zealand,Pacífico Sur,PRESERVED_SPECIMEN,ff2ed94e-45ee-4dde-8e1f-0a4798f61a12,Mollusc collection at Museum of New Zealand Te Papa Tongarewa,10.15468/msce6x,Museum of New Zealand Te Papa Tongarewa,NMNZ,CC-BY,http://creativecommons.org/licenses/by/4.0/legalcode,tepapa:collection/object/757582,,si
GBIF,1427277243,"Graneledone Joubin, 1918",,-42.8762,-177.1898,750,740,760,1995-01-06T10:02/1995-01-06T10:53,1995,New Zealand,Pacífico Sur,HUMAN_OBSERVATION,2a636fd6-dc73-49c0-9e5b-26bd05532313,MBIS research trawl surveys,10.15468/ti5yah,Earth Sciences New Zealand (ESNZ),NIWA,CC-BY,http://creativecommons.org/licenses/by/4.0/legalcode,351664,,si
GBIF,4081185606,"Graneledone challengeri (S.S.Berry, 1916)",Graneledone challengeri,-37.8,179.4,1050,1050,1050,1995-03-18,1995,New Zealand,Pacífico Sur,PRESERVED_SPECIMEN,4d0b1b2a-3209-49ce-bb93-7503e4868019,Earth Sciences New Zealand National Invertebrate Collection (NIC),10.15468/6qgswo,Earth Sciences New Zealand (ESNZ),Earth Sciences New Zealand,CC-BY,http://creativecommons.org/licenses/by/4.0/legalcode,61378108-fa36-11e2-96b3-aa6f927c92a3,,si
GBIF,1427280831,"Graneledone Joubin, 1918",,-37.5525,179.2348,941.5,888,995,1995-05-10T12:55/1995-05-10T13:33,1995,New Zealand,Pacífico Sur,HUMAN_OBSERVATION,2a636fd6-dc73-49c0-9e5b-26bd05532313,MBIS research trawl surveys,10.15468/ti5yah,Earth Sciences New Zealand (ESNZ),NIWA,CC-BY,http://creativecommons.org/licenses/by/4.0/legalcode,355285,,si
GBIF,1427280948,"Graneledone Joubin, 1918",,-37.7962,178.967,925.5,865,986,1995-05-06T04:38/1995-05-06T05:18,1995,New Zealand,Pacífico Sur,HUMAN_OBSERVATION,2a636fd6-dc73-49c0-9e5b-26bd05532313,MBIS research trawl surveys,10.15468/ti5yah,Earth Sciences New Zealand (ESNZ),NIWA,CC-BY,http://creativecommons.org/licenses/by/4.0/legalcode,355369,,si
GBIF,1427281966,"Graneledone Joubin, 1918",,-37.4035,178.637,916.5,783,1050,1995-05-19T17:32/1995-05-19T17:42,1995,New Zealand,Pacífico Sur,HUMAN_OBSERVATION,2a636fd6-dc73-49c0-9e5b-26bd05532313,MBIS research trawl surveys,10.15468/ti5yah,Earth Sciences New Zealand (ESNZ),NIWA,CC-BY,http://creativecommons.org/licenses/by/4.0/legalcode,356370,,si
GBIF,1427282083,"Graneledone Joubin, 1918",,-37.6837,179.3623,924.5,919,930,1995-06-26T07:11/1995-06-26T07:22,1995,New Zealand,Pacífico Sur,HUMAN_OBSERVATION,2a636fd6-dc73-49c0-9e5b-26bd05532313,MBIS research trawl surveys,10.15468/ti5yah,Earth Sciences New Zealand (ESNZ),NIWA,CC-BY,http://creativecommons.org/licenses/by/4.0/legalcode,356512,,si
GBIF,1065281030,"Graneledone verrucosa (A.E.Verrill, 1881)",Graneledone verrucosa,42.39,-63.31,1280,1097,1463,1995-07,1995,Canada,Atlántico Norte,PRESERVED_SPECIMEN,005eb8d8-ed94-41be-89cf-e3115a9058e4,FMNH Invertebrate Zoology,10.15468/6q5vuc,Field Museum,FMNH,CC0,http://creativecommons.org/publicdomain/zero/1.0/legalcode,51f536de-5f57-4315-a4c8-3fa15468d54a,,si
GBIF,1427150092,"Graneledone Joubin, 1918",,-42.7938,-176.6793,1002,1000,1004,1995-07-12T14:58/1995-07-12T15:28,1995,New Zealand,Pacífico Sur,HUMAN_OBSERVATION,2a636fd6-dc73-49c0-9e5b-26bd05532313,MBIS research trawl surveys,10.15468/ti5yah,Earth Sciences New Zealand (ESNZ),NIWA,CC-BY,http://creativecommons.org/licenses/by/4.0/legalcode,224543,,si
GBIF,1427150125,"Graneledone Joubin, 1918",,-42.7555,-176.8315,1086,1084,1088,1995-07-12T10:02/1995-07-12T10:32,1995,New Zealand,Pacífico Sur,HUMAN_OBSERVATION,2a636fd6-dc73-49c0-9e5b-26bd05532313,MBIS research trawl surveys,10.15468/ti5yah,Earth Sciences New Zealand (ESNZ),NIWA,CC-BY,http://creativecommons.org/licenses/by/4.0/legalcode,224512,,si
GBIF,1427283510,"Graneledone Joubin, 1918",,-42.7967,-176.6843,997.5,992,1003,1995-07-12T14:56/1995-07-12T15:25,1995,New Zealand,Pacífico Sur,HUMAN_OBSERVATION,2a636fd6-dc73-49c0-9e5b-26bd05532313,MBIS research trawl surveys,10.15468/ti5yah,Earth Sciences New Zealand (ESNZ),NIWA,CC-BY,http://creativecommons.org/licenses/by/4.0/legalcode,357929,,si
GBIF,1427283674,"Graneledone Joubin, 1918",,-42.7597,-177.0502,1066,1063,1069,1995-07-10T03:06/1995-07-10T03:36,1995,New Zealand,Pacífico Sur,HUMAN_OBSERVATION,2a636fd6-dc73-49c0-9e5b-26bd05532313,MBIS research trawl surveys,10.15468/ti5yah,Earth Sciences New Zealand (ESNZ),NIWA,CC-BY,http://creativecommons.org/licenses/by/4.0/legalcode,358102,,si
GBIF,1427284353,"Graneledone Joubin, 1918",,-42.8088,-176.9898,937,935,939,1995-07-19T03:20/1995-07-19T03:51,1995,New Zealand,Pacífico Sur,HUMAN_OBSERVATION,2a636fd6-dc73-49c0-9e5b-26bd05532313,MBIS research trawl surveys,10.15468/ti5yah,Earth Sciences New Zealand (ESNZ),NIWA,CC-BY,http://creativecommons.org/licenses/by/4.0/legalcode,358787,,si
GBIF,1427284502,"Graneledone Joubin, 1918",,-42.9052,-176.1167,859,858,860,1995-07-19T19:03/1995-07-19T19:32,1995,New Zealand,Pacífico Sur,HUMAN_OBSERVATION,2a636fd6-dc73-49c0-9e5b-26bd05532313,MBIS research trawl surveys,10.15468/ti5yah,Earth Sciences New Zealand (ESNZ),NIWA,CC-BY,http://creativecommons.org/licenses/by/4.0/legalcode,358938,,si
GBIF,1427284572,"Graneledone Joubin, 1918",,-42.8482,-176.6362,885.5,876,895,1995-07-20T02:20/1995-07-20T02:53,1995,New Zealand,Pacífico Sur,HUMAN_OBSERVATION,2a636fd6-dc73-49c0-9e5b-26bd05532313,MBIS research trawl surveys,10.15468/ti5yah,Earth Sciences New Zealand (ESNZ),NIWA,CC-BY,http://creativecommons.org/licenses/by/4.0/legalcode,359023,,si
GBIF,1427284615,"Graneledone Joubin, 1918",,-42.854,-176.6875,864,863,865,1995-07-20T04:01/1995-07-20T04:35,1995,New Zealand,Pacífico Sur,HUMAN_OBSERVATION,2a636fd6-dc73-49c0-9e5b-26bd05532313,MBIS research trawl surveys,10.15468/ti5yah,Earth Sciences New Zealand (ESNZ),NIWA,CC-BY,http://creativecommons.org/licenses/by/4.0/legalcode,359042,,si
GBIF,1427284621,"Graneledone Joubin, 1918",,-42.8087,-177.0313,930.5,926,935,1995-07-20T06:35/1995-07-20T07:09,1995,New Zealand,Pacífico Sur,HUMAN_OBSERVATION,2a636fd6-dc73-49c0-9e5b-26bd05532313,MBIS research trawl surveys,10.15468/ti5yah,Earth Sciences New Zealand (ESNZ),NIWA,CC-BY,http://creativecommons.org/licenses/by/4.0/legalcode,359079,,si
GBIF,1065211562,"Graneledone verrucosa (A.E.Verrill, 1881)",Graneledone verrucosa,53.1969,-51.9469,1145,1145,1145,1995-09-17,1995,Canada,Atlántico Norte,PRESERVED_SPECIMEN,005eb8d8-ed94-41be-89cf-e3115a9058e4,FMNH Invertebrate Zoology,10.15468/6q5vuc,Field Museum,FMNH,CC0,http://creativecommons.org/publicdomain/zero/1.0/legalcode,78b97868-7803-40f9-96d9-92941025ef4a,,si
GBIF,4081081464,"Graneledone challengeri (S.S.Berry, 1916)",Graneledone challengeri,-39.9,178.2,1045,960,1130,1995-09-08,1995,New Zealand,Pacífico Sur,PRESERVED_SPECIMEN,4d0b1b2a-3209-49ce-bb93-7503e4868019,Earth Sciences New Zealand National Invertebrate Collection (NIC),10.15468/6qgswo,Earth Sciences New Zealand (ESNZ),Earth Sciences New Zealand,CC-BY,http://creativecommons.org/licenses/by/4.0/legalcode,40e8cee3-7b81-43a9-85ce-56221b4619b1,,si
GBIF,5996821832,"Graneledone verrucosa (A.E.Verrill, 1881)",Graneledone verrucosa,56.664065,-5.945273,,,,1995-09-30,1995,United Kingdom of Great Britain and Northern Ireland,Atlántico Norte,HUMAN_OBSERVATION,edd017b6-bf00-4b00-93ad-9789c42a36b1,"Species data for Scottish waters held and managed by Scottish Natural Heritage, derived from benthic surveys 1993 to 2018",10.15468/faxvgd,NatureScot,NatureScot,CC-BY,http://creativecommons.org/licenses/by/4.0/legalcode,5d499152-6fd9-4e9e-bc04-603c3c1103ce,sin_profundidad,si
GBIF,5996871707,"Graneledone verrucosa (A.E.Verrill, 1881)",Graneledone verrucosa,56.659177,-5.951945,,,,1995-09-30,1995,United Kingdom of Great Britain and Northern Ireland,Atlántico Norte,HUMAN_OBSERVATION,edd017b6-bf00-4b00-93ad-9789c42a36b1,"Species data for Scottish waters held and managed by Scottish Natural Heritage, derived from benthic surveys 1993 to 2018",10.15468/faxvgd,NatureScot,NatureScot,CC-BY,http://creativecommons.org/licenses/by/4.0/legalcode,56c5f3c3-8bda-4cd5-984d-9e70ee93d505,sin_profundidad,si
GBIF,5996878880,"Graneledone verrucosa (A.E.Verrill, 1881)",Graneledone verrucosa,56.669676,-5.82027,,,,1995-09-30,1995,United Kingdom of Great Britain and Northern Ireland,Atlántico Norte,HUMAN_OBSERVATION,edd017b6-bf00-4b00-93ad-9789c42a36b1,"Species data for Scottish waters held and managed by Scottish Natural Heritage, derived from benthic surveys 1993 to 2018",10.15468/faxvgd,NatureScot,NatureScot,CC-BY,http://creativecommons.org/licenses/by/4.0/legalcode,b27e0962-ca40-4b7f-ba48-6942b181463e,sin_profundidad,si
GBIF,5996988058,"Graneledone verrucosa (A.E.Verrill, 1881)",Graneledone verrucosa,56.668416,-5.823245,,,,1995-09-30,1995,United Kingdom of Great Britain and Northern Ireland,Atlántico Norte,HUMAN_OBSERVATION,edd017b6-bf00-4b00-93ad-9789c42a36b1,"Species data for Scottish waters held and managed by Scottish Natural Heritage, derived from benthic surveys 1993 to 2018",10.15468/faxvgd,NatureScot,NatureScot,CC-BY,http://creativecommons.org/licenses/by/4.0/legalcode,fd4890b2-8c1e-49e4-b39e-435200ef4fc8,sin_profundidad,si
GBIF,5996991989,"Graneledone verrucosa (A.E.Verrill, 1881)",Graneledone verrucosa,56.69722,-5.721412,,,,1995-09-28,1995,United Kingdom of Great Britain and Northern Ireland,Atlántico Norte,HUMAN_OBSERVATION,edd017b6-bf00-4b00-93ad-9789c42a36b1,"Species data for Scottish waters held and managed by Scottish Natural Heritage, derived from benthic surveys 1993 to 2018",10.15468/faxvgd,NatureScot,NatureScot,CC-BY,http://creativecommons.org/licenses/by/4.0/legalcode,25a25e8d-ad12-4de0-b957-88c7b36fa128,sin_profundidad,si
GBIF,5997027932,"Graneledone verrucosa (A.E.Verrill, 1881)",Graneledone verrucosa,56.697846,-5.727521,,,,1995-09-28,1995,United Kingdom of Great Britain and Northern Ireland,Atlántico Norte,HUMAN_OBSERVATION,edd017b6-bf00-4b00-93ad-9789c42a36b1,"Species data for Scottish waters held and managed by Scottish Natural Heritage, derived from benthic surveys 1993 to 2018",10.15468/faxvgd,NatureScot,NatureScot,CC-BY,http://creativecommons.org/licenses/by/4.0/legalcode,1cce8c8b-2bd0-44b3-a1b7-f88785da1df0,sin_profundidad,si
GBIF,5997216408,"Graneledone verrucosa (A.E.Verrill, 1881)",Graneledone verrucosa,56.699925,-5.751098,,,,1995-09-28,1995,United Kingdom of Great Britain and Northern Ireland,Atlántico Norte,HUMAN_OBSERVATION,edd017b6-bf00-4b00-93ad-9789c42a36b1,"Species data for Scottish waters held and managed by Scottish Natural Heritage, derived from benthic surveys 1993 to 2018",10.15468/faxvgd,NatureScot,NatureScot,CC-BY,http://creativecommons.org/licenses/by/4.0/legalcode,3a176a56-00f1-4269-bd9c-e9f8441617c1,sin_profundidad,si
GBIF,1427285175,"Graneledone Joubin, 1918",,-44.6377,174.2822,903,882,924,1995-10-06T22:30/1995-10-06T23:09,1995,New Zealand,Pacífico Sur,HUMAN_OBSERVATION,2a636fd6-dc73-49c0-9e5b-26bd05532313,MBIS research trawl surveys,10.15468/ti5yah,Earth Sciences New Zealand (ESNZ),NIWA,CC-BY,http://creativecommons.org/licenses/by/4.0/legalcode,359576,,si
GBIF,1427285669,"Graneledone Joubin, 1918",,-44.9538,173.9315,1179,1174,1184,1995-10-07T05:08/1995-10-07T05:55,1995,New Zealand,Pacífico Sur,HUMAN_OBSERVATION,2a636fd6-dc73-49c0-9e5b-26bd05532313,MBIS research trawl surveys,10.15468/ti5yah,Earth Sciences New Zealand (ESNZ),NIWA,CC-BY,http://creativecommons.org/licenses/by/4.0/legalcode,360095,,si
GBIF,1427285719,"Graneledone Joubin, 1918",,-44.6773,-176.9618,977.5,965,990,1995-10-23T05:58/1995-10-23T06:40,1995,New Zealand,Pacífico Sur,HUMAN_OBSERVATION,2a636fd6-dc73-49c0-9e5b-26bd05532313,MBIS research trawl surveys,10.15468/ti5yah,Earth Sciences New Zealand (ESNZ),NIWA,CC-BY,http://creativecommons.org/licenses/by/4.0/legalcode,360145,,si
GBIF,1427285752,"Graneledone Joubin, 1918",,-44.6332,-177.0703,946,927,965,1995-10-23T08:53/1995-10-23T09:36,1995,New Zealand,Pacífico Sur,HUMAN_OBSERVATION,2a636fd6-dc73-49c0-9e5b-26bd05532313,MBIS research trawl surveys,10.15468/ti5yah,Earth Sciences New Zealand (ESNZ),NIWA,CC-BY,http://creativecommons.org/licenses/by/4.0/legalcode,360176,,si
GBIF,1427285869,"Graneledone Joubin, 1918",,-44.5648,-177.7303,989,983,995,1995-10-24T04:12/1995-10-24T04:50,1995,New Zealand,Pacífico Sur,HUMAN_OBSERVATION,2a636fd6-dc73-49c0-9e5b-26bd05532313,MBIS research trawl surveys,10.15468/ti5yah,Earth Sciences New Zealand (ESNZ),NIWA,CC-BY,http://creativecommons.org/licenses/by/4.0/legalcode,360305,,si
GBIF,1427286778,"Graneledone Joubin, 1918",,-44.6647,174.8928,812.5,800,825,1995-10-08T02:23/1995-10-08T03:00,1995,New Zealand,Pacífico Sur,HUMAN_OBSERVATION,2a636fd6-dc73-49c0-9e5b-26bd05532313,MBIS research trawl surveys,10.15468/ti5yah,Earth Sciences New Zealand (ESNZ),NIWA,CC-BY,http://creativecommons.org/licenses/by/4.0/legalcode,361215,,si
GBIF,1427287303,"Graneledone Joubin, 1918",,-44.5782,175.7697,848.5,834,863,1995-10-08T15:07/1995-10-08T15:45,1995,New Zealand,Pacífico Sur,HUMAN_OBSERVATION,2a636fd6-dc73-49c0-9e5b-26bd05532313,MBIS research trawl surveys,10.15468/ti5yah,Earth Sciences New Zealand (ESNZ),NIWA,CC-BY,http://creativecommons.org/licenses/by/4.0/legalcode,361730,,si
GBIF,1427287338,"Graneledone Joubin, 1918",,-44.4753,175.7618,762,755,769,1995-10-08T12:56/1995-10-08T13:18,1995,New Zealand,Pacífico Sur,HUMAN_OBSERVATION,2a636fd6-dc73-49c0-9e5b-26bd05532313,MBIS research trawl surveys,10.15468/ti5yah,Earth Sciences New Zealand (ESNZ),NIWA,CC-BY,http://creativecommons.org/licenses/by/4.0/legalcode,361716,,si
GBIF,1427287373,"Graneledone Joubin, 1918",,-44.2605,176.7597,828,810,846,1995-10-09T03:12/1995-10-09T03:52,1995,New Zealand,Pacífico Sur,HUMAN_OBSERVATION,2a636fd6-dc73-49c0-9e5b-26bd05532313,MBIS research trawl surveys,10.15468/ti5yah,Earth Sciences New Zealand (ESNZ),NIWA,CC-BY,http://creativecommons.org/licenses/by/4.0/legalcode,361779,,si
GBIF,1427287421,"Graneledone Joubin, 1918",,-44.1717,177.4272,922.5,915,930,1995-10-09T15:46/1995-10-09T16:26,1995,New Zealand,Pacífico Sur,HUMAN_OBSERVATION,2a636fd6-dc73-49c0-9e5b-26bd05532313,MBIS research trawl surveys,10.15468/ti5yah,Earth Sciences New Zealand (ESNZ),NIWA,CC-BY,http://creativecommons.org/licenses/by/4.0/legalcode,361869,,si
GBIF,1427287457,"Graneledone Joubin, 1918",,-44.9032,173.7958,1158.5,1150,1167,1995-10-06T01:07/1995-10-06T01:51,1995,New Zealand,Pacífico Sur,HUMAN_OBSERVATION,2a636fd6-dc73-49c0-9e5b-26bd05532313,MBIS research trawl surveys,10.15468/ti5yah,Earth Sciences New Zealand (ESNZ),NIWA,CC-BY,http://creativecommons.org/licenses/by/4.0/legalcode,361890,,si
GBIF,1427287644,"Graneledone Joubin, 1918",,-44.362,177.8817,1144,1143,1145,1995-10-10T12:53/1995-10-10T13:31,1995,New Zealand,Pacífico Sur,HUMAN_OBSERVATION,2a636fd6-dc73-49c0-9e5b-26bd05532313,MBIS research trawl surveys,10.15468/ti5yah,Earth Sciences New Zealand (ESNZ),NIWA,CC-BY,http://creativecommons.org/licenses/by/4.0/legalcode,362071,,si
GBIF,1427287675,"Graneledone Joubin, 1918",,-44.1165,178.4335,967.5,936,999,1995-10-11T22:22/1995-10-11T23:00,1995,New Zealand,Pacífico Sur,HUMAN_OBSERVATION,2a636fd6-dc73-49c0-9e5b-26bd05532313,MBIS research trawl surveys,10.15468/ti5yah,Earth Sciences New Zealand (ESNZ),NIWA,CC-BY,http://creativecommons.org/licenses/by/4.0/legalcode,362135,,si
GBIF,1427287737,"Graneledone Joubin, 1918",,-44.2238,178.6932,1069.5,1066,1073,1995-10-12T03:45/1995-10-12T04:27,1995,New Zealand,Pacífico Sur,HUMAN_OBSERVATION,2a636fd6-dc73-49c0-9e5b-26bd05532313,MBIS research trawl surveys,10.15468/ti5yah,Earth Sciences New Zealand (ESNZ),NIWA,CC-BY,http://creativecommons.org/licenses/by/4.0/legalcode,362176,,si
GBIF,1427287846,"Graneledone Joubin, 1918",,-44.1563,179.2595,835.5,830,841,1995-10-12T23:39/1995-10-13T00:21,1995,New Zealand,Pacífico Sur,HUMAN_OBSERVATION,2a636fd6-dc73-49c0-9e5b-26bd05532313,MBIS research trawl surveys,10.15468/ti5yah,Earth Sciences New Zealand (ESNZ),NIWA,CC-BY,http://creativecommons.org/licenses/by/4.0/legalcode,362292,,si
GBIF,1427287857,"Graneledone Joubin, 1918",,-44.0732,178.9322,788,788,788,1995-10-12T12:23/1995-10-12T13:00,1995,New Zealand,Pacífico Sur,HUMAN_OBSERVATION,2a636fd6-dc73-49c0-9e5b-26bd05532313,MBIS research trawl surveys,10.15468/ti5yah,Earth Sciences New Zealand (ESNZ),NIWA,CC-BY,http://creativecommons.org/licenses/by/4.0/legalcode,362236,,si
GBIF,1427287877,"Graneledone Joubin, 1918",,-44.351,179.4272,1128.5,1123,1134,1995-10-13T04:41/1995-10-13T05:19,1995,New Zealand,Pacífico Sur,HUMAN_OBSERVATION,2a636fd6-dc73-49c0-9e5b-26bd05532313,MBIS research trawl surveys,10.15468/ti5yah,Earth Sciences New Zealand (ESNZ),NIWA,CC-BY,http://creativecommons.org/licenses/by/4.0/legalcode,362316,,si
GBIF,1427288088,"Graneledone Joubin, 1918",,-44.5368,173.9083,810.5,801,820,1995-10-06T11:05/1995-10-06T11:43,1995,New Zealand,Pacífico Sur,HUMAN_OBSERVATION,2a636fd6-dc73-49c0-9e5b-26bd05532313,MBIS research trawl surveys,10.15468/ti5yah,Earth Sciences New Zealand (ESNZ),NIWA,CC-BY,http://creativecommons.org/licenses/by/4.0/legalcode,362524,,si
GBIF,1427288174,"Graneledone Joubin, 1918",,-44.3753,-178.2157,837.5,820,855,1995-10-15T18:44/1995-10-15T19:22,1995,New Zealand,Pacífico Sur,HUMAN_OBSERVATION,2a636fd6-dc73-49c0-9e5b-26bd05532313,MBIS research trawl surveys,10.15468/ti5yah,Earth Sciences New Zealand (ESNZ),NIWA,CC-BY,http://creativecommons.org/licenses/by/4.0/legalcode,362596,,si
GBIF,1427288436,"Graneledone Joubin, 1918",,-44.6983,-177.3952,1146,1135,1157,1995-10-17T04:08/1995-10-17T04:49,1995,New Zealand,Pacífico Sur,HUMAN_OBSERVATION,2a636fd6-dc73-49c0-9e5b-26bd05532313,MBIS research trawl surveys,10.15468/ti5yah,Earth Sciences New Zealand (ESNZ),NIWA,CC-BY,http://creativecommons.org/licenses/by/4.0/legalcode,362842,,si
GBIF,1427288543,"Graneledone Joubin, 1918",,-44.6278,-176.886,829,802,856,1995-10-17T18:03/1995-10-17T18:44,1995,New Zealand,Pacífico Sur,HUMAN_OBSERVATION,2a636fd6-dc73-49c0-9e5b-26bd05532313,MBIS research trawl surveys,10.15468/ti5yah,Earth Sciences New Zealand (ESNZ),NIWA,CC-BY,http://creativecommons.org/licenses/by/4.0/legalcode,362965,,si
GBIF,1427288671,"Graneledone Joubin, 1918",,-44.6737,-175.8033,1362,1358,1366,1995-10-18T09:41/1995-10-18T10:23,1995,New Zealand,Pacífico Sur,HUMAN_OBSERVATION,2a636fd6-dc73-49c0-9e5b-26bd05532313,MBIS research trawl surveys,10.15468/ti5yah,Earth Sciences New Zealand (ESNZ),NIWA,CC-BY,http://creativecommons.org/licenses/by/4.0/legalcode,363076,,si
GBIF,4055754574,"Graneledone taniwha O'Shea, 1999",Graneledone taniwha,-44.698334,177.395172,1135,1135,1135,1995-10-17,1995,New Zealand,Pacífico Sur,PRESERVED_SPECIMEN,2f7c33b3-ea7a-40ac-a3b7-bace96f978f7,Type locality distributions from the World Register of Marine Species,10.15468/nmcdsv,Flanders Marine Institute,WoRMS Editorial Board,CC-BY,http://creativecommons.org/licenses/by/4.0/legalcode,WoRMS Editorial Board:WoRMS type localities:sm_id_90183,localidad_tipo_posible_duplicado,si
GBIF,4081068575,"Graneledone taniwha O'Shea, 1999",Graneledone taniwha,-44.073167,178.932167,788,788,788,1995-10-12,1995,New Zealand,Pacífico Sur,PRESERVED_SPECIMEN,4d0b1b2a-3209-49ce-bb93-7503e4868019,Earth Sciences New Zealand National Invertebrate Collection (NIC),10.15468/6qgswo,Earth Sciences New Zealand (ESNZ),Earth Sciences New Zealand,CC-BY,http://creativecommons.org/licenses/by/4.0/legalcode,2b654d13-d819-49ee-ad86-d86bb520ea73,,si
GBIF,4081071597,"Graneledone taniwha O'Shea, 1999",Graneledone taniwha,-44.2605,176.759667,844,842,846,1995-10-09,1995,New Zealand,Pacífico Sur,PRESERVED_SPECIMEN,4d0b1b2a-3209-49ce-bb93-7503e4868019,Earth Sciences New Zealand National Invertebrate Collection (NIC),10.15468/6qgswo,Earth Sciences New Zealand (ESNZ),Earth Sciences New Zealand,CC-BY,http://creativecommons.org/licenses/by/4.0/legalcode,5f3081be-ed19-4307-94ae-9287681bf2ab,,si
GBIF,4081100618,"Graneledone taniwha O'Shea, 1999",Graneledone taniwha,-44.698333,177.395167,1146,1135,1157,1995-10-17,1995,New Zealand,Pacífico Sur,PRESERVED_SPECIMEN,4d0b1b2a-3209-49ce-bb93-7503e4868019,Earth Sciences New Zealand National Invertebrate Collection (NIC),10.15468/6qgswo,Earth Sciences New Zealand (ESNZ),Earth Sciences New Zealand,CC-BY,http://creativecommons.org/licenses/by/4.0/legalcode,5cd44a24-fa36-11e2-96b3-aa6f927c92a3,,si
GBIF,4081108724,"Graneledone taniwha O'Shea, 1999",Graneledone taniwha,-44.664667,174.892833,809,800,818,1995-10-08,1995,New Zealand,Pacífico Sur,PRESERVED_SPECIMEN,4d0b1b2a-3209-49ce-bb93-7503e4868019,Earth Sciences New Zealand National Invertebrate Collection (NIC),10.15468/6qgswo,Earth Sciences New Zealand (ESNZ),Earth Sciences New Zealand,CC-BY,http://creativecommons.org/licenses/by/4.0/legalcode,613852ae-fa36-11e2-96b3-aa6f927c92a3,,si
GBIF,4081111358,"Graneledone taniwha O'Shea, 1999",Graneledone taniwha,-44.633167,-177.070333,946,927,965,1995-10-23,1995,New Zealand,Pacífico Sur,PRESERVED_SPECIMEN,4d0b1b2a-3209-49ce-bb93-7503e4868019,Earth Sciences New Zealand National Invertebrate Collection (NIC),10.15468/6qgswo,Earth Sciences New Zealand (ESNZ),Earth Sciences New Zealand,CC-BY,http://creativecommons.org/licenses/by/4.0/legalcode,5d2da79a-fa36-11e2-96b3-aa6f927c92a3,,si
GBIF,4081111964,"Graneledone taniwha O'Shea, 1999",Graneledone taniwha,-44.475333,175.761833,762,755,769,1995-10-08,1995,New Zealand,Pacífico Sur,PRESERVED_SPECIMEN,4d0b1b2a-3209-49ce-bb93-7503e4868019,Earth Sciences New Zealand National Invertebrate Collection (NIC),10.15468/6qgswo,Earth Sciences New Zealand (ESNZ),Earth Sciences New Zealand,CC-BY,http://creativecommons.org/licenses/by/4.0/legalcode,5d76dfdc-fa36-11e2-96b3-aa6f927c92a3,,si
GBIF,4081122451,"Graneledone taniwha O'Shea, 1999",Graneledone taniwha,-44.536833,173.908333,810.5,801,820,1995-10-06,1995,New Zealand,Pacífico Sur,PRESERVED_SPECIMEN,4d0b1b2a-3209-49ce-bb93-7503e4868019,Earth Sciences New Zealand National Invertebrate Collection (NIC),10.15468/6qgswo,Earth Sciences New Zealand (ESNZ),Earth Sciences New Zealand,CC-BY,http://creativecommons.org/licenses/by/4.0/legalcode,8f8d0fbd-3ab2-4b76-bd41-c874d1a026e6,,si
GBIF,4081131518,"Graneledone taniwha O'Shea, 1999",Graneledone taniwha,-44.677333,176.96183,978.5,976,981,1995-10-23,1995,New Zealand,Pacífico Sur,PRESERVED_SPECIMEN,4d0b1b2a-3209-49ce-bb93-7503e4868019,Earth Sciences New Zealand National Invertebrate Collection (NIC),10.15468/6qgswo,Earth Sciences New Zealand (ESNZ),Earth Sciences New Zealand,CC-BY,http://creativecommons.org/licenses/by/4.0/legalcode,b2cb15e3-fb46-430c-949b-9ecda1f39d76,,si
GBIF,4081132228,"Graneledone challengeri (S.S.Berry, 1916)",Graneledone challengeri,-44.953833,173.9315,1180.5,1177,1184,1995-10-07,1995,New Zealand,Pacífico Sur,PRESERVED_SPECIMEN,4d0b1b2a-3209-49ce-bb93-7503e4868019,Earth Sciences New Zealand National Invertebrate Collection (NIC),10.15468/6qgswo,Earth Sciences New Zealand (ESNZ),Earth Sciences New Zealand,CC-BY,http://creativecommons.org/licenses/by/4.0/legalcode,cb4e6b07-acde-4110-b49f-6d3b7c9570f0,,si
GBIF,4081143866,"Graneledone challengeri (S.S.Berry, 1916)",Graneledone challengeri,-44.953833,173.9315,1180.5,1177,1184,1995-10-07,1995,New Zealand,Pacífico Sur,PRESERVED_SPECIMEN,4d0b1b2a-3209-49ce-bb93-7503e4868019,Earth Sciences New Zealand National Invertebrate Collection (NIC),10.15468/6qgswo,Earth Sciences New Zealand (ESNZ),Earth Sciences New Zealand,CC-BY,http://creativecommons.org/licenses/by/4.0/legalcode,137d56f4-5524-4825-8d4d-f859fc34aeb4,,si
GBIF,4081144732,"Graneledone taniwha O'Shea, 1999",Graneledone taniwha,-46,171.2,1018,1018,1018,1995-10-13,1995,New Zealand,Pacífico Sur,PRESERVED_SPECIMEN,4d0b1b2a-3209-49ce-bb93-7503e4868019,Earth Sciences New Zealand National Invertebrate Collection (NIC),10.15468/6qgswo,Earth Sciences New Zealand (ESNZ),Earth Sciences New Zealand,CC-BY,http://creativecommons.org/licenses/by/4.0/legalcode,6137c46a-fa36-11e2-96b3-aa6f927c92a3,,si
GBIF,4081169348,"Graneledone challengeri (S.S.Berry, 1916)",Graneledone challengeri,-44.673667,-175.803333,,,,1995-10-18,1995,New Zealand,Pacífico Sur,PRESERVED_SPECIMEN,4d0b1b2a-3209-49ce-bb93-7503e4868019,Earth Sciences New Zealand National Invertebrate Collection (NIC),10.15468/6qgswo,Earth Sciences New Zealand (ESNZ),Earth Sciences New Zealand,CC-BY,http://creativecommons.org/licenses/by/4.0/legalcode,adab616c-499e-453d-ab56-c275143517dd,sin_profundidad,si
GBIF,4081187184,"Graneledone taniwha O'Shea, 1999",Graneledone taniwha,-44.637667,174.282167,903,882,924,1995-10-06,1995,New Zealand,Pacífico Sur,PRESERVED_SPECIMEN,4d0b1b2a-3209-49ce-bb93-7503e4868019,Earth Sciences New Zealand National Invertebrate Collection (NIC),10.15468/6qgswo,Earth Sciences New Zealand (ESNZ),Earth Sciences New Zealand,CC-BY,http://creativecommons.org/licenses/by/4.0/legalcode,5d9bd30a-fa36-11e2-96b3-aa6f927c92a3,,si
GBIF,4081190683,"Graneledone challengeri (S.S.Berry, 1916)",Graneledone challengeri,-44.351,179.427167,1127,1123,1131,1995-10-13,1995,New Zealand,Pacífico Sur,PRESERVED_SPECIMEN,4d0b1b2a-3209-49ce-bb93-7503e4868019,Earth Sciences New Zealand National Invertebrate Collection (NIC),10.15468/6qgswo,Earth Sciences New Zealand (ESNZ),Earth Sciences New Zealand,CC-BY,http://creativecommons.org/licenses/by/4.0/legalcode,61383cb0-fa36-11e2-96b3-aa6f927c92a3,,si
GBIF,5996920244,"Graneledone verrucosa (A.E.Verrill, 1881)",Graneledone verrucosa,56.681781,-6.009864,,,,1995-10-03,1995,United Kingdom of Great Britain and Northern Ireland,Atlántico Norte,HUMAN_OBSERVATION,edd017b6-bf00-4b00-93ad-9789c42a36b1,"Species data for Scottish waters held and managed by Scottish Natural Heritage, derived from benthic surveys 1993 to 2018",10.15468/faxvgd,NatureScot,NatureScot,CC-BY,http://creativecommons.org/licenses/by/4.0/legalcode,554d8984-e9ac-45e6-814e-9d11f6b66e21,sin_profundidad,si
GBIF,5997040339,"Graneledone verrucosa (A.E.Verrill, 1881)",Graneledone verrucosa,56.692889,-5.691735,,,,1995-10-05,1995,United Kingdom of Great Britain and Northern Ireland,Atlántico Norte,HUMAN_OBSERVATION,edd017b6-bf00-4b00-93ad-9789c42a36b1,"Species data for Scottish waters held and managed by Scottish Natural Heritage, derived from benthic surveys 1993 to 2018",10.15468/faxvgd,NatureScot,NatureScot,CC-BY,http://creativecommons.org/licenses/by/4.0/legalcode,02185265-25d3-4b01-9018-1e0a84f93615,sin_profundidad,si
GBIF,1427286420,"Graneledone Joubin, 1918",,-44.7622,173.7082,955.5,942,969,1995-11-03T12:24/1995-11-03T12:38,1995,New Zealand,Pacífico Sur,HUMAN_OBSERVATION,2a636fd6-dc73-49c0-9e5b-26bd05532313,MBIS research trawl surveys,10.15468/ti5yah,Earth Sciences New Zealand (ESNZ),NIWA,CC-BY,http://creativecommons.org/licenses/by/4.0/legalcode,360878,,si
GBIF,1427286439,"Graneledone Joubin, 1918",,-44.6652,173.6217,935,932,938,1995-11-03T06:25/1995-11-03T06:35,1995,New Zealand,Pacífico Sur,HUMAN_OBSERVATION,2a636fd6-dc73-49c0-9e5b-26bd05532313,MBIS research trawl surveys,10.15468/ti5yah,Earth Sciences New Zealand (ESNZ),NIWA,CC-BY,http://creativecommons.org/licenses/by/4.0/legalcode,360867,,si
GBIF,1427286488,"Graneledone Joubin, 1918",,-44.7233,173.7638,961,930,992,1995-11-03T16:15/1995-11-03T16:53,1995,New Zealand,Pacífico Sur,HUMAN_OBSERVATION,2a636fd6-dc73-49c0-9e5b-26bd05532313,MBIS research trawl surveys,10.15468/ti5yah,Earth Sciences New Zealand (ESNZ),NIWA,CC-BY,http://creativecommons.org/licenses/by/4.0/legalcode,360907,,si
GBIF,1427286598,"Graneledone Joubin, 1918",,-44.2413,177.1738,958.5,940,977,1995-11-05T15:57/1995-11-05T16:33,1995,New Zealand,Pacífico Sur,HUMAN_OBSERVATION,2a636fd6-dc73-49c0-9e5b-26bd05532313,MBIS research trawl surveys,10.15468/ti5yah,Earth Sciences New Zealand (ESNZ),NIWA,CC-BY,http://creativecommons.org/licenses/by/4.0/legalcode,360983,,si
GBIF,1427287008,"Graneledone Joubin, 1918",,-44.5845,-175.848,951,948,954,1995-11-09T01:00/1995-11-09T01:40,1995,New Zealand,Pacífico Sur,HUMAN_OBSERVATION,2a636fd6-dc73-49c0-9e5b-26bd05532313,MBIS research trawl surveys,10.15468/ti5yah,Earth Sciences New Zealand (ESNZ),NIWA,CC-BY,http://creativecommons.org/licenses/by/4.0/legalcode,361406,,si
GBIF,1427287210,"Graneledone Joubin, 1918",,-44.5768,-177.8692,968.5,960,977,1995-11-11T07:08/1995-11-11T07:50,1995,New Zealand,Pacífico Sur,HUMAN_OBSERVATION,2a636fd6-dc73-49c0-9e5b-26bd05532313,MBIS research trawl surveys,10.15468/ti5yah,Earth Sciences New Zealand (ESNZ),NIWA,CC-BY,http://creativecommons.org/licenses/by/4.0/legalcode,361631,,si
GBIF,4081064416,"Graneledone taniwha O'Shea, 1999",Graneledone taniwha,-44.723333,173.763833,961,930,992,1995-11-03,1995,New Zealand,Pacífico Sur,PRESERVED_SPECIMEN,4d0b1b2a-3209-49ce-bb93-7503e4868019,Earth Sciences New Zealand National Invertebrate Collection (NIC),10.15468/6qgswo,Earth Sciences New Zealand (ESNZ),Earth Sciences New Zealand,CC-BY,http://creativecommons.org/licenses/by/4.0/legalcode,0438c038-432b-4231-afec-ae54a4d877b9,,si
GBIF,4081155968,"Graneledone taniwha O'Shea, 1999",Graneledone taniwha,-44.762167,173.708167,955.5,942,969,1995-11-03,1995,New Zealand,Pacífico Sur,PRESERVED_SPECIMEN,4d0b1b2a-3209-49ce-bb93-7503e4868019,Earth Sciences New Zealand National Invertebrate Collection (NIC),10.15468/6qgswo,Earth Sciences New Zealand (ESNZ),Earth Sciences New Zealand,CC-BY,http://creativecommons.org/licenses/by/4.0/legalcode,5f6ca2fe-fa36-11e2-96b3-aa6f927c92a3,,si
GBIF,4081173661,"Graneledone challengeri (S.S.Berry, 1916)",Graneledone challengeri,-44.665167,173.621667,933.5,932,935,1995-11-03,1995,New Zealand,Pacífico Sur,PRESERVED_SPECIMEN,4d0b1b2a-3209-49ce-bb93-7503e4868019,Earth Sciences New Zealand National Invertebrate Collection (NIC),10.15468/6qgswo,Earth Sciences New Zealand (ESNZ),Earth Sciences New Zealand,CC-BY,http://creativecommons.org/licenses/by/4.0/legalcode,48c0a6a8-a360-42c1-b220-581fdd201953,,si
GBIF,4081190685,"Graneledone taniwha O'Shea, 1999",Graneledone taniwha,-44.665167,173.621667,933.5,932,935,1995-11-03,1995,New Zealand,Pacífico Sur,PRESERVED_SPECIMEN,4d0b1b2a-3209-49ce-bb93-7503e4868019,Earth Sciences New Zealand National Invertebrate Collection (NIC),10.15468/6qgswo,Earth Sciences New Zealand (ESNZ),Earth Sciences New Zealand,CC-BY,http://creativecommons.org/licenses/by/4.0/legalcode,61384ade-fa36-11e2-96b3-aa6f927c92a3,,si
GBIF,1427260949,"Graneledone Joubin, 1918",,-44.299,174.2647,645.5,632,659,1994-01-24T12:31/1994-01-24T13:24,1994,New Zealand,Pacífico Sur,HUMAN_OBSERVATION,2a636fd6-dc73-49c0-9e5b-26bd05532313,MBIS research trawl surveys,10.15468/ti5yah,Earth Sciences New Zealand (ESNZ),NIWA,CC-BY,http://creativecommons.org/licenses/by/4.0/legalcode,335379,,si
GBIF,6045710133,"Graneledone challengeri (S.S.Berry, 1916)",Graneledone challengeri,-39.9758,178.247,900,900,900,1994-01,1994,New Zealand,Pacífico Sur,PRESERVED_SPECIMEN,ff2ed94e-45ee-4dde-8e1f-0a4798f61a12,Mollusc collection at Museum of New Zealand Te Papa Tongarewa,10.15468/msce6x,Museum of New Zealand Te Papa Tongarewa,NMNZ,CC-BY,http://creativecommons.org/licenses/by/4.0/legalcode,tepapa:collection/object/757577,,si
GBIF,6045803186,"Graneledone taniwha O'Shea, 1999",Graneledone taniwha,-42.9167,174.867,715,715,715,1994-02-17,1994,New Zealand,Pacífico Sur,PRESERVED_SPECIMEN,ff2ed94e-45ee-4dde-8e1f-0a4798f61a12,Mollusc collection at Museum of New Zealand Te Papa Tongarewa,10.15468/msce6x,Museum of New Zealand Te Papa Tongarewa,NMNZ,CC-BY,http://creativecommons.org/licenses/by/4.0/legalcode,tepapa:collection/object/743241,,si
GBIF,1427265520,"Graneledone Joubin, 1918",,-42.0645,174.4897,1128,1110,1146,1994-03-17T13:32/1994-03-17T14:07,1994,New Zealand,Pacífico Sur,HUMAN_OBSERVATION,2a636fd6-dc73-49c0-9e5b-26bd05532313,MBIS research trawl surveys,10.15468/ti5yah,Earth Sciences New Zealand (ESNZ),NIWA,CC-BY,http://creativecommons.org/licenses/by/4.0/legalcode,339907,,si
GBIF,1427265652,"Graneledone Joubin, 1918",,-42.1633,174.4537,890.5,801,980,1994-03-17T15:20/1994-03-17T15:53,1994,New Zealand,Pacífico Sur,HUMAN_OBSERVATION,2a636fd6-dc73-49c0-9e5b-26bd05532313,MBIS research trawl surveys,10.15468/ti5yah,Earth Sciences New Zealand (ESNZ),NIWA,CC-BY,http://creativecommons.org/licenses/by/4.0/legalcode,340079,,si
GBIF,1427268069,"Graneledone Joubin, 1918",,-43.2283,173.9782,932.5,913,952,1994-03-20T23:45/1994-03-21T00:24,1994,New Zealand,Pacífico Sur,HUMAN_OBSERVATION,2a636fd6-dc73-49c0-9e5b-26bd05532313,MBIS research trawl surveys,10.15468/ti5yah,Earth Sciences New Zealand (ESNZ),NIWA,CC-BY,http://creativecommons.org/licenses/by/4.0/legalcode,342527,,si
GBIF,1427268073,"Graneledone Joubin, 1918",,-43.2675,173.976,892.5,869,916,1994-03-20T21:20/1994-03-20T21:58,1994,New Zealand,Pacífico Sur,HUMAN_OBSERVATION,2a636fd6-dc73-49c0-9e5b-26bd05532313,MBIS research trawl surveys,10.15468/ti5yah,Earth Sciences New Zealand (ESNZ),NIWA,CC-BY,http://creativecommons.org/licenses/by/4.0/legalcode,342484,,si
GBIF,6045729335,"Graneledone taniwha O'Shea, 1999",Graneledone taniwha,-49.28,168.77,727,688,766,1994-03-03,1994,New Zealand,Pacífico Sur,PRESERVED_SPECIMEN,ff2ed94e-45ee-4dde-8e1f-0a4798f61a12,Mollusc collection at Museum of New Zealand Te Papa Tongarewa,10.15468/msce6x,Museum of New Zealand Te Papa Tongarewa,NMNZ,CC-BY,http://creativecommons.org/licenses/by/4.0/legalcode,tepapa:collection/object/743240,,si
GBIF,6045778188,"Graneledone challengeri (S.S.Berry, 1916)",Graneledone challengeri,-39.58,178.4,1000,1000,1000,1994-04,1994,New Zealand,Pacífico Sur,PRESERVED_SPECIMEN,ff2ed94e-45ee-4dde-8e1f-0a4798f61a12,Mollusc collection at Museum of New Zealand Te Papa Tongarewa,10.15468/msce6x,Museum of New Zealand Te Papa Tongarewa,NMNZ,CC-BY,http://creativecommons.org/licenses/by/4.0/legalcode,tepapa:collection/object/757576,,si
GBIF,6045787927,"Graneledone challengeri (S.S.Berry, 1916)",Graneledone challengeri,-39.9833,178.217,1005,940,1070,1994-04,1994,New Zealand,Pacífico Sur,PRESERVED_SPECIMEN,ff2ed94e-45ee-4dde-8e1f-0a4798f61a12,Mollusc collection at Museum of New Zealand Te Papa Tongarewa,10.15468/msce6x,Museum of New Zealand Te Papa Tongarewa,NMNZ,CC-BY,http://creativecommons.org/licenses/by/4.0/legalcode,tepapa:collection/object/509442,,si
GBIF,1427269300,"Graneledone Joubin, 1918",,-42.8667,179.451,881,880,882,1994-05-25T13:15/1994-05-25T14:09,1994,New Zealand,Pacífico Sur,HUMAN_OBSERVATION,2a636fd6-dc73-49c0-9e5b-26bd05532313,MBIS research trawl surveys,10.15468/ti5yah,Earth Sciences New Zealand (ESNZ),NIWA,CC-BY,http://creativecommons.org/licenses/by/4.0/legalcode,343749,,si
GBIF,1427269409,"Graneledone Joubin, 1918",,-44.6868,175.7618,865,770,960,1994-05-05T09:25/1994-05-05T09:40,1994,New Zealand,Pacífico Sur,HUMAN_OBSERVATION,2a636fd6-dc73-49c0-9e5b-26bd05532313,MBIS research trawl surveys,10.15468/ti5yah,Earth Sciences New Zealand (ESNZ),NIWA,CC-BY,http://creativecommons.org/licenses/by/4.0/legalcode,343842,,si
GBIF,1427272166,"Graneledone Joubin, 1918",,-44.2205,178.8802,1014,1007,1021,1994-05-11T03:08/1994-05-11T04:14,1994,New Zealand,Pacífico Sur,HUMAN_OBSERVATION,2a636fd6-dc73-49c0-9e5b-26bd05532313,MBIS research trawl surveys,10.15468/ti5yah,Earth Sciences New Zealand (ESNZ),NIWA,CC-BY,http://creativecommons.org/licenses/by/4.0/legalcode,346602,,si
GBIF,1427272411,"Graneledone Joubin, 1918",,-44.2802,178.9125,1122,1105,1139,1994-05-11T06:31/1994-05-11T07:21,1994,New Zealand,Pacífico Sur,HUMAN_OBSERVATION,2a636fd6-dc73-49c0-9e5b-26bd05532313,MBIS research trawl surveys,10.15468/ti5yah,Earth Sciences New Zealand (ESNZ),NIWA,CC-BY,http://creativecommons.org/licenses/by/4.0/legalcode,346806,,si
GBIF,1427273943,"Graneledone Joubin, 1918",,-44.7702,175.8347,1107,1066,1148,1994-05-04T02:03/1994-05-04T02:40,1994,New Zealand,Pacífico Sur,HUMAN_OBSERVATION,2a636fd6-dc73-49c0-9e5b-26bd05532313,MBIS research trawl surveys,10.15468/ti5yah,Earth Sciences New Zealand (ESNZ),NIWA,CC-BY,http://creativecommons.org/licenses/by/4.0/legalcode,348353,,si
GBIF,1427274283,"Graneledone Joubin, 1918",,-44.502,-179.2107,1057,1020,1094,1994-05-13T04:06/1994-05-13T05:01,1994,New Zealand,Pacífico Sur,HUMAN_OBSERVATION,2a636fd6-dc73-49c0-9e5b-26bd05532313,MBIS research trawl surveys,10.15468/ti5yah,Earth Sciences New Zealand (ESNZ),NIWA,CC-BY,http://creativecommons.org/licenses/by/4.0/legalcode,348712,,si
GBIF,1427274457,"Graneledone Joubin, 1918",,-44.5667,-177.8607,986,934,1038,1994-05-15T06:29/1994-05-15T07:27,1994,New Zealand,Pacífico Sur,HUMAN_OBSERVATION,2a636fd6-dc73-49c0-9e5b-26bd05532313,MBIS research trawl surveys,10.15468/ti5yah,Earth Sciences New Zealand (ESNZ),NIWA,CC-BY,http://creativecommons.org/licenses/by/4.0/legalcode,348858,,si
GBIF,1427274477,"Graneledone Joubin, 1918",,-44.6087,-177.944,1072,1038,1106,1994-05-15T09:41/1994-05-15T10:37,1994,New Zealand,Pacífico Sur,HUMAN_OBSERVATION,2a636fd6-dc73-49c0-9e5b-26bd05532313,MBIS research trawl surveys,10.15468/ti5yah,Earth Sciences New Zealand (ESNZ),NIWA,CC-BY,http://creativecommons.org/licenses/by/4.0/legalcode,348885,,si
GBIF,1427274611,"Graneledone Joubin, 1918",,-44.6988,-177.056,845.5,660,1031,1994-05-17T23:39/1994-05-18T00:11,1994,New Zealand,Pacífico Sur,HUMAN_OBSERVATION,2a636fd6-dc73-49c0-9e5b-26bd05532313,MBIS research trawl surveys,10.15468/ti5yah,Earth Sciences New Zealand (ESNZ),NIWA,CC-BY,http://creativecommons.org/licenses/by/4.0/legalcode,348994,,si
GBIF,1427269689,"Graneledone Joubin, 1918",,-42.773,175.2472,979,970,988,1994-06-02T14:49/1994-06-02T15:52,1994,New Zealand,Pacífico Sur,HUMAN_OBSERVATION,2a636fd6-dc73-49c0-9e5b-26bd05532313,MBIS research trawl surveys,10.15468/ti5yah,Earth Sciences New Zealand (ESNZ),NIWA,CC-BY,http://creativecommons.org/licenses/by/4.0/legalcode,344104,,si
GBIF,1427269752,"Graneledone Joubin, 1918",,-42.7232,175.5795,950.5,908,993,1994-06-02T22:41/1994-06-02T23:38,1994,New Zealand,Pacífico Sur,HUMAN_OBSERVATION,2a636fd6-dc73-49c0-9e5b-26bd05532313,MBIS research trawl surveys,10.15468/ti5yah,Earth Sciences New Zealand (ESNZ),NIWA,CC-BY,http://creativecommons.org/licenses/by/4.0/legalcode,344167,,si
GBIF,1427269766,"Graneledone Joubin, 1918",,-42.7937,175.372,870.5,868,873,1994-06-02T20:12/1994-06-02T21:11,1994,New Zealand,Pacífico Sur,HUMAN_OBSERVATION,2a636fd6-dc73-49c0-9e5b-26bd05532313,MBIS research trawl surveys,10.15468/ti5yah,Earth Sciences New Zealand (ESNZ),NIWA,CC-BY,http://creativecommons.org/licenses/by/4.0/legalcode,344144,,si
GBIF,1427270016,"Graneledone Joubin, 1918",,-42.7073,176.7653,864.5,864,865,1994-06-04T02:45/1994-06-04T03:42,1994,New Zealand,Pacífico Sur,HUMAN_OBSERVATION,2a636fd6-dc73-49c0-9e5b-26bd05532313,MBIS research trawl surveys,10.15468/ti5yah,Earth Sciences New Zealand (ESNZ),NIWA,CC-BY,http://creativecommons.org/licenses/by/4.0/legalcode,344389,,si
GBIF,6045616691,"Graneledone challengeri (S.S.Berry, 1916)",Graneledone challengeri,-39.9833,178.217,900,900,900,1994-06,1994,New Zealand,Pacífico Sur,PRESERVED_SPECIMEN,ff2ed94e-45ee-4dde-8e1f-0a4798f61a12,Mollusc collection at Museum of New Zealand Te Papa Tongarewa,10.15468/msce6x,Museum of New Zealand Te Papa Tongarewa,NMNZ,CC-BY,http://creativecommons.org/licenses/by/4.0/legalcode,tepapa:collection/object/757578,,si
GBIF,6045777389,"Graneledone challengeri (S.S.Berry, 1916)",Graneledone challengeri,-39.9833,178.217,900,900,900,1994-06,1994,New Zealand,Pacífico Sur,PRESERVED_SPECIMEN,ff2ed94e-45ee-4dde-8e1f-0a4798f61a12,Mollusc collection at Museum of New Zealand Te Papa Tongarewa,10.15468/msce6x,Museum of New Zealand Te Papa Tongarewa,NMNZ,CC-BY,http://creativecommons.org/licenses/by/4.0/legalcode,tepapa:collection/object/757579,,si
GBIF,1427273129,"Graneledone Joubin, 1918",,-42.8492,-176.214,985.5,983,988,1994-07-20T09:47/1994-07-20T10:54,1994,New Zealand,Pacífico Sur,HUMAN_OBSERVATION,2a636fd6-dc73-49c0-9e5b-26bd05532313,MBIS research trawl surveys,10.15468/ti5yah,Earth Sciences New Zealand (ESNZ),NIWA,CC-BY,http://creativecommons.org/licenses/by/4.0/legalcode,347523,,si
GBIF,1427273209,"Graneledone Joubin, 1918",,-42.8467,-176.9935,851,832,870,1994-07-21T04:35/1994-07-21T05:52,1994,New Zealand,Pacífico Sur,HUMAN_OBSERVATION,2a636fd6-dc73-49c0-9e5b-26bd05532313,MBIS research trawl surveys,10.15468/ti5yah,Earth Sciences New Zealand (ESNZ),NIWA,CC-BY,http://creativecommons.org/licenses/by/4.0/legalcode,347639,,si
GBIF,1427273350,"Graneledone Joubin, 1918",,-42.835,-176.6457,908.5,904,913,1994-07-21T21:42/1994-07-21T22:38,1994,New Zealand,Pacífico Sur,HUMAN_OBSERVATION,2a636fd6-dc73-49c0-9e5b-26bd05532313,MBIS research trawl surveys,10.15468/ti5yah,Earth Sciences New Zealand (ESNZ),NIWA,CC-BY,http://creativecommons.org/licenses/by/4.0/legalcode,347779,,si
GBIF,1990801393,"Graneledone pacifica G.L.Voss & Pearcy, 1990",Graneledone pacifica,48.4561,-128.7089,2430,2430,2430,1994-07,1994,Canada,Pacífico Norte,PRESERVED_SPECIMEN,005eb8d8-ed94-41be-89cf-e3115a9058e4,FMNH Invertebrate Zoology,10.15468/6q5vuc,Field Museum,FMNH,CC0,http://creativecommons.org/publicdomain/zero/1.0/legalcode,eab378a1-4204-4c04-9484-d6e9f48680e0,,si
GBIF,3311102416,"Graneledone verrucosa (A.E.Verrill, 1881)",Graneledone verrucosa,39.8,-71.32,933.5,920,947,1994-07-05,1994,United States of America,Atlántico Norte,PRESERVED_SPECIMEN,821cc27a-e3bb-4bc5-ac34-89ada245069d,NMNH Extant Biology,10.15468/hnhrg3,"National Museum of Natural History, Smithsonian Institution",USNM,CC0,http://creativecommons.org/publicdomain/zero/1.0/legalcode,http://n2t.net/ark:/65665/3f709e560-389f-4cf3-b9b9-83eb826e678c,,si
GBIF,4601476343,"Graneledone pacifica G.L.Voss & Pearcy, 1990",Graneledone pacifica,48.4561,-128.7089,2430,2430,2430,1994-07,1994,Canada,Pacífico Norte,PRESERVED_SPECIMEN,005eb8d8-ed94-41be-89cf-e3115a9058e4,FMNH Invertebrate Zoology,10.15468/6q5vuc,Field Museum,FMNH,CC0,http://creativecommons.org/publicdomain/zero/1.0/legalcode,040a13ed-dba3-4b2d-ac2e-254cb1bbb3de,,si
GBIF,4601479404,"Graneledone pacifica G.L.Voss & Pearcy, 1990",Graneledone pacifica,48.4561,-128.7089,2430,2430,2430,1994-07-24,1994,Canada,Pacífico Norte,PRESERVED_SPECIMEN,005eb8d8-ed94-41be-89cf-e3115a9058e4,FMNH Invertebrate Zoology,10.15468/6q5vuc,Field Museum,FMNH,CC0,http://creativecommons.org/publicdomain/zero/1.0/legalcode,7ad6aac5-2b8c-430e-83b2-39c090c60400,,si
GBIF,6045612506,"Graneledone taniwha O'Shea, 1999",Graneledone taniwha,-44.6667,174.033,852,852,852,1994-08-18,1994,New Zealand,Pacífico Sur,PRESERVED_SPECIMEN,ff2ed94e-45ee-4dde-8e1f-0a4798f61a12,Mollusc collection at Museum of New Zealand Te Papa Tongarewa,10.15468/msce6x,Museum of New Zealand Te Papa Tongarewa,NMNZ,CC-BY,http://creativecommons.org/licenses/by/4.0/legalcode,tepapa:collection/object/757593,,si
GBIF,1427275938,"Graneledone Joubin, 1918",,-46.9822,165.578,849.5,818,881,1994-10-10T14:54/1994-10-10T15:27,1994,New Zealand,Pacífico Sur,HUMAN_OBSERVATION,2a636fd6-dc73-49c0-9e5b-26bd05532313,MBIS research trawl surveys,10.15468/ti5yah,Earth Sciences New Zealand (ESNZ),NIWA,CC-BY,http://creativecommons.org/licenses/by/4.0/legalcode,350360,,si
GBIF,6045682471,"Graneledone taniwha O'Shea, 1999",Graneledone taniwha,-44.1667,-174.5,800,800,800,1993-01-28,1993,New Zealand,Pacífico Sur,PRESERVED_SPECIMEN,ff2ed94e-45ee-4dde-8e1f-0a4798f61a12,Mollusc collection at Museum of New Zealand Te Papa Tongarewa,10.15468/msce6x,Museum of New Zealand Te Papa Tongarewa,NMNZ,CC-BY,http://creativecommons.org/licenses/by/4.0/legalcode,tepapa:collection/object/757598,,si
GBIF,1427248014,"Graneledone Joubin, 1918",,-46.7763,170.0245,546,529,563,1993-02-09T05:53/1993-02-09T06:42,1993,New Zealand,Pacífico Sur,HUMAN_OBSERVATION,2a636fd6-dc73-49c0-9e5b-26bd05532313,MBIS research trawl surveys,10.15468/ti5yah,Earth Sciences New Zealand (ESNZ),NIWA,CC-BY,http://creativecommons.org/licenses/by/4.0/legalcode,322432,,si
GBIF,1427249217,"Graneledone Joubin, 1918",,-42.9712,174.1747,1062,1058,1066,1993-03-16T04:53/1993-03-16T05:33,1993,New Zealand,Pacífico Sur,HUMAN_OBSERVATION,2a636fd6-dc73-49c0-9e5b-26bd05532313,MBIS research trawl surveys,10.15468/ti5yah,Earth Sciences New Zealand (ESNZ),NIWA,CC-BY,http://creativecommons.org/licenses/by/4.0/legalcode,323637,,si
GBIF,1427251706,"Graneledone Joubin, 1918",,-42.1465,174.387,1107,1081,1133,1993-03-20T01:47/1993-03-20T02:33,1993,New Zealand,Pacífico Sur,HUMAN_OBSERVATION,2a636fd6-dc73-49c0-9e5b-26bd05532313,MBIS research trawl surveys,10.15468/ti5yah,Earth Sciences New Zealand (ESNZ),NIWA,CC-BY,http://creativecommons.org/licenses/by/4.0/legalcode,326133,,si
GBIF,1427251713,"Graneledone Joubin, 1918",,-42.2567,174.3042,981.5,975,988,1993-03-19T20:33/1993-03-19T21:05,1993,New Zealand,Pacífico Sur,HUMAN_OBSERVATION,2a636fd6-dc73-49c0-9e5b-26bd05532313,MBIS research trawl surveys,10.15468/ti5yah,Earth Sciences New Zealand (ESNZ),NIWA,CC-BY,http://creativecommons.org/licenses/by/4.0/legalcode,326109,,si
GBIF,1427252269,"Graneledone Joubin, 1918",,-38.785,178.8012,842,686,998,1993-03-24T15:22/1993-03-24T16:02,1993,New Zealand,Pacífico Sur,HUMAN_OBSERVATION,2a636fd6-dc73-49c0-9e5b-26bd05532313,MBIS research trawl surveys,10.15468/ti5yah,Earth Sciences New Zealand (ESNZ),NIWA,CC-BY,http://creativecommons.org/licenses/by/4.0/legalcode,326687,,si
GBIF,1427252716,"Graneledone Joubin, 1918",,-42.9223,174.2913,1135.5,1130,1141,1993-03-16T22:35/1993-03-16T23:17,1993,New Zealand,Pacífico Sur,HUMAN_OBSERVATION,2a636fd6-dc73-49c0-9e5b-26bd05532313,MBIS research trawl surveys,10.15468/ti5yah,Earth Sciences New Zealand (ESNZ),NIWA,CC-BY,http://creativecommons.org/licenses/by/4.0/legalcode,327161,,si
GBIF,1427250262,"Graneledone Joubin, 1918",,-41.338,176.2058,783,766,800,1993-04-03T18:25/1993-04-03T19:01,1993,New Zealand,Pacífico Sur,HUMAN_OBSERVATION,2a636fd6-dc73-49c0-9e5b-26bd05532313,MBIS research trawl surveys,10.15468/ti5yah,Earth Sciences New Zealand (ESNZ),NIWA,CC-BY,http://creativecommons.org/licenses/by/4.0/legalcode,324670,,si
GBIF,1427250564,"Graneledone Joubin, 1918",,-43.0108,174.1283,950.5,950,951,1993-04-05T17:06/1993-04-05T17:44,1993,New Zealand,Pacífico Sur,HUMAN_OBSERVATION,2a636fd6-dc73-49c0-9e5b-26bd05532313,MBIS research trawl surveys,10.15468/ti5yah,Earth Sciences New Zealand (ESNZ),NIWA,CC-BY,http://creativecommons.org/licenses/by/4.0/legalcode,324996,,si
GBIF,1427250602,"Graneledone Joubin, 1918",,-43.26,173.9813,900,881,919,1993-04-05T20:18/1993-04-05T20:52,1993,New Zealand,Pacífico Sur,HUMAN_OBSERVATION,2a636fd6-dc73-49c0-9e5b-26bd05532313,MBIS research trawl surveys,10.15468/ti5yah,Earth Sciences New Zealand (ESNZ),NIWA,CC-BY,http://creativecommons.org/licenses/by/4.0/legalcode,325021,,si
GBIF,1427250623,"Graneledone Joubin, 1918",,-42.9082,173.784,899.5,801,998,1993-04-05T00:17/1993-04-05T00:53,1993,New Zealand,Pacífico Sur,HUMAN_OBSERVATION,2a636fd6-dc73-49c0-9e5b-26bd05532313,MBIS research trawl surveys,10.15468/ti5yah,Earth Sciences New Zealand (ESNZ),NIWA,CC-BY,http://creativecommons.org/licenses/by/4.0/legalcode,325044,,si
GBIF,1427250721,"Graneledone Joubin, 1918",,-41.7663,175.3962,1050,1014,1086,1993-04-06T12:17/1993-04-06T12:54,1993,New Zealand,Pacífico Sur,HUMAN_OBSERVATION,2a636fd6-dc73-49c0-9e5b-26bd05532313,MBIS research trawl surveys,10.15468/ti5yah,Earth Sciences New Zealand (ESNZ),NIWA,CC-BY,http://creativecommons.org/licenses/by/4.0/legalcode,325064,,si
GBIF,1427255555,"Graneledone Joubin, 1918",,-44.7123,173.4528,926.5,905,948,1993-10-06T19:26/1993-10-06T19:49,1993,New Zealand,Pacífico Sur,HUMAN_OBSERVATION,2a636fd6-dc73-49c0-9e5b-26bd05532313,MBIS research trawl surveys,10.15468/ti5yah,Earth Sciences New Zealand (ESNZ),NIWA,CC-BY,http://creativecommons.org/licenses/by/4.0/legalcode,329966,,si
GBIF,1427255711,"Graneledone Joubin, 1918",,-44.7022,173.403,961,937,985,1993-10-06T22:31/1993-10-06T23:10,1993,New Zealand,Pacífico Sur,HUMAN_OBSERVATION,2a636fd6-dc73-49c0-9e5b-26bd05532313,MBIS research trawl surveys,10.15468/ti5yah,Earth Sciences New Zealand (ESNZ),NIWA,CC-BY,http://creativecommons.org/licenses/by/4.0/legalcode,330137,,si
GBIF,1427257028,"Graneledone Joubin, 1918",,-44.74,173.2495,1012,1002,1022,1993-10-08T03:42/1993-10-08T03:58,1993,New Zealand,Pacífico Sur,HUMAN_OBSERVATION,2a636fd6-dc73-49c0-9e5b-26bd05532313,MBIS research trawl surveys,10.15468/ti5yah,Earth Sciences New Zealand (ESNZ),NIWA,CC-BY,http://creativecommons.org/licenses/by/4.0/legalcode,331483,,si
GBIF,1427257080,"Graneledone Joubin, 1918",,-44.6932,173.6037,868,849,887,1993-10-08T06:27/1993-10-08T06:51,1993,New Zealand,Pacífico Sur,HUMAN_OBSERVATION,2a636fd6-dc73-49c0-9e5b-26bd05532313,MBIS research trawl surveys,10.15468/ti5yah,Earth Sciences New Zealand (ESNZ),NIWA,CC-BY,http://creativecommons.org/licenses/by/4.0/legalcode,331500,,si
GBIF,1427257246,"Graneledone Joubin, 1918",,-44.9317,174.1135,1054.5,1025,1084,1993-10-09T05:16/1993-10-09T05:57,1993,New Zealand,Pacífico Sur,HUMAN_OBSERVATION,2a636fd6-dc73-49c0-9e5b-26bd05532313,MBIS research trawl surveys,10.15468/ti5yah,Earth Sciences New Zealand (ESNZ),NIWA,CC-BY,http://creativecommons.org/licenses/by/4.0/legalcode,331643,,si
GBIF,1427257456,"Graneledone Joubin, 1918",,-44.639,176.2497,1076,1069,1083,1993-10-11T08:13/1993-10-11T08:49,1993,New Zealand,Pacífico Sur,HUMAN_OBSERVATION,2a636fd6-dc73-49c0-9e5b-26bd05532313,MBIS research trawl surveys,10.15468/ti5yah,Earth Sciences New Zealand (ESNZ),NIWA,CC-BY,http://creativecommons.org/licenses/by/4.0/legalcode,331847,,si
GBIF,1427257482,"Graneledone Joubin, 1918",,-44.1855,177.1867,859,837,881,1993-10-11T18:28/1993-10-11T19:05,1993,New Zealand,Pacífico Sur,HUMAN_OBSERVATION,2a636fd6-dc73-49c0-9e5b-26bd05532313,MBIS research trawl surveys,10.15468/ti5yah,Earth Sciences New Zealand (ESNZ),NIWA,CC-BY,http://creativecommons.org/licenses/by/4.0/legalcode,331876,,si
GBIF,1427257829,"Graneledone Joubin, 1918",,-44.305,179.9273,928.5,917,940,1993-10-14T18:25/1993-10-14T19:03,1993,New Zealand,Pacífico Sur,HUMAN_OBSERVATION,2a636fd6-dc73-49c0-9e5b-26bd05532313,MBIS research trawl surveys,10.15468/ti5yah,Earth Sciences New Zealand (ESNZ),NIWA,CC-BY,http://creativecommons.org/licenses/by/4.0/legalcode,332250,,si
GBIF,1427258198,"Graneledone Joubin, 1918",,-44.3903,179.5963,1143,1134,1152,1993-10-19T22:19/1993-10-19T22:59,1993,New Zealand,Pacífico Sur,HUMAN_OBSERVATION,2a636fd6-dc73-49c0-9e5b-26bd05532313,MBIS research trawl surveys,10.15468/ti5yah,Earth Sciences New Zealand (ESNZ),NIWA,CC-BY,http://creativecommons.org/licenses/by/4.0/legalcode,332610,,si
GBIF,1427256864,"Graneledone Joubin, 1918",,-44.2397,178.9075,1040,1036,1044,1993-11-07T19:22/1993-11-07T20:02,1993,New Zealand,Pacífico Sur,HUMAN_OBSERVATION,2a636fd6-dc73-49c0-9e5b-26bd05532313,MBIS research trawl surveys,10.15468/ti5yah,Earth Sciences New Zealand (ESNZ),NIWA,CC-BY,http://creativecommons.org/licenses/by/4.0/legalcode,331256,,si
GBIF,1427256914,"Graneledone Joubin, 1918",,-44.2143,178.57,1074,1072,1076,1993-11-08T02:18/1993-11-08T03:00,1993,New Zealand,Pacífico Sur,HUMAN_OBSERVATION,2a636fd6-dc73-49c0-9e5b-26bd05532313,MBIS research trawl surveys,10.15468/ti5yah,Earth Sciences New Zealand (ESNZ),NIWA,CC-BY,http://creativecommons.org/licenses/by/4.0/legalcode,331298,,si
GBIF,1427259009,"Graneledone Joubin, 1918",,-48.3458,-179.8953,539.5,538,541,1993-11-15T09:18/1993-11-15T10:09,1993,New Zealand,Pacífico Sur,HUMAN_OBSERVATION,2a636fd6-dc73-49c0-9e5b-26bd05532313,MBIS research trawl surveys,10.15468/ti5yah,Earth Sciences New Zealand (ESNZ),NIWA,CC-BY,http://creativecommons.org/licenses/by/4.0/legalcode,333426,,si
GBIF,1427259194,"Graneledone Joubin, 1918",,-48.455,179.4593,582,565,599,1993-11-15T12:40/1993-11-15T13:29,1993,New Zealand,Pacífico Sur,HUMAN_OBSERVATION,2a636fd6-dc73-49c0-9e5b-26bd05532313,MBIS research trawl surveys,10.15468/ti5yah,Earth Sciences New Zealand (ESNZ),NIWA,CC-BY,http://creativecommons.org/licenses/by/4.0/legalcode,333599,,si
GBIF,6045630460,"Graneledone kubodera O'Shea, 1999",Graneledone kubodera,-48.455,179.459,582,565,599,1993-11-15,1993,New Zealand,Pacífico Sur,PRESERVED_SPECIMEN,ff2ed94e-45ee-4dde-8e1f-0a4798f61a12,Mollusc collection at Museum of New Zealand Te Papa Tongarewa,10.15468/msce6x,Museum of New Zealand Te Papa Tongarewa,NMNZ,CC-BY,http://creativecommons.org/licenses/by/4.0/legalcode,tepapa:collection/object/743207,,si
GBIF,6045750079,"Graneledone taniwha O'Shea, 1999",Graneledone taniwha,-48.3458,-179.895,539.5,538,541,1993-11-15,1993,New Zealand,Pacífico Sur,PRESERVED_SPECIMEN,ff2ed94e-45ee-4dde-8e1f-0a4798f61a12,Mollusc collection at Museum of New Zealand Te Papa Tongarewa,10.15468/msce6x,Museum of New Zealand Te Papa Tongarewa,NMNZ,CC-BY,http://creativecommons.org/licenses/by/4.0/legalcode,tepapa:collection/object/757596,,si
GBIF,1427258721,"Graneledone Joubin, 1918",,-49.3998,168.7995,733.5,732,735,1993-12-17T11:45/1993-12-17T12:36,1993,New Zealand,Pacífico Sur,HUMAN_OBSERVATION,2a636fd6-dc73-49c0-9e5b-26bd05532313,MBIS research trawl surveys,10.15468/ti5yah,Earth Sciences New Zealand (ESNZ),NIWA,CC-BY,http://creativecommons.org/licenses/by/4.0/legalcode,333149,,si
GBIF,1427258847,"Graneledone Joubin, 1918",,-48.737,169.5672,790,790,790,1993-12-18T09:48/1993-12-18T10:40,1993,New Zealand,Pacífico Sur,HUMAN_OBSERVATION,2a636fd6-dc73-49c0-9e5b-26bd05532313,MBIS research trawl surveys,10.15468/ti5yah,Earth Sciences New Zealand (ESNZ),NIWA,CC-BY,http://creativecommons.org/licenses/by/4.0/legalcode,333238,,si
GBIF,1427258944,"Graneledone Joubin, 1918",,-47.8032,169.5513,698.5,695,702,1993-12-20T06:37/1993-12-20T07:28,1993,New Zealand,Pacífico Sur,HUMAN_OBSERVATION,2a636fd6-dc73-49c0-9e5b-26bd05532313,MBIS research trawl surveys,10.15468/ti5yah,Earth Sciences New Zealand (ESNZ),NIWA,CC-BY,http://creativecommons.org/licenses/by/4.0/legalcode,333336,,si
GBIF,1427259594,"Graneledone Joubin, 1918",,-47.5185,169.247,545,536,554,1993-12-02T11:45/1993-12-02T12:37,1993,New Zealand,Pacífico Sur,HUMAN_OBSERVATION,2a636fd6-dc73-49c0-9e5b-26bd05532313,MBIS research trawl surveys,10.15468/ti5yah,Earth Sciences New Zealand (ESNZ),NIWA,CC-BY,http://creativecommons.org/licenses/by/4.0/legalcode,333987,,si
GBIF,1427259940,"Graneledone Joubin, 1918",,-49.2337,167.9985,686.5,676,697,1993-12-06T04:53/1993-12-06T05:44,1993,New Zealand,Pacífico Sur,HUMAN_OBSERVATION,2a636fd6-dc73-49c0-9e5b-26bd05532313,MBIS research trawl surveys,10.15468/ti5yah,Earth Sciences New Zealand (ESNZ),NIWA,CC-BY,http://creativecommons.org/licenses/by/4.0/legalcode,334338,,si
GBIF,1427259977,"Graneledone Joubin, 1918",,-48.9545,167.8278,672.5,658,687,1993-12-06T14:00/1993-12-06T14:51,1993,New Zealand,Pacífico Sur,HUMAN_OBSERVATION,2a636fd6-dc73-49c0-9e5b-26bd05532313,MBIS research trawl surveys,10.15468/ti5yah,Earth Sciences New Zealand (ESNZ),NIWA,CC-BY,http://creativecommons.org/licenses/by/4.0/legalcode,334418,,si
GBIF,1427260087,"Graneledone Joubin, 1918",,-49.3825,167.309,685.5,680,691,1993-12-07T05:27/1993-12-07T06:17,1993,New Zealand,Pacífico Sur,HUMAN_OBSERVATION,2a636fd6-dc73-49c0-9e5b-26bd05532313,MBIS research trawl surveys,10.15468/ti5yah,Earth Sciences New Zealand (ESNZ),NIWA,CC-BY,http://creativecommons.org/licenses/by/4.0/legalcode,334482,,si
GBIF,1427260105,"Graneledone Joubin, 1918",,-49.5777,166.6818,500.5,493,508,1993-12-07T13:06/1993-12-07T13:57,1993,New Zealand,Pacífico Sur,HUMAN_OBSERVATION,2a636fd6-dc73-49c0-9e5b-26bd05532313,MBIS research trawl surveys,10.15468/ti5yah,Earth Sciences New Zealand (ESNZ),NIWA,CC-BY,http://creativecommons.org/licenses/by/4.0/legalcode,334521,,si
GBIF,1272668557,"Graneledone antarctica G.L.Voss, 1976",Graneledone antarctica,-52.712,74.4395,194.3,185,203.6,1992-01-26,1992,Heard Island and McDonald Islands,Océano Índico,PRESERVED_SPECIMEN,39905320-6c8a-11de-8226-b8a03c50a862,AA92,10.15468/lp1ctu,Museums Victoria,NMV,CC0,http://creativecommons.org/publicdomain/zero/1.0/legalcode,d2f9506d-5a3e-41c2-a002-2dec71e40b57,profundidad_<300m_revisar,si
GBIF,1272668570,"Graneledone antarctica G.L.Voss, 1976",Graneledone antarctica,-52.712,74.4395,194.3,185,203.6,1992-01-26,1992,Heard Island and McDonald Islands,Océano Índico,PRESERVED_SPECIMEN,39905320-6c8a-11de-8226-b8a03c50a862,AA92,10.15468/lp1ctu,Museums Victoria,NMV,CC0,http://creativecommons.org/publicdomain/zero/1.0/legalcode,c5275b32-e94e-4a62-9db4-ff685c158169,profundidad_<300m_revisar,si
GBIF,1427227268,"Graneledone Joubin, 1918",,-42.8585,-176.7155,851,850,852,1992-02-26T06:20/1992-02-26T07:20,1992,New Zealand,Pacífico Sur,HUMAN_OBSERVATION,2a636fd6-dc73-49c0-9e5b-26bd05532313,MBIS research trawl surveys,10.15468/ti5yah,Earth Sciences New Zealand (ESNZ),NIWA,CC-BY,http://creativecommons.org/licenses/by/4.0/legalcode,301688,,si
GBIF,1427227286,"Graneledone Joubin, 1918",,-42.8447,-176.8162,870.5,866,875,1992-02-26T08:48/1992-02-26T10:01,1992,New Zealand,Pacífico Sur,HUMAN_OBSERVATION,2a636fd6-dc73-49c0-9e5b-26bd05532313,MBIS research trawl surveys,10.15468/ti5yah,Earth Sciences New Zealand (ESNZ),NIWA,CC-BY,http://creativecommons.org/licenses/by/4.0/legalcode,301709,,si
GBIF,1427229927,"Graneledone Joubin, 1918",,-39.6355,178.1508,771,762,780,1992-03-18T00:07/1992-03-18T00:42,1992,New Zealand,Pacífico Sur,HUMAN_OBSERVATION,2a636fd6-dc73-49c0-9e5b-26bd05532313,MBIS research trawl surveys,10.15468/ti5yah,Earth Sciences New Zealand (ESNZ),NIWA,CC-BY,http://creativecommons.org/licenses/by/4.0/legalcode,304352,,si
GBIF,1427230212,"Graneledone Joubin, 1918",,-49.6755,167.4978,406.5,398,415,1992-04-22T09:46/1992-04-22T10:37,1992,New Zealand,Pacífico Sur,HUMAN_OBSERVATION,2a636fd6-dc73-49c0-9e5b-26bd05532313,MBIS research trawl surveys,10.15468/ti5yah,Earth Sciences New Zealand (ESNZ),NIWA,CC-BY,http://creativecommons.org/licenses/by/4.0/legalcode,304624,,si
GBIF,1427230588,"Graneledone Joubin, 1918",,-48.0827,168.7332,645.5,634,657,1992-05-02T08:04/1992-05-02T08:55,1992,New Zealand,Pacífico Sur,HUMAN_OBSERVATION,2a636fd6-dc73-49c0-9e5b-26bd05532313,MBIS research trawl surveys,10.15468/ti5yah,Earth Sciences New Zealand (ESNZ),NIWA,CC-BY,http://creativecommons.org/licenses/by/4.0/legalcode,304990,,si
GBIF,1427230687,"Graneledone Joubin, 1918",,-48.7682,169.4868,776.5,770,783,1992-05-04T16:21/1992-05-04T17:14,1992,New Zealand,Pacífico Sur,HUMAN_OBSERVATION,2a636fd6-dc73-49c0-9e5b-26bd05532313,MBIS research trawl surveys,10.15468/ti5yah,Earth Sciences New Zealand (ESNZ),NIWA,CC-BY,http://creativecommons.org/licenses/by/4.0/legalcode,305117,,si
GBIF,1426999090,"Graneledone Joubin, 1918",,-45.2342,171.814,980.5,886,1075,1992-06-22T11:35/1992-06-22T12:18,1992,New Zealand,Pacífico Sur,HUMAN_OBSERVATION,2a636fd6-dc73-49c0-9e5b-26bd05532313,MBIS research trawl surveys,10.15468/ti5yah,Earth Sciences New Zealand (ESNZ),NIWA,CC-BY,http://creativecommons.org/licenses/by/4.0/legalcode,73498,,si
GBIF,1426999969,"Graneledone Joubin, 1918",,-46.1847,171.0297,940.5,762,1119,1992-06-26T12:28/1992-06-26T14:57,1992,New Zealand,Pacífico Sur,HUMAN_OBSERVATION,2a636fd6-dc73-49c0-9e5b-26bd05532313,MBIS research trawl surveys,10.15468/ti5yah,Earth Sciences New Zealand (ESNZ),NIWA,CC-BY,http://creativecommons.org/licenses/by/4.0/legalcode,74384,,si
GBIF,1427000015,"Graneledone Joubin, 1918",,-46.281,171.116,991,968,1014,1992-06-26T22:34/1992-06-26T23:51,1992,New Zealand,Pacífico Sur,HUMAN_OBSERVATION,2a636fd6-dc73-49c0-9e5b-26bd05532313,MBIS research trawl surveys,10.15468/ti5yah,Earth Sciences New Zealand (ESNZ),NIWA,CC-BY,http://creativecommons.org/licenses/by/4.0/legalcode,74406,,si
GBIF,1427000025,"Graneledone Joubin, 1918",,-46.3813,170.9108,924,863,985,1992-06-27T09:39/1992-06-27T10:33,1992,New Zealand,Pacífico Sur,HUMAN_OBSERVATION,2a636fd6-dc73-49c0-9e5b-26bd05532313,MBIS research trawl surveys,10.15468/ti5yah,Earth Sciences New Zealand (ESNZ),NIWA,CC-BY,http://creativecommons.org/licenses/by/4.0/legalcode,74453,,si
GBIF,1427000080,"Graneledone Joubin, 1918",,-46.479,170.8077,954,880,1028,1992-06-27T17:28/1992-06-27T18:23,1992,New Zealand,Pacífico Sur,HUMAN_OBSERVATION,2a636fd6-dc73-49c0-9e5b-26bd05532313,MBIS research trawl surveys,10.15468/ti5yah,Earth Sciences New Zealand (ESNZ),NIWA,CC-BY,http://creativecommons.org/licenses/by/4.0/legalcode,74474,,si
GBIF,1427000114,"Graneledone Joubin, 1918",,-45.3375,171.6927,1029,894,1164,1992-06-29T02:57/1992-06-29T03:07,1992,New Zealand,Pacífico Sur,HUMAN_OBSERVATION,2a636fd6-dc73-49c0-9e5b-26bd05532313,MBIS research trawl surveys,10.15468/ti5yah,Earth Sciences New Zealand (ESNZ),NIWA,CC-BY,http://creativecommons.org/licenses/by/4.0/legalcode,74537,,si
GBIF,1427000137,"Graneledone Joubin, 1918",,-44.818,172.4555,896.5,798,995,1992-06-29T21:21/1992-06-29T22:21,1992,New Zealand,Pacífico Sur,HUMAN_OBSERVATION,2a636fd6-dc73-49c0-9e5b-26bd05532313,MBIS research trawl surveys,10.15468/ti5yah,Earth Sciences New Zealand (ESNZ),NIWA,CC-BY,http://creativecommons.org/licenses/by/4.0/legalcode,74579,,si
GBIF,1427232046,"Graneledone Joubin, 1918",,-44.5843,-178.7808,1223.5,1218,1229,1992-06-05T07:54/1992-06-05T09:00,1992,New Zealand,Pacífico Sur,HUMAN_OBSERVATION,2a636fd6-dc73-49c0-9e5b-26bd05532313,MBIS research trawl surveys,10.15468/ti5yah,Earth Sciences New Zealand (ESNZ),NIWA,CC-BY,http://creativecommons.org/licenses/by/4.0/legalcode,306473,,si
GBIF,1427233021,"Graneledone Joubin, 1918",,-44.494,-178.46,992,957,1027,1992-06-06T09:00/1992-06-06T10:43,1992,New Zealand,Pacífico Sur,HUMAN_OBSERVATION,2a636fd6-dc73-49c0-9e5b-26bd05532313,MBIS research trawl surveys,10.15468/ti5yah,Earth Sciences New Zealand (ESNZ),NIWA,CC-BY,http://creativecommons.org/licenses/by/4.0/legalcode,307472,,si
GBIF,1427236309,"Graneledone Joubin, 1918",,-42.7283,178.1337,1026,1015,1037,1992-06-21T22:49/1992-06-21T23:53,1992,New Zealand,Pacífico Sur,HUMAN_OBSERVATION,2a636fd6-dc73-49c0-9e5b-26bd05532313,MBIS research trawl surveys,10.15468/ti5yah,Earth Sciences New Zealand (ESNZ),NIWA,CC-BY,http://creativecommons.org/licenses/by/4.0/legalcode,310748,,si
GBIF,1427236416,"Graneledone Joubin, 1918",,-42.7182,177.5452,981.5,975,988,1992-06-22T06:35/1992-06-22T07:42,1992,New Zealand,Pacífico Sur,HUMAN_OBSERVATION,2a636fd6-dc73-49c0-9e5b-26bd05532313,MBIS research trawl surveys,10.15468/ti5yah,Earth Sciences New Zealand (ESNZ),NIWA,CC-BY,http://creativecommons.org/licenses/by/4.0/legalcode,310841,,si
GBIF,1427236478,"Graneledone Joubin, 1918",,-42.708,177.306,965,959,971,1992-06-22T14:40/1992-06-22T15:39,1992,New Zealand,Pacífico Sur,HUMAN_OBSERVATION,2a636fd6-dc73-49c0-9e5b-26bd05532313,MBIS research trawl surveys,10.15468/ti5yah,Earth Sciences New Zealand (ESNZ),NIWA,CC-BY,http://creativecommons.org/licenses/by/4.0/legalcode,310900,,si
GBIF,1427236502,"Graneledone Joubin, 1918",,-42.745,177.3507,844,839,849,1992-06-22T12:09/1992-06-22T13:08,1992,New Zealand,Pacífico Sur,HUMAN_OBSERVATION,2a636fd6-dc73-49c0-9e5b-26bd05532313,MBIS research trawl surveys,10.15468/ti5yah,Earth Sciences New Zealand (ESNZ),NIWA,CC-BY,http://creativecommons.org/licenses/by/4.0/legalcode,310883,,si
GBIF,1427236539,"Graneledone Joubin, 1918",,-42.6247,176.9833,1195.5,1194,1197,1992-06-22T22:41/1992-06-22T23:47,1992,New Zealand,Pacífico Sur,HUMAN_OBSERVATION,2a636fd6-dc73-49c0-9e5b-26bd05532313,MBIS research trawl surveys,10.15468/ti5yah,Earth Sciences New Zealand (ESNZ),NIWA,CC-BY,http://creativecommons.org/licenses/by/4.0/legalcode,310959,,si
GBIF,6045614012,"Graneledone challengeri (S.S.Berry, 1916)",Graneledone challengeri,-44.5843,-178.781,1223.5,1218,1229,1992-06-05,1992,New Zealand,Pacífico Sur,PRESERVED_SPECIMEN,ff2ed94e-45ee-4dde-8e1f-0a4798f61a12,Mollusc collection at Museum of New Zealand Te Papa Tongarewa,10.15468/msce6x,Museum of New Zealand Te Papa Tongarewa,NMNZ,CC-BY,http://creativecommons.org/licenses/by/4.0/legalcode,tepapa:collection/object/757584,,si
GBIF,6045701768,"Graneledone taniwha O'Shea, 1999",Graneledone taniwha,-46.2557,170.913,931,811,1051,1992-06-27,1992,New Zealand,Pacífico Sur,PRESERVED_SPECIMEN,ff2ed94e-45ee-4dde-8e1f-0a4798f61a12,Mollusc collection at Museum of New Zealand Te Papa Tongarewa,10.15468/msce6x,Museum of New Zealand Te Papa Tongarewa,NMNZ,CC-BY,http://creativecommons.org/licenses/by/4.0/legalcode,tepapa:collection/object/757594,,si
GBIF,1426998878,"Graneledone Joubin, 1918",,-47.309,165.7958,930,865,995,1992-07-22T09:21/1992-07-22T09:26,1992,New Zealand,Pacífico Sur,HUMAN_OBSERVATION,2a636fd6-dc73-49c0-9e5b-26bd05532313,MBIS research trawl surveys,10.15468/ti5yah,Earth Sciences New Zealand (ESNZ),NIWA,CC-BY,http://creativecommons.org/licenses/by/4.0/legalcode,73319,,si
GBIF,1426999131,"Graneledone Joubin, 1918",,-47.0455,165.866,1045.5,866,1225,1992-07-24T09:47/1992-07-24T10:07,1992,New Zealand,Pacífico Sur,HUMAN_OBSERVATION,2a636fd6-dc73-49c0-9e5b-26bd05532313,MBIS research trawl surveys,10.15468/ti5yah,Earth Sciences New Zealand (ESNZ),NIWA,CC-BY,http://creativecommons.org/licenses/by/4.0/legalcode,73537,,si
GBIF,1426999354,"Graneledone Joubin, 1918",,-45.2742,171.7715,983,835,1131,1992-07-28T14:11/1992-07-28T14:54,1992,New Zealand,Pacífico Sur,HUMAN_OBSERVATION,2a636fd6-dc73-49c0-9e5b-26bd05532313,MBIS research trawl surveys,10.15468/ti5yah,Earth Sciences New Zealand (ESNZ),NIWA,CC-BY,http://creativecommons.org/licenses/by/4.0/legalcode,73770,,si
GBIF,1426999489,"Graneledone Joubin, 1918",,-45.3537,171.6797,960,900,1020,1992-07-29T20:39/1992-07-29T21:26,1992,New Zealand,Pacífico Sur,HUMAN_OBSERVATION,2a636fd6-dc73-49c0-9e5b-26bd05532313,MBIS research trawl surveys,10.15468/ti5yah,Earth Sciences New Zealand (ESNZ),NIWA,CC-BY,http://creativecommons.org/licenses/by/4.0/legalcode,73904,,si
GBIF,1426999574,"Graneledone Joubin, 1918",,-45.2923,171.6425,920.5,821,1020,1992-07-30T22:17/1992-07-30T22:46,1992,New Zealand,Pacífico Sur,HUMAN_OBSERVATION,2a636fd6-dc73-49c0-9e5b-26bd05532313,MBIS research trawl surveys,10.15468/ti5yah,Earth Sciences New Zealand (ESNZ),NIWA,CC-BY,http://creativecommons.org/licenses/by/4.0/legalcode,74018,,si
GBIF,1426999722,"Graneledone Joubin, 1918",,-45.3452,171.6967,1041,893,1189,1992-07-31T12:13/1992-07-31T12:33,1992,New Zealand,Pacífico Sur,HUMAN_OBSERVATION,2a636fd6-dc73-49c0-9e5b-26bd05532313,MBIS research trawl surveys,10.15468/ti5yah,Earth Sciences New Zealand (ESNZ),NIWA,CC-BY,http://creativecommons.org/licenses/by/4.0/legalcode,74119,,si
GBIF,1427000317,"Graneledone Joubin, 1918",,-45.2678,171.7597,932,826,1038,1992-07-01T21:52/1992-07-01T22:21,1992,New Zealand,Pacífico Sur,HUMAN_OBSERVATION,2a636fd6-dc73-49c0-9e5b-26bd05532313,MBIS research trawl surveys,10.15468/ti5yah,Earth Sciences New Zealand (ESNZ),NIWA,CC-BY,http://creativecommons.org/licenses/by/4.0/legalcode,74707,,si
GBIF,1427233642,"Graneledone Joubin, 1918",,-42.6585,-176.9965,1407,1405,1409,1992-07-13T23:15/1992-07-14T00:14,1992,New Zealand,Pacífico Sur,HUMAN_OBSERVATION,2a636fd6-dc73-49c0-9e5b-26bd05532313,MBIS research trawl surveys,10.15468/ti5yah,Earth Sciences New Zealand (ESNZ),NIWA,CC-BY,http://creativecommons.org/licenses/by/4.0/legalcode,308055,,si
GBIF,1427233702,"Graneledone Joubin, 1918",,-42.6745,-176.4673,1455.5,1444,1467,1992-07-14T12:46/1992-07-14T13:44,1992,New Zealand,Pacífico Sur,HUMAN_OBSERVATION,2a636fd6-dc73-49c0-9e5b-26bd05532313,MBIS research trawl surveys,10.15468/ti5yah,Earth Sciences New Zealand (ESNZ),NIWA,CC-BY,http://creativecommons.org/licenses/by/4.0/legalcode,308140,,si
GBIF,1427233851,"Graneledone Joubin, 1918",,-42.8672,-176.9933,801.5,788,815,1992-07-15T14:13/1992-07-15T15:09,1992,New Zealand,Pacífico Sur,HUMAN_OBSERVATION,2a636fd6-dc73-49c0-9e5b-26bd05532313,MBIS research trawl surveys,10.15468/ti5yah,Earth Sciences New Zealand (ESNZ),NIWA,CC-BY,http://creativecommons.org/licenses/by/4.0/legalcode,308283,,si
GBIF,1427234272,"Graneledone Joubin, 1918",,-42.8043,-176.9892,952.5,949,956,1992-07-17T10:30/1992-07-17T11:37,1992,New Zealand,Pacífico Sur,HUMAN_OBSERVATION,2a636fd6-dc73-49c0-9e5b-26bd05532313,MBIS research trawl surveys,10.15468/ti5yah,Earth Sciences New Zealand (ESNZ),NIWA,CC-BY,http://creativecommons.org/licenses/by/4.0/legalcode,308669,,si
GBIF,1427234336,"Graneledone Joubin, 1918",,-42.8678,-176.0723,944,938,950,1992-07-18T02:52/1992-07-18T03:52,1992,New Zealand,Pacífico Sur,HUMAN_OBSERVATION,2a636fd6-dc73-49c0-9e5b-26bd05532313,MBIS research trawl surveys,10.15468/ti5yah,Earth Sciences New Zealand (ESNZ),NIWA,CC-BY,http://creativecommons.org/licenses/by/4.0/legalcode,308788,,si
GBIF,1427234555,"Graneledone Joubin, 1918",,-42.7845,-176.8017,1016,1007,1025,1992-07-19T18:15/1992-07-19T19:12,1992,New Zealand,Pacífico Sur,HUMAN_OBSERVATION,2a636fd6-dc73-49c0-9e5b-26bd05532313,MBIS research trawl surveys,10.15468/ti5yah,Earth Sciences New Zealand (ESNZ),NIWA,CC-BY,http://creativecommons.org/licenses/by/4.0/legalcode,308993,,si
GBIF,1427234624,"Graneledone Joubin, 1918",,-42.762,-176.5783,1118,1117,1119,1992-07-20T03:38/1992-07-20T04:36,1992,New Zealand,Pacífico Sur,HUMAN_OBSERVATION,2a636fd6-dc73-49c0-9e5b-26bd05532313,MBIS research trawl surveys,10.15468/ti5yah,Earth Sciences New Zealand (ESNZ),NIWA,CC-BY,http://creativecommons.org/licenses/by/4.0/legalcode,309057,,si
GBIF,1427234681,"Graneledone Joubin, 1918",,-42.8002,-176.2158,1137,1136,1138,1992-07-20T13:18/1992-07-20T14:16,1992,New Zealand,Pacífico Sur,HUMAN_OBSERVATION,2a636fd6-dc73-49c0-9e5b-26bd05532313,MBIS research trawl surveys,10.15468/ti5yah,Earth Sciences New Zealand (ESNZ),NIWA,CC-BY,http://creativecommons.org/licenses/by/4.0/legalcode,309111,,si
GBIF,1427235009,"Graneledone Joubin, 1918",,-42.8405,-176.7097,892.5,890,895,1992-07-23T05:35/1992-07-23T06:40,1992,New Zealand,Pacífico Sur,HUMAN_OBSERVATION,2a636fd6-dc73-49c0-9e5b-26bd05532313,MBIS research trawl surveys,10.15468/ti5yah,Earth Sciences New Zealand (ESNZ),NIWA,CC-BY,http://creativecommons.org/licenses/by/4.0/legalcode,309387,,si
GBIF,1427235100,"Graneledone Joubin, 1918",,-42.8157,-176.926,923,919,927,1992-07-23T15:13/1992-07-23T16:19,1992,New Zealand,Pacífico Sur,HUMAN_OBSERVATION,2a636fd6-dc73-49c0-9e5b-26bd05532313,MBIS research trawl surveys,10.15468/ti5yah,Earth Sciences New Zealand (ESNZ),NIWA,CC-BY,http://creativecommons.org/licenses/by/4.0/legalcode,309460,,si
GBIF,6045646862,"Graneledone taniwha O'Shea, 1999",Graneledone taniwha,-46.6383,166.15,678,678,678,1992-07-12,1992,New Zealand,Pacífico Sur,PRESERVED_SPECIMEN,ff2ed94e-45ee-4dde-8e1f-0a4798f61a12,Mollusc collection at Museum of New Zealand Te Papa Tongarewa,10.15468/msce6x,Museum of New Zealand Te Papa Tongarewa,NMNZ,CC-BY,http://creativecommons.org/licenses/by/4.0/legalcode,tepapa:collection/object/743239,,si
GBIF,4055554223,"Graneledone verrucosa (A.E.Verrill, 1881)",Graneledone verrucosa,64.083333,-54.683333,,,,1992-08-15,1992,Greenland,Atlántico Norte,PRESERVED_SPECIMEN,58fc397b-eee4-4138-8a5f-50f9dfb00216,Natural History Museum Denmark Invertebrate Zoology,10.15468/wodhis,Natural History Museum of Denmark,NHMD,CC-BY,http://creativecommons.org/licenses/by/4.0/legalcode,506b37ef-31cf-44e6-ba8c-1909cb2e8d9e,sin_profundidad,si
GBIF,6045754507,"Graneledone taniwha O'Shea, 1999",Graneledone taniwha,-49.2833,168.733,763,763,763,1992-08-23,1992,New Zealand,Pacífico Sur,PRESERVED_SPECIMEN,ff2ed94e-45ee-4dde-8e1f-0a4798f61a12,Mollusc collection at Museum of New Zealand Te Papa Tongarewa,10.15468/msce6x,Museum of New Zealand Te Papa Tongarewa,NMNZ,CC-BY,http://creativecommons.org/licenses/by/4.0/legalcode,tepapa:collection/object/743230,,si
GBIF,6045787736,"Graneledone taniwha O'Shea, 1999",Graneledone taniwha,-49.18,168.67,775.5,745,806,1992-08-01,1992,New Zealand,Pacífico Sur,PRESERVED_SPECIMEN,ff2ed94e-45ee-4dde-8e1f-0a4798f61a12,Mollusc collection at Museum of New Zealand Te Papa Tongarewa,10.15468/msce6x,Museum of New Zealand Te Papa Tongarewa,NMNZ,CC-BY,http://creativecommons.org/licenses/by/4.0/legalcode,tepapa:collection/object/956546,,si
GBIF,1427239145,"Graneledone Joubin, 1918",,-48.2462,169.208,608.5,602,615,1992-09-29T12:54/1992-09-29T13:43,1992,New Zealand,Pacífico Sur,HUMAN_OBSERVATION,2a636fd6-dc73-49c0-9e5b-26bd05532313,MBIS research trawl surveys,10.15468/ti5yah,Earth Sciences New Zealand (ESNZ),NIWA,CC-BY,http://creativecommons.org/licenses/by/4.0/legalcode,313541,,si
GBIF,6045615323,"Graneledone taniwha O'Shea, 1999",Graneledone taniwha,-48.2462,169.208,608.5,602,615,1992-09-29,1992,New Zealand,Pacífico Sur,PRESERVED_SPECIMEN,ff2ed94e-45ee-4dde-8e1f-0a4798f61a12,Mollusc collection at Museum of New Zealand Te Papa Tongarewa,10.15468/msce6x,Museum of New Zealand Te Papa Tongarewa,NMNZ,CC-BY,http://creativecommons.org/licenses/by/4.0/legalcode,tepapa:collection/object/743229,,si
GBIF,6045773162,"Graneledone taniwha O'Shea, 1999",Graneledone taniwha,-48.3347,169.264,643,636,650,1992-09-29,1992,New Zealand,Pacífico Sur,PRESERVED_SPECIMEN,ff2ed94e-45ee-4dde-8e1f-0a4798f61a12,Mollusc collection at Museum of New Zealand Te Papa Tongarewa,10.15468/msce6x,Museum of New Zealand Te Papa Tongarewa,NMNZ,CC-BY,http://creativecommons.org/licenses/by/4.0/legalcode,tepapa:collection/object/743228,,si
GBIF,1427239598,"Graneledone Joubin, 1918",,-50.325,168.632,563,560,566,1992-10-08T17:31/1992-10-08T18:20,1992,New Zealand,Pacífico Sur,HUMAN_OBSERVATION,2a636fd6-dc73-49c0-9e5b-26bd05532313,MBIS research trawl surveys,10.15468/ti5yah,Earth Sciences New Zealand (ESNZ),NIWA,CC-BY,http://creativecommons.org/licenses/by/4.0/legalcode,314013,,si
GBIF,1427239639,"Graneledone Joubin, 1918",,-49.4258,168.4803,704,700,708,1992-10-09T08:26/1992-10-09T09:15,1992,New Zealand,Pacífico Sur,HUMAN_OBSERVATION,2a636fd6-dc73-49c0-9e5b-26bd05532313,MBIS research trawl surveys,10.15468/ti5yah,Earth Sciences New Zealand (ESNZ),NIWA,CC-BY,http://creativecommons.org/licenses/by/4.0/legalcode,314047,,si
GBIF,1427240607,"Graneledone Joubin, 1918",,-45.1607,174.4812,1088.5,1087,1090,1992-10-18T17:46/1992-10-18T18:30,1992,New Zealand,Pacífico Sur,HUMAN_OBSERVATION,2a636fd6-dc73-49c0-9e5b-26bd05532313,MBIS research trawl surveys,10.15468/ti5yah,Earth Sciences New Zealand (ESNZ),NIWA,CC-BY,http://creativecommons.org/licenses/by/4.0/legalcode,314994,,si
GBIF,1427241201,"Graneledone Joubin, 1918",,-44.6243,173.843,867,848,886,1992-10-17T10:37/1992-10-17T11:16,1992,New Zealand,Pacífico Sur,HUMAN_OBSERVATION,2a636fd6-dc73-49c0-9e5b-26bd05532313,MBIS research trawl surveys,10.15468/ti5yah,Earth Sciences New Zealand (ESNZ),NIWA,CC-BY,http://creativecommons.org/licenses/by/4.0/legalcode,315627,,si
GBIF,6045713908,"Graneledone taniwha O'Shea, 1999",Graneledone taniwha,-49.4258,168.48,704,700,708,1992-10-09,1992,New Zealand,Pacífico Sur,PRESERVED_SPECIMEN,ff2ed94e-45ee-4dde-8e1f-0a4798f61a12,Mollusc collection at Museum of New Zealand Te Papa Tongarewa,10.15468/msce6x,Museum of New Zealand Te Papa Tongarewa,NMNZ,CC-BY,http://creativecommons.org/licenses/by/4.0/legalcode,tepapa:collection/object/743226,,si
GBIF,1427240535,"Graneledone Joubin, 1918",,-44.7528,-177.0688,1190,1189,1191,1992-11-07T04:27/1992-11-07T05:05,1992,New Zealand,Pacífico Sur,HUMAN_OBSERVATION,2a636fd6-dc73-49c0-9e5b-26bd05532313,MBIS research trawl surveys,10.15468/ti5yah,Earth Sciences New Zealand (ESNZ),NIWA,CC-BY,http://creativecommons.org/licenses/by/4.0/legalcode,314959,,si
GBIF,6045794240,"Graneledone taniwha O'Shea, 1999",Graneledone taniwha,-46.6175,166.483,884,884,884,1992-12-09,1992,New Zealand,Pacífico Sur,PRESERVED_SPECIMEN,ff2ed94e-45ee-4dde-8e1f-0a4798f61a12,Mollusc collection at Museum of New Zealand Te Papa Tongarewa,10.15468/msce6x,Museum of New Zealand Te Papa Tongarewa,NMNZ,CC-BY,http://creativecommons.org/licenses/by/4.0/legalcode,tepapa:collection/object/757595,,si
GBIF,4526884556,"Graneledone verrucosa (A.E.Verrill, 1881)",Graneledone verrucosa,20.549999,-18.58333,2003,2003,2003,1991-02-06,1991,Western Sahara,Atlántico Norte,PRESERVED_SPECIMEN,0214a6a7-898f-4ee8-b888-0be60ecde81f,The molluscs collection (IM) of the Muséum national d'Histoire naturelle (MNHN - Paris),10.15468/xgoxap,MNHN - Museum national d'Histoire naturelle,MNHN,CC-BY,http://creativecommons.org/licenses/by/4.0/legalcode,http://coldb.mnhn.fr/catalognumber/mnhn/im/2002-2013,,si
GBIF,1427046825,"Graneledone Joubin, 1918",,-41.0762,170.856,478.5,476,481,1991-03-23T11:07/1991-03-23T12:02,1991,New Zealand,Pacífico Sur,HUMAN_OBSERVATION,2a636fd6-dc73-49c0-9e5b-26bd05532313,MBIS research trawl surveys,10.15468/ti5yah,Earth Sciences New Zealand (ESNZ),NIWA,CC-BY,http://creativecommons.org/licenses/by/4.0/legalcode,121255,,si
GBIF,1427336015,"Graneledone Joubin, 1918",,-46.6238,166.4343,936.5,930,943,1991-06-16T02:30/1991-06-16T03:27,1991,New Zealand,Pacífico Sur,HUMAN_OBSERVATION,2a636fd6-dc73-49c0-9e5b-26bd05532313,MBIS research trawl surveys,10.15468/ti5yah,Earth Sciences New Zealand (ESNZ),NIWA,CC-BY,http://creativecommons.org/licenses/by/4.0/legalcode,410452,,si
GBIF,1427335793,"Graneledone Joubin, 1918",,-47.1275,165.6518,1041,1023,1059,1991-07-22T04:30/1991-07-22T05:04,1991,New Zealand,Pacífico Sur,HUMAN_OBSERVATION,2a636fd6-dc73-49c0-9e5b-26bd05532313,MBIS research trawl surveys,10.15468/ti5yah,Earth Sciences New Zealand (ESNZ),NIWA,CC-BY,http://creativecommons.org/licenses/by/4.0/legalcode,410231,,si
GBIF,1427336382,"Graneledone Joubin, 1918",,-47.3585,165.8072,1041,962,1120,1991-07-06T21:15/1991-07-06T21:25,1991,New Zealand,Pacífico Sur,HUMAN_OBSERVATION,2a636fd6-dc73-49c0-9e5b-26bd05532313,MBIS research trawl surveys,10.15468/ti5yah,Earth Sciences New Zealand (ESNZ),NIWA,CC-BY,http://creativecommons.org/licenses/by/4.0/legalcode,410782,,si
GBIF,1427336389,"Graneledone Joubin, 1918",,-46.8258,166.085,845,829,861,1991-07-07T16:23/1991-07-07T16:53,1991,New Zealand,Pacífico Sur,HUMAN_OBSERVATION,2a636fd6-dc73-49c0-9e5b-26bd05532313,MBIS research trawl surveys,10.15468/ti5yah,Earth Sciences New Zealand (ESNZ),NIWA,CC-BY,http://creativecommons.org/licenses/by/4.0/legalcode,410806,,si
GBIF,1427218868,"Graneledone Joubin, 1918",,-42.2432,169.6962,1048,1042,1054,1991-10-08T17:55/1991-10-08T18:27,1991,New Zealand,Pacífico Sur,HUMAN_OBSERVATION,2a636fd6-dc73-49c0-9e5b-26bd05532313,MBIS research trawl surveys,10.15468/ti5yah,Earth Sciences New Zealand (ESNZ),NIWA,CC-BY,http://creativecommons.org/licenses/by/4.0/legalcode,293278,,si
GBIF,1427218901,"Graneledone Joubin, 1918",,-44.6748,173.5968,848.5,830,867,1991-10-12T23:28/1991-10-13T00:08,1991,New Zealand,Pacífico Sur,HUMAN_OBSERVATION,2a636fd6-dc73-49c0-9e5b-26bd05532313,MBIS research trawl surveys,10.15468/ti5yah,Earth Sciences New Zealand (ESNZ),NIWA,CC-BY,http://creativecommons.org/licenses/by/4.0/legalcode,293350,,si
GBIF,1427219060,"Graneledone Joubin, 1918",,-44.7075,173.7695,931,894,968,1991-10-13T02:25/1991-10-13T03:05,1991,New Zealand,Pacífico Sur,HUMAN_OBSERVATION,2a636fd6-dc73-49c0-9e5b-26bd05532313,MBIS research trawl surveys,10.15468/ti5yah,Earth Sciences New Zealand (ESNZ),NIWA,CC-BY,http://creativecommons.org/licenses/by/4.0/legalcode,293522,,si
GBIF,1427219351,"Graneledone Joubin, 1918",,-44.6893,173.757,922.5,889,956,1991-10-13T05:55/1991-10-13T06:47,1991,New Zealand,Pacífico Sur,HUMAN_OBSERVATION,2a636fd6-dc73-49c0-9e5b-26bd05532313,MBIS research trawl surveys,10.15468/ti5yah,Earth Sciences New Zealand (ESNZ),NIWA,CC-BY,http://creativecommons.org/licenses/by/4.0/legalcode,293704,,si
GBIF,1427219728,"Graneledone Joubin, 1918",,-44.8295,173.8322,1050.5,1001,1100,1991-10-13T15:25/1991-10-13T16:09,1991,New Zealand,Pacífico Sur,HUMAN_OBSERVATION,2a636fd6-dc73-49c0-9e5b-26bd05532313,MBIS research trawl surveys,10.15468/ti5yah,Earth Sciences New Zealand (ESNZ),NIWA,CC-BY,http://creativecommons.org/licenses/by/4.0/legalcode,294147,,si
GBIF,1427219814,"Graneledone Joubin, 1918",,-44.5327,173.9417,817.5,816,819,1991-10-14T01:22/1991-10-14T02:06,1991,New Zealand,Pacífico Sur,HUMAN_OBSERVATION,2a636fd6-dc73-49c0-9e5b-26bd05532313,MBIS research trawl surveys,10.15468/ti5yah,Earth Sciences New Zealand (ESNZ),NIWA,CC-BY,http://creativecommons.org/licenses/by/4.0/legalcode,294253,,si
GBIF,1427219938,"Graneledone Joubin, 1918",,-44.7705,174.3157,885.5,873,898,1991-10-15T10:13/1991-10-15T10:46,1991,New Zealand,Pacífico Sur,HUMAN_OBSERVATION,2a636fd6-dc73-49c0-9e5b-26bd05532313,MBIS research trawl surveys,10.15468/ti5yah,Earth Sciences New Zealand (ESNZ),NIWA,CC-BY,http://creativecommons.org/licenses/by/4.0/legalcode,294343,,si
GBIF,1427219969,"Graneledone Joubin, 1918",,-44.8192,174.3112,950.5,901,1000,1991-10-15T12:48/1991-10-15T13:25,1991,New Zealand,Pacífico Sur,HUMAN_OBSERVATION,2a636fd6-dc73-49c0-9e5b-26bd05532313,MBIS research trawl surveys,10.15468/ti5yah,Earth Sciences New Zealand (ESNZ),NIWA,CC-BY,http://creativecommons.org/licenses/by/4.0/legalcode,294358,,si
GBIF,1427220117,"Graneledone Joubin, 1918",,-44.2943,176.5525,750,737,763,1991-10-17T11:01/1991-10-17T11:45,1991,New Zealand,Pacífico Sur,HUMAN_OBSERVATION,2a636fd6-dc73-49c0-9e5b-26bd05532313,MBIS research trawl surveys,10.15468/ti5yah,Earth Sciences New Zealand (ESNZ),NIWA,CC-BY,http://creativecommons.org/licenses/by/4.0/legalcode,294539,,si
GBIF,1427220170,"Graneledone Joubin, 1918",,-44.252,176.945,841,819,863,1991-10-17T17:19/1991-10-17T18:00,1991,New Zealand,Pacífico Sur,HUMAN_OBSERVATION,2a636fd6-dc73-49c0-9e5b-26bd05532313,MBIS research trawl surveys,10.15468/ti5yah,Earth Sciences New Zealand (ESNZ),NIWA,CC-BY,http://creativecommons.org/licenses/by/4.0/legalcode,294563,,si
GBIF,1427220440,"Graneledone Joubin, 1918",,-44.3058,179.5823,1017,1012,1022,1991-10-21T02:45/1991-10-21T03:24,1991,New Zealand,Pacífico Sur,HUMAN_OBSERVATION,2a636fd6-dc73-49c0-9e5b-26bd05532313,MBIS research trawl surveys,10.15468/ti5yah,Earth Sciences New Zealand (ESNZ),NIWA,CC-BY,http://creativecommons.org/licenses/by/4.0/legalcode,294826,,si
GBIF,1427220477,"Graneledone Joubin, 1918",,-44.743,173.2477,1017.5,1010,1025,1991-10-12T10:39/1991-10-12T10:58,1991,New Zealand,Pacífico Sur,HUMAN_OBSERVATION,2a636fd6-dc73-49c0-9e5b-26bd05532313,MBIS research trawl surveys,10.15468/ti5yah,Earth Sciences New Zealand (ESNZ),NIWA,CC-BY,http://creativecommons.org/licenses/by/4.0/legalcode,294907,,si
GBIF,1427219214,"Graneledone Joubin, 1918",,-44.6597,-177.5875,1153,1123,1183,1991-11-03T03:35/1991-11-03T04:18,1991,New Zealand,Pacífico Sur,HUMAN_OBSERVATION,2a636fd6-dc73-49c0-9e5b-26bd05532313,MBIS research trawl surveys,10.15468/ti5yah,Earth Sciences New Zealand (ESNZ),NIWA,CC-BY,http://creativecommons.org/licenses/by/4.0/legalcode,293609,,si
GBIF,1427219431,"Graneledone Joubin, 1918",,-44.2762,179.6128,974,971,977,1991-11-05T17:49/1991-11-05T18:32,1991,New Zealand,Pacífico Sur,HUMAN_OBSERVATION,2a636fd6-dc73-49c0-9e5b-26bd05532313,MBIS research trawl surveys,10.15468/ti5yah,Earth Sciences New Zealand (ESNZ),NIWA,CC-BY,http://creativecommons.org/licenses/by/4.0/legalcode,293850,,si
GBIF,1427219469,"Graneledone Joubin, 1918",,-44.2922,178.9243,1148,1120,1176,1991-11-06T09:47/1991-11-06T10:25,1991,New Zealand,Pacífico Sur,HUMAN_OBSERVATION,2a636fd6-dc73-49c0-9e5b-26bd05532313,MBIS research trawl surveys,10.15468/ti5yah,Earth Sciences New Zealand (ESNZ),NIWA,CC-BY,http://creativecommons.org/licenses/by/4.0/legalcode,293898,,si
GBIF,1427219678,"Graneledone Joubin, 1918",,-44.9132,175.0542,940.5,927,954,1991-11-08T12:17/1991-11-08T12:52,1991,New Zealand,Pacífico Sur,HUMAN_OBSERVATION,2a636fd6-dc73-49c0-9e5b-26bd05532313,MBIS research trawl surveys,10.15468/ti5yah,Earth Sciences New Zealand (ESNZ),NIWA,CC-BY,http://creativecommons.org/licenses/by/4.0/legalcode,294105,,si
GBIF,1427219782,"Graneledone Joubin, 1918",,-44.8647,174.8848,877,871,883,1991-11-09T01:30/1991-11-09T02:10,1991,New Zealand,Pacífico Sur,HUMAN_OBSERVATION,2a636fd6-dc73-49c0-9e5b-26bd05532313,MBIS research trawl surveys,10.15468/ti5yah,Earth Sciences New Zealand (ESNZ),NIWA,CC-BY,http://creativecommons.org/licenses/by/4.0/legalcode,294173,,si
GBIF,1427221941,"Graneledone Joubin, 1918",,-48.4318,169.0925,677.5,667,688,1991-12-18T14:08/1991-12-18T15:03,1991,New Zealand,Pacífico Sur,HUMAN_OBSERVATION,2a636fd6-dc73-49c0-9e5b-26bd05532313,MBIS research trawl surveys,10.15468/ti5yah,Earth Sciences New Zealand (ESNZ),NIWA,CC-BY,http://creativecommons.org/licenses/by/4.0/legalcode,296394,,si
GBIF,1427221959,"Graneledone Joubin, 1918",,-48.5702,169.0875,719.5,711,728,1991-12-18T12:06/1991-12-18T12:57,1991,New Zealand,Pacífico Sur,HUMAN_OBSERVATION,2a636fd6-dc73-49c0-9e5b-26bd05532313,MBIS research trawl surveys,10.15468/ti5yah,Earth Sciences New Zealand (ESNZ),NIWA,CC-BY,http://creativecommons.org/licenses/by/4.0/legalcode,296373,,si
GBIF,1427221999,"Graneledone Joubin, 1918",,-46.6187,166.5965,824,820,828,1991-12-19T09:16/1991-12-19T10:10,1991,New Zealand,Pacífico Sur,HUMAN_OBSERVATION,2a636fd6-dc73-49c0-9e5b-26bd05532313,MBIS research trawl surveys,10.15468/ti5yah,Earth Sciences New Zealand (ESNZ),NIWA,CC-BY,http://creativecommons.org/licenses/by/4.0/legalcode,296431,,si
GBIF,1427222051,"Graneledone Joubin, 1918",,-46.6807,166.2725,964.5,961,968,1991-12-19T16:06/1991-12-19T17:00,1991,New Zealand,Pacífico Sur,HUMAN_OBSERVATION,2a636fd6-dc73-49c0-9e5b-26bd05532313,MBIS research trawl surveys,10.15468/ti5yah,Earth Sciences New Zealand (ESNZ),NIWA,CC-BY,http://creativecommons.org/licenses/by/4.0/legalcode,296486,,si
GBIF,1427222052,"Graneledone Joubin, 1918",,-46.615,166.4647,887.5,872,903,1991-12-19T12:12/1991-12-19T13:06,1991,New Zealand,Pacífico Sur,HUMAN_OBSERVATION,2a636fd6-dc73-49c0-9e5b-26bd05532313,MBIS research trawl surveys,10.15468/ti5yah,Earth Sciences New Zealand (ESNZ),NIWA,CC-BY,http://creativecommons.org/licenses/by/4.0/legalcode,296459,,si
GBIF,1427223117,"Graneledone Joubin, 1918",,-47.78,169.3635,651.5,649,654,1991-12-02T07:10/1991-12-02T08:01,1991,New Zealand,Pacífico Sur,HUMAN_OBSERVATION,2a636fd6-dc73-49c0-9e5b-26bd05532313,MBIS research trawl surveys,10.15468/ti5yah,Earth Sciences New Zealand (ESNZ),NIWA,CC-BY,http://creativecommons.org/licenses/by/4.0/legalcode,297582,,si
GBIF,1427223137,"Graneledone Joubin, 1918",,-47.9312,169.1952,651,649,653,1991-12-02T04:59/1991-12-02T05:50,1991,New Zealand,Pacífico Sur,HUMAN_OBSERVATION,2a636fd6-dc73-49c0-9e5b-26bd05532313,MBIS research trawl surveys,10.15468/ti5yah,Earth Sciences New Zealand (ESNZ),NIWA,CC-BY,http://creativecommons.org/licenses/by/4.0/legalcode,297566,,si
GBIF,1427223237,"Graneledone Joubin, 1918",,-46.6118,166.4987,862,854,870,1991-12-05T05:15/1991-12-05T06:07,1991,New Zealand,Pacífico Sur,HUMAN_OBSERVATION,2a636fd6-dc73-49c0-9e5b-26bd05532313,MBIS research trawl surveys,10.15468/ti5yah,Earth Sciences New Zealand (ESNZ),NIWA,CC-BY,http://creativecommons.org/licenses/by/4.0/legalcode,297658,,si
GBIF,1427223306,"Graneledone Joubin, 1918",,-49.146,167.0005,646.5,627,666,1991-12-06T20:01/1991-12-06T20:46,1991,New Zealand,Pacífico Sur,HUMAN_OBSERVATION,2a636fd6-dc73-49c0-9e5b-26bd05532313,MBIS research trawl surveys,10.15468/ti5yah,Earth Sciences New Zealand (ESNZ),NIWA,CC-BY,http://creativecommons.org/licenses/by/4.0/legalcode,297745,,si
GBIF,1272581628,"Graneledone Joubin, 1918",,-52.7089,75.1278,,,,1990-05-23,1990,Heard Island and McDonald Islands,Océano Índico,PRESERVED_SPECIMEN,39905320-6c8a-11de-8226-b8a03c50a862,AA90,10.15468/lp1ctu,Museums Victoria,NMV,CC0,http://creativecommons.org/publicdomain/zero/1.0/legalcode,e2503790-a502-44a3-b318-91c645487e8d,sin_profundidad,si
GBIF,1272581551,"Graneledone Joubin, 1918",,-52.9162,76.2267,,,,1990-06-02,1990,Heard Island and McDonald Islands,Océano Índico,PRESERVED_SPECIMEN,39905320-6c8a-11de-8226-b8a03c50a862,AA90,10.15468/lp1ctu,Museums Victoria,NMV,CC0,http://creativecommons.org/publicdomain/zero/1.0/legalcode,094db3b9-bd66-42b1-87c7-be2ca99d7f78,sin_profundidad,si
GBIF,1272678595,"Graneledone Joubin, 1918",,-51.132,72.5735,275.5,266,285,1990-06-07,1990,Heard Island and McDonald Islands,Océano Índico,PRESERVED_SPECIMEN,39905320-6c8a-11de-8226-b8a03c50a862,Museums Victoria provider for OZCAM,10.15468/lp1ctu,Museums Victoria,NMV,CC0,http://creativecommons.org/publicdomain/zero/1.0/legalcode,b6d80940-006b-49ff-a084-751fd7039a16,profundidad_<300m_revisar,si
GBIF,1426986193,"Graneledone Joubin, 1918",,-42.6628,176.991,1050,1049,1051,1990-06-17T20:02/1990-06-17T21:02,1990,New Zealand,Pacífico Sur,HUMAN_OBSERVATION,2a636fd6-dc73-49c0-9e5b-26bd05532313,MBIS research trawl surveys,10.15468/ti5yah,Earth Sciences New Zealand (ESNZ),NIWA,CC-BY,http://creativecommons.org/licenses/by/4.0/legalcode,60581,,si
GBIF,1426986348,"Graneledone Joubin, 1918",,-42.6325,177.1643,1188,1186,1190,1990-06-17T22:51/1990-06-17T23:51,1990,New Zealand,Pacífico Sur,HUMAN_OBSERVATION,2a636fd6-dc73-49c0-9e5b-26bd05532313,MBIS research trawl surveys,10.15468/ti5yah,Earth Sciences New Zealand (ESNZ),NIWA,CC-BY,http://creativecommons.org/licenses/by/4.0/legalcode,60791,,si
GBIF,1426986650,"Graneledone Joubin, 1918",,-42.7087,177.233,945,936,954,1990-06-18T01:55/1990-06-18T02:55,1990,New Zealand,Pacífico Sur,HUMAN_OBSERVATION,2a636fd6-dc73-49c0-9e5b-26bd05532313,MBIS research trawl surveys,10.15468/ti5yah,Earth Sciences New Zealand (ESNZ),NIWA,CC-BY,http://creativecommons.org/licenses/by/4.0/legalcode,61043,,si
GBIF,1426986867,"Graneledone Joubin, 1918",,-42.7048,177.2653,980,974,986,1990-06-18T04:21/1990-06-18T05:17,1990,New Zealand,Pacífico Sur,HUMAN_OBSERVATION,2a636fd6-dc73-49c0-9e5b-26bd05532313,MBIS research trawl surveys,10.15468/ti5yah,Earth Sciences New Zealand (ESNZ),NIWA,CC-BY,http://creativecommons.org/licenses/by/4.0/legalcode,61250,,si
GBIF,1426988329,"Graneledone Joubin, 1918",,-42.8115,178.3857,928.5,927,930,1990-06-20T13:55/1990-06-20T14:52,1990,New Zealand,Pacífico Sur,HUMAN_OBSERVATION,2a636fd6-dc73-49c0-9e5b-26bd05532313,MBIS research trawl surveys,10.15468/ti5yah,Earth Sciences New Zealand (ESNZ),NIWA,CC-BY,http://creativecommons.org/licenses/by/4.0/legalcode,62744,,si
GBIF,1426988594,"Graneledone Joubin, 1918",,-42.655,176.065,1018,1013,1023,1990-06-15T17:31/1990-06-15T18:30,1990,New Zealand,Pacífico Sur,HUMAN_OBSERVATION,2a636fd6-dc73-49c0-9e5b-26bd05532313,MBIS research trawl surveys,10.15468/ti5yah,Earth Sciences New Zealand (ESNZ),NIWA,CC-BY,http://creativecommons.org/licenses/by/4.0/legalcode,63002,,si
GBIF,1426988650,"Graneledone Joubin, 1918",,-42.842,179.3432,987,983,991,1990-06-22T03:28/1990-06-22T04:30,1990,New Zealand,Pacífico Sur,HUMAN_OBSERVATION,2a636fd6-dc73-49c0-9e5b-26bd05532313,MBIS research trawl surveys,10.15468/ti5yah,Earth Sciences New Zealand (ESNZ),NIWA,CC-BY,http://creativecommons.org/licenses/by/4.0/legalcode,63058,,si
GBIF,1426988702,"Graneledone Joubin, 1918",,-42.8953,179.3863,818,812,824,1990-06-22T08:35/1990-06-22T09:32,1990,New Zealand,Pacífico Sur,HUMAN_OBSERVATION,2a636fd6-dc73-49c0-9e5b-26bd05532313,MBIS research trawl surveys,10.15468/ti5yah,Earth Sciences New Zealand (ESNZ),NIWA,CC-BY,http://creativecommons.org/licenses/by/4.0/legalcode,63104,,si
GBIF,1426989413,"Graneledone Joubin, 1918",,-42.736,-178.97,951.5,950,953,1990-06-26T04:50/1990-06-26T05:46,1990,New Zealand,Pacífico Sur,HUMAN_OBSERVATION,2a636fd6-dc73-49c0-9e5b-26bd05532313,MBIS research trawl surveys,10.15468/ti5yah,Earth Sciences New Zealand (ESNZ),NIWA,CC-BY,http://creativecommons.org/licenses/by/4.0/legalcode,63834,,si
GBIF,1426989447,"Graneledone Joubin, 1918",,-42.7575,-179,897.5,896,899,1990-06-26T07:15/1990-06-26T08:08,1990,New Zealand,Pacífico Sur,HUMAN_OBSERVATION,2a636fd6-dc73-49c0-9e5b-26bd05532313,MBIS research trawl surveys,10.15468/ti5yah,Earth Sciences New Zealand (ESNZ),NIWA,CC-BY,http://creativecommons.org/licenses/by/4.0/legalcode,63869,,si
GBIF,1426989617,"Graneledone Joubin, 1918",,-42.7103,-178.4755,940.5,936,945,1990-06-27T00:01/1990-06-27T01:18,1990,New Zealand,Pacífico Sur,HUMAN_OBSERVATION,2a636fd6-dc73-49c0-9e5b-26bd05532313,MBIS research trawl surveys,10.15468/ti5yah,Earth Sciences New Zealand (ESNZ),NIWA,CC-BY,http://creativecommons.org/licenses/by/4.0/legalcode,64049,,si
GBIF,1426989876,"Graneledone Joubin, 1918",,-44.5083,-179.507,1153,1148,1158,1990-06-28T18:33/1990-06-28T19:33,1990,New Zealand,Pacífico Sur,HUMAN_OBSERVATION,2a636fd6-dc73-49c0-9e5b-26bd05532313,MBIS research trawl surveys,10.15468/ti5yah,Earth Sciences New Zealand (ESNZ),NIWA,CC-BY,http://creativecommons.org/licenses/by/4.0/legalcode,64268,,si
GBIF,1426990033,"Graneledone Joubin, 1918",,-44.5778,-179.6737,1187,1184,1190,1990-06-30T07:27/1990-06-30T08:34,1990,New Zealand,Pacífico Sur,HUMAN_OBSERVATION,2a636fd6-dc73-49c0-9e5b-26bd05532313,MBIS research trawl surveys,10.15468/ti5yah,Earth Sciences New Zealand (ESNZ),NIWA,CC-BY,http://creativecommons.org/licenses/by/4.0/legalcode,64453,,si
GBIF,1426941335,"Graneledone Joubin, 1918",,-51.0155,173.8718,770.5,765,776,1990-07-27T08:15/1990-07-27T09:10,1990,New Zealand,Pacífico Sur,HUMAN_OBSERVATION,2a636fd6-dc73-49c0-9e5b-26bd05532313,MBIS research trawl surveys,10.15468/ti5yah,Earth Sciences New Zealand (ESNZ),NIWA,CC-BY,http://creativecommons.org/licenses/by/4.0/legalcode,15770,,si
GBIF,1426941600,"Graneledone Joubin, 1918",,-48.7475,167.7425,690.5,681,700,1990-07-13T08:44/1990-07-13T09:25,1990,New Zealand,Pacífico Sur,HUMAN_OBSERVATION,2a636fd6-dc73-49c0-9e5b-26bd05532313,MBIS research trawl surveys,10.15468/ti5yah,Earth Sciences New Zealand (ESNZ),NIWA,CC-BY,http://creativecommons.org/licenses/by/4.0/legalcode,16016,,si
GBIF,1426985104,"Graneledone Joubin, 1918",,-44.3718,-178.3625,785.5,775,796,1990-07-04T20:57/1990-07-04T22:07,1990,New Zealand,Pacífico Sur,HUMAN_OBSERVATION,2a636fd6-dc73-49c0-9e5b-26bd05532313,MBIS research trawl surveys,10.15468/ti5yah,Earth Sciences New Zealand (ESNZ),NIWA,CC-BY,http://creativecommons.org/licenses/by/4.0/legalcode,59556,,si
GBIF,1426985155,"Graneledone Joubin, 1918",,-44.5758,-177.8743,973.5,959,988,1990-07-05T10:44/1990-07-05T11:30,1990,New Zealand,Pacífico Sur,HUMAN_OBSERVATION,2a636fd6-dc73-49c0-9e5b-26bd05532313,MBIS research trawl surveys,10.15468/ti5yah,Earth Sciences New Zealand (ESNZ),NIWA,CC-BY,http://creativecommons.org/licenses/by/4.0/legalcode,59630,,si
GBIF,1426985520,"Graneledone Joubin, 1918",,-42.8477,-177.0037,832,826,838,1990-07-08T02:54/1990-07-08T04:06,1990,New Zealand,Pacífico Sur,HUMAN_OBSERVATION,2a636fd6-dc73-49c0-9e5b-26bd05532313,MBIS research trawl surveys,10.15468/ti5yah,Earth Sciences New Zealand (ESNZ),NIWA,CC-BY,http://creativecommons.org/licenses/by/4.0/legalcode,59925,,si
GBIF,1426985614,"Graneledone Joubin, 1918",,-42.6863,-177.22,1281,1278,1284,1990-07-08T16:20/1990-07-08T17:20,1990,New Zealand,Pacífico Sur,HUMAN_OBSERVATION,2a636fd6-dc73-49c0-9e5b-26bd05532313,MBIS research trawl surveys,10.15468/ti5yah,Earth Sciences New Zealand (ESNZ),NIWA,CC-BY,http://creativecommons.org/licenses/by/4.0/legalcode,59970,,si
GBIF,1426985917,"Graneledone Joubin, 1918",,-42.8412,-176.6523,886.5,885,888,1990-07-17T19:29/1990-07-17T20:29,1990,New Zealand,Pacífico Sur,HUMAN_OBSERVATION,2a636fd6-dc73-49c0-9e5b-26bd05532313,MBIS research trawl surveys,10.15468/ti5yah,Earth Sciences New Zealand (ESNZ),NIWA,CC-BY,http://creativecommons.org/licenses/by/4.0/legalcode,60327,,si
GBIF,1426986339,"Graneledone Joubin, 1918",,-42.8152,-176.152,1095.5,1092,1099,1990-07-20T06:17/1990-07-20T07:13,1990,New Zealand,Pacífico Sur,HUMAN_OBSERVATION,2a636fd6-dc73-49c0-9e5b-26bd05532313,MBIS research trawl surveys,10.15468/ti5yah,Earth Sciences New Zealand (ESNZ),NIWA,CC-BY,http://creativecommons.org/licenses/by/4.0/legalcode,60731,,si
GBIF,1426987872,"Graneledone Joubin, 1918",,-42.9062,-176.1387,853.5,852,855,1990-07-31T06:36/1990-07-31T07:31,1990,New Zealand,Pacífico Sur,HUMAN_OBSERVATION,2a636fd6-dc73-49c0-9e5b-26bd05532313,MBIS research trawl surveys,10.15468/ti5yah,Earth Sciences New Zealand (ESNZ),NIWA,CC-BY,http://creativecommons.org/licenses/by/4.0/legalcode,62327,,si
GBIF,1426990139,"Graneledone Joubin, 1918",,-44,179,1036.5,1015,1058,1990-07-01T09:14/1990-07-01T09:37,1990,New Zealand,Pacífico Sur,HUMAN_OBSERVATION,2a636fd6-dc73-49c0-9e5b-26bd05532313,MBIS research trawl surveys,10.15468/ti5yah,Earth Sciences New Zealand (ESNZ),NIWA,CC-BY,http://creativecommons.org/licenses/by/4.0/legalcode,64547,coordenada_en_grado_entero,si
GBIF,1426991763,"Graneledone Joubin, 1918",,-43.2623,173.9745,920.5,903,938,1990-09-26T14:05/1990-09-26T15:11,1990,New Zealand,Pacífico Sur,HUMAN_OBSERVATION,2a636fd6-dc73-49c0-9e5b-26bd05532313,MBIS research trawl surveys,10.15468/ti5yah,Earth Sciences New Zealand (ESNZ),NIWA,CC-BY,http://creativecommons.org/licenses/by/4.0/legalcode,66182,,si
GBIF,1427044954,"Graneledone Joubin, 1918",,-44.73,173.1622,929.5,922,937,1990-09-19T18:18/1990-09-19T18:57,1990,New Zealand,Pacífico Sur,HUMAN_OBSERVATION,2a636fd6-dc73-49c0-9e5b-26bd05532313,MBIS research trawl surveys,10.15468/ti5yah,Earth Sciences New Zealand (ESNZ),NIWA,CC-BY,http://creativecommons.org/licenses/by/4.0/legalcode,119371,,si
GBIF,6045792016,"Graneledone taniwha O'Shea, 1999",Graneledone taniwha,-44.73,173.162,929.5,922,937,1990-09-19,1990,New Zealand,Pacífico Sur,PRESERVED_SPECIMEN,ff2ed94e-45ee-4dde-8e1f-0a4798f61a12,Mollusc collection at Museum of New Zealand Te Papa Tongarewa,10.15468/msce6x,Museum of New Zealand Te Papa Tongarewa,NMNZ,CC-BY,http://creativecommons.org/licenses/by/4.0/legalcode,tepapa:collection/object/743237,,si
GBIF,6045802864,"Graneledone taniwha O'Shea, 1999",Graneledone taniwha,-43.2623,173.975,920.5,903,938,1990-09-26,1990,New Zealand,Pacífico Sur,PRESERVED_SPECIMEN,ff2ed94e-45ee-4dde-8e1f-0a4798f61a12,Mollusc collection at Museum of New Zealand Te Papa Tongarewa,10.15468/msce6x,Museum of New Zealand Te Papa Tongarewa,NMNZ,CC-BY,http://creativecommons.org/licenses/by/4.0/legalcode,tepapa:collection/object/653864,,si
GBIF,1426995466,"Graneledone Joubin, 1918",,-44.7847,173.1692,1072,1061,1083,1990-10-31T10:35/1990-10-31T11:15,1990,New Zealand,Pacífico Sur,HUMAN_OBSERVATION,2a636fd6-dc73-49c0-9e5b-26bd05532313,MBIS research trawl surveys,10.15468/ti5yah,Earth Sciences New Zealand (ESNZ),NIWA,CC-BY,http://creativecommons.org/licenses/by/4.0/legalcode,69839,,si
GBIF,6045584340,"Graneledone challengeri (S.S.Berry, 1916)",Graneledone challengeri,-40.475,176.984,1338,1336,1340,1990-10-03,1990,New Zealand,Pacífico Sur,PRESERVED_SPECIMEN,ff2ed94e-45ee-4dde-8e1f-0a4798f61a12,Mollusc collection at Museum of New Zealand Te Papa Tongarewa,10.15468/msce6x,Museum of New Zealand Te Papa Tongarewa,NMNZ,CC-BY,http://creativecommons.org/licenses/by/4.0/legalcode,tepapa:collection/object/757580,,si
GBIF,6045691688,"Graneledone challengeri (S.S.Berry, 1916)",Graneledone challengeri,-41.22,177.03,1479,1458,1500,1990-10-02,1990,New Zealand,Pacífico Sur,PRESERVED_SPECIMEN,ff2ed94e-45ee-4dde-8e1f-0a4798f61a12,Mollusc collection at Museum of New Zealand Te Papa Tongarewa,10.15468/msce6x,Museum of New Zealand Te Papa Tongarewa,NMNZ,CC-BY,http://creativecommons.org/licenses/by/4.0/legalcode,tepapa:collection/object/757581,,si
GBIF,6045721990,"Graneledone taniwha O'Shea, 1999",Graneledone taniwha,-49.3517,168.612,730,730,730,1990-10-19,1990,New Zealand,Pacífico Sur,PRESERVED_SPECIMEN,ff2ed94e-45ee-4dde-8e1f-0a4798f61a12,Mollusc collection at Museum of New Zealand Te Papa Tongarewa,10.15468/msce6x,Museum of New Zealand Te Papa Tongarewa,NMNZ,CC-BY,http://creativecommons.org/licenses/by/4.0/legalcode,tepapa:collection/object/757597,,si
GBIF,6045791188,"Graneledone challengeri (S.S.Berry, 1916)",Graneledone challengeri,-44.7847,173.169,1072,1061,1083,1990-10-31,1990,New Zealand,Pacífico Sur,PRESERVED_SPECIMEN,ff2ed94e-45ee-4dde-8e1f-0a4798f61a12,Mollusc collection at Museum of New Zealand Te Papa Tongarewa,10.15468/msce6x,Museum of New Zealand Te Papa Tongarewa,NMNZ,CC-BY,http://creativecommons.org/licenses/by/4.0/legalcode,tepapa:collection/object/757586,,si
GBIF,1426942507,"Graneledone Joubin, 1918",,-47.1098,169.9657,731,702,760,1990-11-29T19:14/1990-11-29T20:05,1990,New Zealand,Pacífico Sur,HUMAN_OBSERVATION,2a636fd6-dc73-49c0-9e5b-26bd05532313,MBIS research trawl surveys,10.15468/ti5yah,Earth Sciences New Zealand (ESNZ),NIWA,CC-BY,http://creativecommons.org/licenses/by/4.0/legalcode,16921,,si
GBIF,1426942544,"Graneledone Joubin, 1918",,-47.8397,169.8355,860.5,856,865,1990-11-29T10:40/1990-11-29T11:34,1990,New Zealand,Pacífico Sur,HUMAN_OBSERVATION,2a636fd6-dc73-49c0-9e5b-26bd05532313,MBIS research trawl surveys,10.15468/ti5yah,Earth Sciences New Zealand (ESNZ),NIWA,CC-BY,http://creativecommons.org/licenses/by/4.0/legalcode,16975,,si
GBIF,1426942626,"Graneledone Joubin, 1918",,-48.1017,169.4318,610.5,604,617,1990-11-29T14:45/1990-11-29T15:37,1990,New Zealand,Pacífico Sur,HUMAN_OBSERVATION,2a636fd6-dc73-49c0-9e5b-26bd05532313,MBIS research trawl surveys,10.15468/ti5yah,Earth Sciences New Zealand (ESNZ),NIWA,CC-BY,http://creativecommons.org/licenses/by/4.0/legalcode,17016,,si
GBIF,1426942663,"Graneledone Joubin, 1918",,-48.7997,169.7772,837.5,809,866,1990-11-30T07:54/1990-11-30T08:27,1990,New Zealand,Pacífico Sur,HUMAN_OBSERVATION,2a636fd6-dc73-49c0-9e5b-26bd05532313,MBIS research trawl surveys,10.15468/ti5yah,Earth Sciences New Zealand (ESNZ),NIWA,CC-BY,http://creativecommons.org/licenses/by/4.0/legalcode,17090,,si
GBIF,1426942731,"Graneledone Joubin, 1918",,-48.9558,169.6737,879,877,881,1990-11-30T10:17/1990-11-30T11:14,1990,New Zealand,Pacífico Sur,HUMAN_OBSERVATION,2a636fd6-dc73-49c0-9e5b-26bd05532313,MBIS research trawl surveys,10.15468/ti5yah,Earth Sciences New Zealand (ESNZ),NIWA,CC-BY,http://creativecommons.org/licenses/by/4.0/legalcode,17123,,si
GBIF,1426944238,"Graneledone Joubin, 1918",,-46.6183,166.5788,856,838,874,1990-11-06T09:31/1990-11-06T10:18,1990,New Zealand,Pacífico Sur,HUMAN_OBSERVATION,2a636fd6-dc73-49c0-9e5b-26bd05532313,MBIS research trawl surveys,10.15468/ti5yah,Earth Sciences New Zealand (ESNZ),NIWA,CC-BY,http://creativecommons.org/licenses/by/4.0/legalcode,18631,,si
GBIF,1426945399,"Graneledone Joubin, 1918",,-49.2785,168.7255,784,778,790,1990-11-25T08:54/1990-11-25T09:39,1990,New Zealand,Pacífico Sur,HUMAN_OBSERVATION,2a636fd6-dc73-49c0-9e5b-26bd05532313,MBIS research trawl surveys,10.15468/ti5yah,Earth Sciences New Zealand (ESNZ),NIWA,CC-BY,http://creativecommons.org/licenses/by/4.0/legalcode,19826,,si
GBIF,1426993386,"Graneledone Joubin, 1918",,-44.67,173.5945,856.5,835,878,1990-11-01T06:13/1990-11-01T06:53,1990,New Zealand,Pacífico Sur,HUMAN_OBSERVATION,2a636fd6-dc73-49c0-9e5b-26bd05532313,MBIS research trawl surveys,10.15468/ti5yah,Earth Sciences New Zealand (ESNZ),NIWA,CC-BY,http://creativecommons.org/licenses/by/4.0/legalcode,67801,,si
GBIF,1426993561,"Graneledone Joubin, 1918",,-44.7297,173.7085,947.5,925,970,1990-11-01T09:23/1990-11-01T10:24,1990,New Zealand,Pacífico Sur,HUMAN_OBSERVATION,2a636fd6-dc73-49c0-9e5b-26bd05532313,MBIS research trawl surveys,10.15468/ti5yah,Earth Sciences New Zealand (ESNZ),NIWA,CC-BY,http://creativecommons.org/licenses/by/4.0/legalcode,67973,,si
GBIF,1426993890,"Graneledone Joubin, 1918",,-44.6377,173.7785,839.5,807,872,1990-11-01T14:41/1990-11-01T15:24,1990,New Zealand,Pacífico Sur,HUMAN_OBSERVATION,2a636fd6-dc73-49c0-9e5b-26bd05532313,MBIS research trawl surveys,10.15468/ti5yah,Earth Sciences New Zealand (ESNZ),NIWA,CC-BY,http://creativecommons.org/licenses/by/4.0/legalcode,68319,,si
GBIF,1426994066,"Graneledone Joubin, 1918",,-44.7303,173.8252,981,962,1000,1990-11-01T17:50/1990-11-01T18:31,1990,New Zealand,Pacífico Sur,HUMAN_OBSERVATION,2a636fd6-dc73-49c0-9e5b-26bd05532313,MBIS research trawl surveys,10.15468/ti5yah,Earth Sciences New Zealand (ESNZ),NIWA,CC-BY,http://creativecommons.org/licenses/by/4.0/legalcode,68512,,si
GBIF,1426994546,"Graneledone Joubin, 1918",,-44.6158,173.8645,847,835,859,1990-11-02T03:00/1990-11-02T03:42,1990,New Zealand,Pacífico Sur,HUMAN_OBSERVATION,2a636fd6-dc73-49c0-9e5b-26bd05532313,MBIS research trawl surveys,10.15468/ti5yah,Earth Sciences New Zealand (ESNZ),NIWA,CC-BY,http://creativecommons.org/licenses/by/4.0/legalcode,68984,,si
GBIF,1426994601,"Graneledone Joubin, 1918",,-44.206,179.0597,962,956,968,1990-11-25T10:30/1990-11-25T11:14,1990,New Zealand,Pacífico Sur,HUMAN_OBSERVATION,2a636fd6-dc73-49c0-9e5b-26bd05532313,MBIS research trawl surveys,10.15468/ti5yah,Earth Sciences New Zealand (ESNZ),NIWA,CC-BY,http://creativecommons.org/licenses/by/4.0/legalcode,69043,,si
GBIF,1426994917,"Graneledone Joubin, 1918",,-44.7415,173.0507,914.5,914,915,1990-11-29T00:05/1990-11-29T00:41,1990,New Zealand,Pacífico Sur,HUMAN_OBSERVATION,2a636fd6-dc73-49c0-9e5b-26bd05532313,MBIS research trawl surveys,10.15468/ti5yah,Earth Sciences New Zealand (ESNZ),NIWA,CC-BY,http://creativecommons.org/licenses/by/4.0/legalcode,69350,,si
GBIF,1426995279,"Graneledone Joubin, 1918",,-44.6388,175.4423,813,802,824,1990-11-04T20:00/1990-11-04T20:39,1990,New Zealand,Pacífico Sur,HUMAN_OBSERVATION,2a636fd6-dc73-49c0-9e5b-26bd05532313,MBIS research trawl surveys,10.15468/ti5yah,Earth Sciences New Zealand (ESNZ),NIWA,CC-BY,http://creativecommons.org/licenses/by/4.0/legalcode,69694,,si
GBIF,1426995377,"Graneledone Joubin, 1918",,-44.3103,176.6362,815,813,817,1990-11-06T06:12/1990-11-06T07:06,1990,New Zealand,Pacífico Sur,HUMAN_OBSERVATION,2a636fd6-dc73-49c0-9e5b-26bd05532313,MBIS research trawl surveys,10.15468/ti5yah,Earth Sciences New Zealand (ESNZ),NIWA,CC-BY,http://creativecommons.org/licenses/by/4.0/legalcode,69854,,si
GBIF,1426995422,"Graneledone Joubin, 1918",,-44.6037,176.1555,940,928,952,1990-11-05T14:47/1990-11-05T15:29,1990,New Zealand,Pacífico Sur,HUMAN_OBSERVATION,2a636fd6-dc73-49c0-9e5b-26bd05532313,MBIS research trawl surveys,10.15468/ti5yah,Earth Sciences New Zealand (ESNZ),NIWA,CC-BY,http://creativecommons.org/licenses/by/4.0/legalcode,69784,,si
GBIF,1426995520,"Graneledone Joubin, 1918",,-44.2415,176.912,830,800,860,1990-11-06T14:37/1990-11-06T15:12,1990,New Zealand,Pacífico Sur,HUMAN_OBSERVATION,2a636fd6-dc73-49c0-9e5b-26bd05532313,MBIS research trawl surveys,10.15468/ti5yah,Earth Sciences New Zealand (ESNZ),NIWA,CC-BY,http://creativecommons.org/licenses/by/4.0/legalcode,69888,,si
GBIF,1426995868,"Graneledone Joubin, 1918",,-44.3263,-179.7543,830,815,845,1990-11-10T02:45/1990-11-10T03:21,1990,New Zealand,Pacífico Sur,HUMAN_OBSERVATION,2a636fd6-dc73-49c0-9e5b-26bd05532313,MBIS research trawl surveys,10.15468/ti5yah,Earth Sciences New Zealand (ESNZ),NIWA,CC-BY,http://creativecommons.org/licenses/by/4.0/legalcode,70257,,si
GBIF,1426995926,"Graneledone Joubin, 1918",,-44.5068,-178.5092,987,964,1010,1990-11-11T11:22/1990-11-11T12:18,1990,New Zealand,Pacífico Sur,HUMAN_OBSERVATION,2a636fd6-dc73-49c0-9e5b-26bd05532313,MBIS research trawl surveys,10.15468/ti5yah,Earth Sciences New Zealand (ESNZ),NIWA,CC-BY,http://creativecommons.org/licenses/by/4.0/legalcode,70413,,si
GBIF,1426995973,"Graneledone Joubin, 1918",,-44.4287,-178.9482,960,940,980,1990-11-11T03:45/1990-11-11T04:31,1990,New Zealand,Pacífico Sur,HUMAN_OBSERVATION,2a636fd6-dc73-49c0-9e5b-26bd05532313,MBIS research trawl surveys,10.15468/ti5yah,Earth Sciences New Zealand (ESNZ),NIWA,CC-BY,http://creativecommons.org/licenses/by/4.0/legalcode,70382,,si
GBIF,6045634616,"Graneledone taniwha O'Shea, 1999",Graneledone taniwha,-44.4287,-178.948,940,940,940,1990-11-11,1990,New Zealand,Pacífico Sur,PRESERVED_SPECIMEN,ff2ed94e-45ee-4dde-8e1f-0a4798f61a12,Mollusc collection at Museum of New Zealand Te Papa Tongarewa,10.15468/msce6x,Museum of New Zealand Te Papa Tongarewa,NMNZ,CC-BY,http://creativecommons.org/licenses/by/4.0/legalcode,tepapa:collection/object/757590,,si
GBIF,1426943057,"Graneledone Joubin, 1918",,-50.1185,173.0985,512,510,514,1990-12-04T09:28/1990-12-04T10:22,1990,,Pacífico Sur,HUMAN_OBSERVATION,2a636fd6-dc73-49c0-9e5b-26bd05532313,MBIS research trawl surveys,10.15468/ti5yah,Earth Sciences New Zealand (ESNZ),NIWA,CC-BY,http://creativecommons.org/licenses/by/4.0/legalcode,17459,,si
GBIF,1426943462,"Graneledone Joubin, 1918",,-47.678,178.012,843,840,846,1990-12-09T05:24/1990-12-09T06:29,1990,New Zealand,Pacífico Sur,HUMAN_OBSERVATION,2a636fd6-dc73-49c0-9e5b-26bd05532313,MBIS research trawl surveys,10.15468/ti5yah,Earth Sciences New Zealand (ESNZ),NIWA,CC-BY,http://creativecommons.org/licenses/by/4.0/legalcode,17857,,si
GBIF,1426943475,"Graneledone Joubin, 1918",,-47.5093,178.188,722,712,732,1990-12-09T08:25/1990-12-09T09:18,1990,New Zealand,Pacífico Sur,HUMAN_OBSERVATION,2a636fd6-dc73-49c0-9e5b-26bd05532313,MBIS research trawl surveys,10.15468/ti5yah,Earth Sciences New Zealand (ESNZ),NIWA,CC-BY,http://creativecommons.org/licenses/by/4.0/legalcode,17884,,si
GBIF,1426943987,"Graneledone Joubin, 1918",,-46.1818,171.1293,960,920,1000,1990-12-17T14:45/1990-12-17T15:36,1990,New Zealand,Pacífico Sur,HUMAN_OBSERVATION,2a636fd6-dc73-49c0-9e5b-26bd05532313,MBIS research trawl surveys,10.15468/ti5yah,Earth Sciences New Zealand (ESNZ),NIWA,CC-BY,http://creativecommons.org/licenses/by/4.0/legalcode,18418,,si
GBIF,1426943994,"Graneledone Joubin, 1918",,-46.3732,170.9688,939.5,933,946,1990-12-17T10:25/1990-12-17T11:24,1990,New Zealand,Pacífico Sur,HUMAN_OBSERVATION,2a636fd6-dc73-49c0-9e5b-26bd05532313,MBIS research trawl surveys,10.15468/ti5yah,Earth Sciences New Zealand (ESNZ),NIWA,CC-BY,http://creativecommons.org/licenses/by/4.0/legalcode,18388,,si
GBIF,1427046105,"Graneledone Joubin, 1918",,-41.3267,176.24,843,766,920,1990-12-16T06:56/1990-12-16T07:55,1990,New Zealand,Pacífico Sur,HUMAN_OBSERVATION,2a636fd6-dc73-49c0-9e5b-26bd05532313,MBIS research trawl surveys,10.15468/ti5yah,Earth Sciences New Zealand (ESNZ),NIWA,CC-BY,http://creativecommons.org/licenses/by/4.0/legalcode,120524,,si
GBIF,1427046264,"Graneledone Joubin, 1918",,-42.9817,174.2717,977,977,977,1990-12-17T14:32/1990-12-17T15:50,1990,New Zealand,Pacífico Sur,HUMAN_OBSERVATION,2a636fd6-dc73-49c0-9e5b-26bd05532313,MBIS research trawl surveys,10.15468/ti5yah,Earth Sciences New Zealand (ESNZ),NIWA,CC-BY,http://creativecommons.org/licenses/by/4.0/legalcode,120682,,si
GBIF,6045718716,"Graneledone kubodera O'Shea, 1999",Graneledone kubodera,-47.678,178.012,840,840,840,1990-12-09,1990,New Zealand,Pacífico Sur,PRESERVED_SPECIMEN,ff2ed94e-45ee-4dde-8e1f-0a4798f61a12,Mollusc collection at Museum of New Zealand Te Papa Tongarewa,10.15468/msce6x,Museum of New Zealand Te Papa Tongarewa,NMNZ,CC-BY,http://creativecommons.org/licenses/by/4.0/legalcode,tepapa:collection/object/742267,,si
GBIF,1426979384,"Graneledone Joubin, 1918",,-42.7933,175.3817,867.5,865,870,1989-07-07T13:49/1989-07-07T14:49,1989,New Zealand,Pacífico Sur,HUMAN_OBSERVATION,2a636fd6-dc73-49c0-9e5b-26bd05532313,MBIS research trawl surveys,10.15468/ti5yah,Earth Sciences New Zealand (ESNZ),NIWA,CC-BY,http://creativecommons.org/licenses/by/4.0/legalcode,53787,,si
GBIF,1426979456,"Graneledone Joubin, 1918",,-42.7817,175.4717,897,894,900,1989-07-07T17:30/1989-07-07T18:27,1989,New Zealand,Pacífico Sur,HUMAN_OBSERVATION,2a636fd6-dc73-49c0-9e5b-26bd05532313,MBIS research trawl surveys,10.15468/ti5yah,Earth Sciences New Zealand (ESNZ),NIWA,CC-BY,http://creativecommons.org/licenses/by/4.0/legalcode,53853,,si
GBIF,1426979823,"Graneledone Joubin, 1918",,-42.715,175.51,961,958,964,1989-07-08T01:57/1989-07-08T02:57,1989,New Zealand,Pacífico Sur,HUMAN_OBSERVATION,2a636fd6-dc73-49c0-9e5b-26bd05532313,MBIS research trawl surveys,10.15468/ti5yah,Earth Sciences New Zealand (ESNZ),NIWA,CC-BY,http://creativecommons.org/licenses/by/4.0/legalcode,54240,,si
GBIF,1426980014,"Graneledone Joubin, 1918",,-42.7233,175.5583,993,991,995,1989-07-08T04:27/1989-07-08T05:27,1989,New Zealand,Pacífico Sur,HUMAN_OBSERVATION,2a636fd6-dc73-49c0-9e5b-26bd05532313,MBIS research trawl surveys,10.15468/ti5yah,Earth Sciences New Zealand (ESNZ),NIWA,CC-BY,http://creativecommons.org/licenses/by/4.0/legalcode,54431,,si
GBIF,1426980570,"Graneledone Joubin, 1918",,-42.7467,175.6017,929.5,929,930,1989-07-08T14:09/1989-07-08T15:09,1989,New Zealand,Pacífico Sur,HUMAN_OBSERVATION,2a636fd6-dc73-49c0-9e5b-26bd05532313,MBIS research trawl surveys,10.15468/ti5yah,Earth Sciences New Zealand (ESNZ),NIWA,CC-BY,http://creativecommons.org/licenses/by/4.0/legalcode,55017,,si
GBIF,1426980830,"Graneledone Joubin, 1918",,-42.7417,175.615,941,941,941,1989-07-08T16:45/1989-07-08T17:45,1989,New Zealand,Pacífico Sur,HUMAN_OBSERVATION,2a636fd6-dc73-49c0-9e5b-26bd05532313,MBIS research trawl surveys,10.15468/ti5yah,Earth Sciences New Zealand (ESNZ),NIWA,CC-BY,http://creativecommons.org/licenses/by/4.0/legalcode,55202,,si
GBIF,1426981651,"Graneledone Joubin, 1918",,-42.8283,174.755,1051,1046,1056,1989-07-06T06:56/1989-07-06T07:57,1989,New Zealand,Pacífico Sur,HUMAN_OBSERVATION,2a636fd6-dc73-49c0-9e5b-26bd05532313,MBIS research trawl surveys,10.15468/ti5yah,Earth Sciences New Zealand (ESNZ),NIWA,CC-BY,http://creativecommons.org/licenses/by/4.0/legalcode,56008,,si
GBIF,1426981974,"Graneledone Joubin, 1918",,-42.8583,174.905,888.5,886,891,1989-07-06T13:33/1989-07-06T14:33,1989,New Zealand,Pacífico Sur,HUMAN_OBSERVATION,2a636fd6-dc73-49c0-9e5b-26bd05532313,MBIS research trawl surveys,10.15468/ti5yah,Earth Sciences New Zealand (ESNZ),NIWA,CC-BY,http://creativecommons.org/licenses/by/4.0/legalcode,56357,,si
GBIF,1426982102,"Graneledone Joubin, 1918",,-42.7517,-176.58,1144,1144,1144,1989-07-16T18:20/1989-07-16T19:20,1989,New Zealand,Pacífico Sur,HUMAN_OBSERVATION,2a636fd6-dc73-49c0-9e5b-26bd05532313,MBIS research trawl surveys,10.15468/ti5yah,Earth Sciences New Zealand (ESNZ),NIWA,CC-BY,http://creativecommons.org/licenses/by/4.0/legalcode,56491,,si
GBIF,1426982346,"Graneledone Joubin, 1918",,-42.8233,175.0783,891,891,891,1989-07-07T00:24/1989-07-07T01:24,1989,New Zealand,Pacífico Sur,HUMAN_OBSERVATION,2a636fd6-dc73-49c0-9e5b-26bd05532313,MBIS research trawl surveys,10.15468/ti5yah,Earth Sciences New Zealand (ESNZ),NIWA,CC-BY,http://creativecommons.org/licenses/by/4.0/legalcode,56779,,si
GBIF,6045768382,"Graneledone taniwha O'Shea, 1999",Graneledone taniwha,-42.8217,-177.165,877,877,877,1989-07-01,1989,New Zealand,Pacífico Sur,PRESERVED_SPECIMEN,ff2ed94e-45ee-4dde-8e1f-0a4798f61a12,Mollusc collection at Museum of New Zealand Te Papa Tongarewa,10.15468/msce6x,Museum of New Zealand Te Papa Tongarewa,NMNZ,CC-BY,http://creativecommons.org/licenses/by/4.0/legalcode,tepapa:collection/object/743231,,si
GBIF,1426980927,"Graneledone Joubin, 1918",,-42.825,179.8783,961,959,963,1989-08-16T01:26/1989-08-16T01:56,1989,New Zealand,Pacífico Sur,HUMAN_OBSERVATION,2a636fd6-dc73-49c0-9e5b-26bd05532313,MBIS research trawl surveys,10.15468/ti5yah,Earth Sciences New Zealand (ESNZ),NIWA,CC-BY,http://creativecommons.org/licenses/by/4.0/legalcode,55367,,si
GBIF,1426981072,"Graneledone Joubin, 1918",,-42.8983,179.13,852.5,852,853,1989-08-16T11:23/1989-08-16T11:53,1989,New Zealand,Pacífico Sur,HUMAN_OBSERVATION,2a636fd6-dc73-49c0-9e5b-26bd05532313,MBIS research trawl surveys,10.15468/ti5yah,Earth Sciences New Zealand (ESNZ),NIWA,CC-BY,http://creativecommons.org/licenses/by/4.0/legalcode,55475,,si
GBIF,1426981182,"Graneledone Joubin, 1918",,-42.7,177.74,1016,1012,1020,1989-08-17T03:24/1989-08-17T03:54,1989,New Zealand,Pacífico Sur,HUMAN_OBSERVATION,2a636fd6-dc73-49c0-9e5b-26bd05532313,MBIS research trawl surveys,10.15468/ti5yah,Earth Sciences New Zealand (ESNZ),NIWA,CC-BY,http://creativecommons.org/licenses/by/4.0/legalcode,55669,,si
GBIF,1427040610,"Graneledone Joubin, 1918",,-42.8783,-176.25,855,840,870,1989-08-25T16:04/1989-08-25T17:15,1989,New Zealand,Pacífico Sur,HUMAN_OBSERVATION,2a636fd6-dc73-49c0-9e5b-26bd05532313,MBIS research trawl surveys,10.15468/ti5yah,Earth Sciences New Zealand (ESNZ),NIWA,CC-BY,http://creativecommons.org/licenses/by/4.0/legalcode,115027,,si
GBIF,1427332029,"Graneledone Joubin, 1918",,-42.0112,174.6073,1042,1000,1084,1989-09-28T10:57/1989-09-28T11:50,1989,New Zealand,Pacífico Sur,HUMAN_OBSERVATION,2a636fd6-dc73-49c0-9e5b-26bd05532313,MBIS research trawl surveys,10.15468/ti5yah,Earth Sciences New Zealand (ESNZ),NIWA,CC-BY,http://creativecommons.org/licenses/by/4.0/legalcode,406403,,si
GBIF,6045670669,"Graneledone taniwha O'Shea, 1999",Graneledone taniwha,-44.6217,173.527,784,784,784,1989-09-23,1989,New Zealand,Pacífico Sur,PRESERVED_SPECIMEN,ff2ed94e-45ee-4dde-8e1f-0a4798f61a12,Mollusc collection at Museum of New Zealand Te Papa Tongarewa,10.15468/msce6x,Museum of New Zealand Te Papa Tongarewa,NMNZ,CC-BY,http://creativecommons.org/licenses/by/4.0/legalcode,tepapa:collection/object/757591,,si
GBIF,6045686525,"Graneledone Joubin, 1918",,-44.6217,173.527,765.5,751,780,1989-09-23,1989,New Zealand,Pacífico Sur,PRESERVED_SPECIMEN,ff2ed94e-45ee-4dde-8e1f-0a4798f61a12,Mollusc collection at Museum of New Zealand Te Papa Tongarewa,10.15468/msce6x,Museum of New Zealand Te Papa Tongarewa,NMNZ,CC-BY,http://creativecommons.org/licenses/by/4.0/legalcode,tepapa:collection/object/956302,,si
GBIF,1426936687,"Graneledone Joubin, 1918",,-52.9163,168.4627,653,653,653,1989-10-27T09:40/1989-10-27T10:35,1989,New Zealand,Pacífico Sur,HUMAN_OBSERVATION,2a636fd6-dc73-49c0-9e5b-26bd05532313,MBIS research trawl surveys,10.15468/ti5yah,Earth Sciences New Zealand (ESNZ),NIWA,CC-BY,http://creativecommons.org/licenses/by/4.0/legalcode,11101,,si
GBIF,1426936834,"Graneledone Joubin, 1918",,-52.5805,171.8897,521,519,523,1989-10-29T12:25/1989-10-29T13:15,1989,New Zealand,Pacífico Sur,HUMAN_OBSERVATION,2a636fd6-dc73-49c0-9e5b-26bd05532313,MBIS research trawl surveys,10.15468/ti5yah,Earth Sciences New Zealand (ESNZ),NIWA,CC-BY,http://creativecommons.org/licenses/by/4.0/legalcode,11267,,si
GBIF,1426937259,"Graneledone Joubin, 1918",,-48.6288,168.4325,681.5,679,684,1989-10-21T08:36/1989-10-21T09:26,1989,New Zealand,Pacífico Sur,HUMAN_OBSERVATION,2a636fd6-dc73-49c0-9e5b-26bd05532313,MBIS research trawl surveys,10.15468/ti5yah,Earth Sciences New Zealand (ESNZ),NIWA,CC-BY,http://creativecommons.org/licenses/by/4.0/legalcode,11668,,si
GBIF,1427042065,"Graneledone Joubin, 1918",,-43.0017,174.3083,900,860,940,1989-10-13T13:06/1989-10-13T13:51,1989,New Zealand,Pacífico Sur,HUMAN_OBSERVATION,2a636fd6-dc73-49c0-9e5b-26bd05532313,MBIS research trawl surveys,10.15468/ti5yah,Earth Sciences New Zealand (ESNZ),NIWA,CC-BY,http://creativecommons.org/licenses/by/4.0/legalcode,116488,,si
GBIF,1427042143,"Graneledone Joubin, 1918",,-42.8067,173.8267,1045,997,1093,1989-10-10T11:45/1989-10-10T12:30,1989,New Zealand,Pacífico Sur,HUMAN_OBSERVATION,2a636fd6-dc73-49c0-9e5b-26bd05532313,MBIS research trawl surveys,10.15468/ti5yah,Earth Sciences New Zealand (ESNZ),NIWA,CC-BY,http://creativecommons.org/licenses/by/4.0/legalcode,116554,,si
GBIF,1427042179,"Graneledone Joubin, 1918",,-43.0117,174.1283,954.5,936,973,1989-10-11T07:48/1989-10-11T08:50,1989,New Zealand,Pacífico Sur,HUMAN_OBSERVATION,2a636fd6-dc73-49c0-9e5b-26bd05532313,MBIS research trawl surveys,10.15468/ti5yah,Earth Sciences New Zealand (ESNZ),NIWA,CC-BY,http://creativecommons.org/licenses/by/4.0/legalcode,116598,,si
GBIF,1427042252,"Graneledone Joubin, 1918",,-42.7233,176.04,851,850,852,1989-10-14T07:49/1989-10-14T08:19,1989,New Zealand,Pacífico Sur,HUMAN_OBSERVATION,2a636fd6-dc73-49c0-9e5b-26bd05532313,MBIS research trawl surveys,10.15468/ti5yah,Earth Sciences New Zealand (ESNZ),NIWA,CC-BY,http://creativecommons.org/licenses/by/4.0/legalcode,116668,,si
GBIF,1427042543,"Graneledone Joubin, 1918",,-42.7333,176.015,844.5,840,849,1989-10-15T07:52/1989-10-15T08:57,1989,New Zealand,Pacífico Sur,HUMAN_OBSERVATION,2a636fd6-dc73-49c0-9e5b-26bd05532313,MBIS research trawl surveys,10.15468/ti5yah,Earth Sciences New Zealand (ESNZ),NIWA,CC-BY,http://creativecommons.org/licenses/by/4.0/legalcode,116949,,si
GBIF,1427042573,"Graneledone Joubin, 1918",,-42.7,176.205,845.5,840,851,1989-10-15T10:16/1989-10-15T11:16,1989,New Zealand,Pacífico Sur,HUMAN_OBSERVATION,2a636fd6-dc73-49c0-9e5b-26bd05532313,MBIS research trawl surveys,10.15468/ti5yah,Earth Sciences New Zealand (ESNZ),NIWA,CC-BY,http://creativecommons.org/licenses/by/4.0/legalcode,116974,,si
GBIF,1427332689,"Graneledone Joubin, 1918",,-40.7885,176.9547,856,820,892,1989-10-03T03:14/1989-10-03T04:15,1989,New Zealand,Pacífico Sur,HUMAN_OBSERVATION,2a636fd6-dc73-49c0-9e5b-26bd05532313,MBIS research trawl surveys,10.15468/ti5yah,Earth Sciences New Zealand (ESNZ),NIWA,CC-BY,http://creativecommons.org/licenses/by/4.0/legalcode,407130,,si
GBIF,1427332793,"Graneledone Joubin, 1918",,-40.4808,176.9842,1338,1336,1340,1989-10-03T09:03/1989-10-03T09:47,1989,New Zealand,Pacífico Sur,HUMAN_OBSERVATION,2a636fd6-dc73-49c0-9e5b-26bd05532313,MBIS research trawl surveys,10.15468/ti5yah,Earth Sciences New Zealand (ESNZ),NIWA,CC-BY,http://creativecommons.org/licenses/by/4.0/legalcode,407208,,si
GBIF,1427332875,"Graneledone Joubin, 1918",,-40.1485,177.373,931,880,982,1989-10-04T00:40/1989-10-04T01:53,1989,New Zealand,Pacífico Sur,HUMAN_OBSERVATION,2a636fd6-dc73-49c0-9e5b-26bd05532313,MBIS research trawl surveys,10.15468/ti5yah,Earth Sciences New Zealand (ESNZ),NIWA,CC-BY,http://creativecommons.org/licenses/by/4.0/legalcode,407283,,si
GBIF,1426935995,"Graneledone Joubin, 1918",,-46.515,166.3772,760.5,759,762,1989-11-12T09:00/1989-11-12T09:52,1989,New Zealand,Pacífico Sur,HUMAN_OBSERVATION,2a636fd6-dc73-49c0-9e5b-26bd05532313,MBIS research trawl surveys,10.15468/ti5yah,Earth Sciences New Zealand (ESNZ),NIWA,CC-BY,http://creativecommons.org/licenses/by/4.0/legalcode,10399,,si
GBIF,1426936053,"Graneledone Joubin, 1918",,-48.738,173.1667,751,744,758,1989-11-17T19:15/1989-11-17T20:12,1989,New Zealand,Pacífico Sur,HUMAN_OBSERVATION,2a636fd6-dc73-49c0-9e5b-26bd05532313,MBIS research trawl surveys,10.15468/ti5yah,Earth Sciences New Zealand (ESNZ),NIWA,CC-BY,http://creativecommons.org/licenses/by/4.0/legalcode,10464,,si
GBIF,1426937740,"Graneledone Joubin, 1918",,-44.5915,173.1113,495,485,505,1989-11-26T05:14/1989-11-26T06:00,1989,New Zealand,Pacífico Sur,HUMAN_OBSERVATION,2a636fd6-dc73-49c0-9e5b-26bd05532313,MBIS research trawl surveys,10.15468/ti5yah,Earth Sciences New Zealand (ESNZ),NIWA,CC-BY,http://creativecommons.org/licenses/by/4.0/legalcode,12158,,si
GBIF,1426937759,"Graneledone Joubin, 1918",,-44.5803,174.9442,775,756,794,1989-11-27T16:00/1989-11-27T17:04,1989,New Zealand,Pacífico Sur,HUMAN_OBSERVATION,2a636fd6-dc73-49c0-9e5b-26bd05532313,MBIS research trawl surveys,10.15468/ti5yah,Earth Sciences New Zealand (ESNZ),NIWA,CC-BY,http://creativecommons.org/licenses/by/4.0/legalcode,12187,,si
GBIF,1426938312,"Graneledone Joubin, 1918",,-44.1348,176.4417,570.5,569,572,1989-11-29T12:24/1989-11-29T13:21,1989,New Zealand,Pacífico Sur,HUMAN_OBSERVATION,2a636fd6-dc73-49c0-9e5b-26bd05532313,MBIS research trawl surveys,10.15468/ti5yah,Earth Sciences New Zealand (ESNZ),NIWA,CC-BY,http://creativecommons.org/licenses/by/4.0/legalcode,12734,,si
GBIF,1426938315,"Graneledone Joubin, 1918",,-44.575,173.7317,765.5,750,781,1989-11-26T08:46/1989-11-26T09:40,1989,New Zealand,Pacífico Sur,HUMAN_OBSERVATION,2a636fd6-dc73-49c0-9e5b-26bd05532313,MBIS research trawl surveys,10.15468/ti5yah,Earth Sciences New Zealand (ESNZ),NIWA,CC-BY,http://creativecommons.org/licenses/by/4.0/legalcode,12759,,si
GBIF,1426938388,"Graneledone Joubin, 1918",,-44.2468,176.367,630.5,607,654,1989-11-29T14:39/1989-11-29T15:33,1989,New Zealand,Pacífico Sur,HUMAN_OBSERVATION,2a636fd6-dc73-49c0-9e5b-26bd05532313,MBIS research trawl surveys,10.15468/ti5yah,Earth Sciences New Zealand (ESNZ),NIWA,CC-BY,http://creativecommons.org/licenses/by/4.0/legalcode,12785,,si
GBIF,1426938409,"Graneledone Joubin, 1918",,-43.9268,177.0175,543,531,555,1989-11-30T04:31/1989-11-30T05:20,1989,New Zealand,Pacífico Sur,HUMAN_OBSERVATION,2a636fd6-dc73-49c0-9e5b-26bd05532313,MBIS research trawl surveys,10.15468/ti5yah,Earth Sciences New Zealand (ESNZ),NIWA,CC-BY,http://creativecommons.org/licenses/by/4.0/legalcode,12832,,si
GBIF,1426938446,"Graneledone Joubin, 1918",,-43.6397,177.7708,457,446,468,1989-11-30T13:50/1989-11-30T14:42,1989,New Zealand,Pacífico Sur,HUMAN_OBSERVATION,2a636fd6-dc73-49c0-9e5b-26bd05532313,MBIS research trawl surveys,10.15468/ti5yah,Earth Sciences New Zealand (ESNZ),NIWA,CC-BY,http://creativecommons.org/licenses/by/4.0/legalcode,12894,,si
GBIF,1426939983,"Graneledone Joubin, 1918",,-44.1197,174.9847,507,504,510,1989-11-27T12:09/1989-11-27T13:01,1989,New Zealand,Pacífico Sur,HUMAN_OBSERVATION,2a636fd6-dc73-49c0-9e5b-26bd05532313,MBIS research trawl surveys,10.15468/ti5yah,Earth Sciences New Zealand (ESNZ),NIWA,CC-BY,http://creativecommons.org/licenses/by/4.0/legalcode,14413,,si
GBIF,6045596489,"Graneledone kubodera O'Shea, 1999",Graneledone kubodera,-48.4208,179.451,544.5,541,548,1989-11-20,1989,New Zealand,Pacífico Sur,PRESERVED_SPECIMEN,ff2ed94e-45ee-4dde-8e1f-0a4798f61a12,Mollusc collection at Museum of New Zealand Te Papa Tongarewa,10.15468/msce6x,Museum of New Zealand Te Papa Tongarewa,NMNZ,CC-BY,http://creativecommons.org/licenses/by/4.0/legalcode,tepapa:collection/object/630424,,si
GBIF,1426938052,"Graneledone Joubin, 1918",,-42.94,174.7935,737.5,733,742,1989-12-16T15:42/1989-12-16T16:51,1989,New Zealand,Pacífico Sur,HUMAN_OBSERVATION,2a636fd6-dc73-49c0-9e5b-26bd05532313,MBIS research trawl surveys,10.15468/ti5yah,Earth Sciences New Zealand (ESNZ),NIWA,CC-BY,http://creativecommons.org/licenses/by/4.0/legalcode,12476,,si
GBIF,1426938482,"Graneledone Joubin, 1918",,-43.8947,178.1335,604,598,610,1989-12-01T04:25/1989-12-01T05:17,1989,New Zealand,Pacífico Sur,HUMAN_OBSERVATION,2a636fd6-dc73-49c0-9e5b-26bd05532313,MBIS research trawl surveys,10.15468/ti5yah,Earth Sciences New Zealand (ESNZ),NIWA,CC-BY,http://creativecommons.org/licenses/by/4.0/legalcode,12942,,si
GBIF,1426940168,"Graneledone Joubin, 1918",,-42.7632,176.8315,647,636,658,1989-12-13T13:36/1989-12-13T14:21,1989,New Zealand,Pacífico Sur,HUMAN_OBSERVATION,2a636fd6-dc73-49c0-9e5b-26bd05532313,MBIS research trawl surveys,10.15468/ti5yah,Earth Sciences New Zealand (ESNZ),NIWA,CC-BY,http://creativecommons.org/licenses/by/4.0/legalcode,14584,,si
GBIF,1427043378,"Graneledone Joubin, 1918",,-42.8732,-176.6225,847.5,831,864,1989-12-07T07:38/1989-12-07T09:38,1989,New Zealand,Pacífico Sur,HUMAN_OBSERVATION,2a636fd6-dc73-49c0-9e5b-26bd05532313,MBIS research trawl surveys,10.15468/ti5yah,Earth Sciences New Zealand (ESNZ),NIWA,CC-BY,http://creativecommons.org/licenses/by/4.0/legalcode,117792,,si
GBIF,1426974995,"Graneledone Joubin, 1918",,-42.8783,-175.8517,940,938,942,1988-07-26T12:54/1988-07-26T13:51,1988,New Zealand,Pacífico Sur,HUMAN_OBSERVATION,2a636fd6-dc73-49c0-9e5b-26bd05532313,MBIS research trawl surveys,10.15468/ti5yah,Earth Sciences New Zealand (ESNZ),NIWA,CC-BY,http://creativecommons.org/licenses/by/4.0/legalcode,49418,,si
GBIF,1426975267,"Graneledone Joubin, 1918",,-43.16,-175.1733,769,768,770,1988-07-28T00:57/1988-07-28T01:59,1988,New Zealand,Pacífico Sur,HUMAN_OBSERVATION,2a636fd6-dc73-49c0-9e5b-26bd05532313,MBIS research trawl surveys,10.15468/ti5yah,Earth Sciences New Zealand (ESNZ),NIWA,CC-BY,http://creativecommons.org/licenses/by/4.0/legalcode,49707,,si
GBIF,6045698478,"Graneledone taniwha O'Shea, 1999",Graneledone taniwha,-43.16,-175.173,769,768,770,1988-07-28,1988,New Zealand,Pacífico Sur,PRESERVED_SPECIMEN,ff2ed94e-45ee-4dde-8e1f-0a4798f61a12,Mollusc collection at Museum of New Zealand Te Papa Tongarewa,10.15468/msce6x,Museum of New Zealand Te Papa Tongarewa,NMNZ,CC-BY,http://creativecommons.org/licenses/by/4.0/legalcode,tepapa:collection/object/743238,,si
GBIF,1426975744,"Graneledone Joubin, 1918",,-44.2483,177.505,1049,1040,1058,1988-09-28T07:24/1988-09-28T08:24,1988,New Zealand,Pacífico Sur,HUMAN_OBSERVATION,2a636fd6-dc73-49c0-9e5b-26bd05532313,MBIS research trawl surveys,10.15468/ti5yah,Earth Sciences New Zealand (ESNZ),NIWA,CC-BY,http://creativecommons.org/licenses/by/4.0/legalcode,50166,,si
GBIF,1426975987,"Graneledone Joubin, 1918",,-44.58,175.7833,838,828,848,1988-09-30T00:39/1988-09-30T01:33,1988,New Zealand,Pacífico Sur,HUMAN_OBSERVATION,2a636fd6-dc73-49c0-9e5b-26bd05532313,MBIS research trawl surveys,10.15468/ti5yah,Earth Sciences New Zealand (ESNZ),NIWA,CC-BY,http://creativecommons.org/licenses/by/4.0/legalcode,50394,,si
GBIF,1426976125,"Graneledone Joubin, 1918",,-42.7467,175.77,895,894,896,1988-09-13T19:40/1988-09-13T20:46,1988,New Zealand,Pacífico Sur,HUMAN_OBSERVATION,2a636fd6-dc73-49c0-9e5b-26bd05532313,MBIS research trawl surveys,10.15468/ti5yah,Earth Sciences New Zealand (ESNZ),NIWA,CC-BY,http://creativecommons.org/licenses/by/4.0/legalcode,50549,,si
GBIF,1426976438,"Graneledone Joubin, 1918",,-42.6833,175.885,1048.5,1019,1078,1988-09-13T22:47/1988-09-13T23:40,1988,New Zealand,Pacífico Sur,HUMAN_OBSERVATION,2a636fd6-dc73-49c0-9e5b-26bd05532313,MBIS research trawl surveys,10.15468/ti5yah,Earth Sciences New Zealand (ESNZ),NIWA,CC-BY,http://creativecommons.org/licenses/by/4.0/legalcode,50844,,si
GBIF,1426976492,"Graneledone Joubin, 1918",,-42.6867,175.755,1082.5,1082,1083,1988-09-14T05:22/1988-09-14T06:30,1988,New Zealand,Pacífico Sur,HUMAN_OBSERVATION,2a636fd6-dc73-49c0-9e5b-26bd05532313,MBIS research trawl surveys,10.15468/ti5yah,Earth Sciences New Zealand (ESNZ),NIWA,CC-BY,http://creativecommons.org/licenses/by/4.0/legalcode,50907,,si
GBIF,1426976512,"Graneledone Joubin, 1918",,-42.6667,176.0433,927.5,920,935,1988-09-14T16:16/1988-09-14T17:15,1988,New Zealand,Pacífico Sur,HUMAN_OBSERVATION,2a636fd6-dc73-49c0-9e5b-26bd05532313,MBIS research trawl surveys,10.15468/ti5yah,Earth Sciences New Zealand (ESNZ),NIWA,CC-BY,http://creativecommons.org/licenses/by/4.0/legalcode,50992,,si
GBIF,1426976577,"Graneledone Joubin, 1918",,-42.84,174.9383,923.5,921,926,1988-09-10T18:25/1988-09-10T19:10,1988,New Zealand,Pacífico Sur,HUMAN_OBSERVATION,2a636fd6-dc73-49c0-9e5b-26bd05532313,MBIS research trawl surveys,10.15468/ti5yah,Earth Sciences New Zealand (ESNZ),NIWA,CC-BY,http://creativecommons.org/licenses/by/4.0/legalcode,51053,,si
GBIF,1426976736,"Graneledone Joubin, 1918",,-42.7417,177.62,866.5,864,869,1988-09-15T10:41/1988-09-15T11:40,1988,New Zealand,Pacífico Sur,HUMAN_OBSERVATION,2a636fd6-dc73-49c0-9e5b-26bd05532313,MBIS research trawl surveys,10.15468/ti5yah,Earth Sciences New Zealand (ESNZ),NIWA,CC-BY,http://creativecommons.org/licenses/by/4.0/legalcode,51182,,si
GBIF,1426976850,"Graneledone Joubin, 1918",,-42.8783,178.6433,826.5,824,829,1988-09-15T22:15/1988-09-15T23:06,1988,New Zealand,Pacífico Sur,HUMAN_OBSERVATION,2a636fd6-dc73-49c0-9e5b-26bd05532313,MBIS research trawl surveys,10.15468/ti5yah,Earth Sciences New Zealand (ESNZ),NIWA,CC-BY,http://creativecommons.org/licenses/by/4.0/legalcode,51272,,si
GBIF,1426976906,"Graneledone Joubin, 1918",,-42.8617,179.3617,914.5,912,917,1988-09-16T04:06/1988-09-16T05:01,1988,New Zealand,Pacífico Sur,HUMAN_OBSERVATION,2a636fd6-dc73-49c0-9e5b-26bd05532313,MBIS research trawl surveys,10.15468/ti5yah,Earth Sciences New Zealand (ESNZ),NIWA,CC-BY,http://creativecommons.org/licenses/by/4.0/legalcode,51333,,si
GBIF,1426976940,"Graneledone Joubin, 1918",,-42.78,175.155,1007,1006,1008,1988-09-11T00:17/1988-09-11T01:12,1988,New Zealand,Pacífico Sur,HUMAN_OBSERVATION,2a636fd6-dc73-49c0-9e5b-26bd05532313,MBIS research trawl surveys,10.15468/ti5yah,Earth Sciences New Zealand (ESNZ),NIWA,CC-BY,http://creativecommons.org/licenses/by/4.0/legalcode,51370,,si
GBIF,1426977166,"Graneledone Joubin, 1918",,-42.6917,-178.7133,1007,1004,1010,1988-09-17T06:41/1988-09-17T07:48,1988,New Zealand,Pacífico Sur,HUMAN_OBSERVATION,2a636fd6-dc73-49c0-9e5b-26bd05532313,MBIS research trawl surveys,10.15468/ti5yah,Earth Sciences New Zealand (ESNZ),NIWA,CC-BY,http://creativecommons.org/licenses/by/4.0/legalcode,51564,,si
GBIF,1426977200,"Graneledone Joubin, 1918",,-42.6967,-178.2867,1053,1050,1056,1988-09-17T12:49/1988-09-17T13:49,1988,New Zealand,Pacífico Sur,HUMAN_OBSERVATION,2a636fd6-dc73-49c0-9e5b-26bd05532313,MBIS research trawl surveys,10.15468/ti5yah,Earth Sciences New Zealand (ESNZ),NIWA,CC-BY,http://creativecommons.org/licenses/by/4.0/legalcode,51622,,si
GBIF,1426977203,"Graneledone Joubin, 1918",,-42.7567,-177.91,961,954,968,1988-09-17T16:30/1988-09-17T17:50,1988,New Zealand,Pacífico Sur,HUMAN_OBSERVATION,2a636fd6-dc73-49c0-9e5b-26bd05532313,MBIS research trawl surveys,10.15468/ti5yah,Earth Sciences New Zealand (ESNZ),NIWA,CC-BY,http://creativecommons.org/licenses/by/4.0/legalcode,51654,,si
GBIF,1426977416,"Graneledone Joubin, 1918",,-42.835,-176.055,1046.5,1046,1047,1988-09-19T02:10/1988-09-19T03:11,1988,New Zealand,Pacífico Sur,HUMAN_OBSERVATION,2a636fd6-dc73-49c0-9e5b-26bd05532313,MBIS research trawl surveys,10.15468/ti5yah,Earth Sciences New Zealand (ESNZ),NIWA,CC-BY,http://creativecommons.org/licenses/by/4.0/legalcode,51940,,si
GBIF,1426977470,"Graneledone Joubin, 1918",,-42.8567,-176.1533,977.5,977,978,1988-09-18T20:54/1988-09-18T21:55,1988,New Zealand,Pacífico Sur,HUMAN_OBSERVATION,2a636fd6-dc73-49c0-9e5b-26bd05532313,MBIS research trawl surveys,10.15468/ti5yah,Earth Sciences New Zealand (ESNZ),NIWA,CC-BY,http://creativecommons.org/licenses/by/4.0/legalcode,51879,,si
GBIF,1426977478,"Graneledone Joubin, 1918",,-42.8167,-176.49,1014,1013,1015,1988-09-18T15:25/1988-09-18T16:39,1988,New Zealand,Pacífico Sur,HUMAN_OBSERVATION,2a636fd6-dc73-49c0-9e5b-26bd05532313,MBIS research trawl surveys,10.15468/ti5yah,Earth Sciences New Zealand (ESNZ),NIWA,CC-BY,http://creativecommons.org/licenses/by/4.0/legalcode,51822,,si
GBIF,1426977722,"Graneledone Joubin, 1918",,-43.1817,-174.4383,946,922,970,1988-09-20T00:59/1988-09-20T02:07,1988,New Zealand,Pacífico Sur,HUMAN_OBSERVATION,2a636fd6-dc73-49c0-9e5b-26bd05532313,MBIS research trawl surveys,10.15468/ti5yah,Earth Sciences New Zealand (ESNZ),NIWA,CC-BY,http://creativecommons.org/licenses/by/4.0/legalcode,52132,,si
GBIF,1426978376,"Graneledone Joubin, 1918",,-44.5783,-177.2917,852.5,825,880,1988-09-25T09:01/1988-09-25T10:00,1988,New Zealand,Pacífico Sur,HUMAN_OBSERVATION,2a636fd6-dc73-49c0-9e5b-26bd05532313,MBIS research trawl surveys,10.15468/ti5yah,Earth Sciences New Zealand (ESNZ),NIWA,CC-BY,http://creativecommons.org/licenses/by/4.0/legalcode,52773,,si
GBIF,1426978404,"Graneledone Joubin, 1918",,-42.7933,175.5133,827.5,825,830,1988-09-12T01:54/1988-09-12T02:51,1988,New Zealand,Pacífico Sur,HUMAN_OBSERVATION,2a636fd6-dc73-49c0-9e5b-26bd05532313,MBIS research trawl surveys,10.15468/ti5yah,Earth Sciences New Zealand (ESNZ),NIWA,CC-BY,http://creativecommons.org/licenses/by/4.0/legalcode,52807,,si
GBIF,1543615791,"Graneledone verrucosa (A.E.Verrill, 1881)",Graneledone verrucosa,49.947104,-6.292753,,,,1988-09-19,1988,United Kingdom of Great Britain and Northern Ireland,Atlántico Norte,HUMAN_OBSERVATION,139a966c-22d5-486b-bff2-cfcbccd6fdfc,Marine Nature Conservation Review (MNCR) and associated benthic marine data held and managed by JNCC,10.15468/kcx3ca,Joint Nature Conservation Committee,,CC-BY,http://creativecommons.org/licenses/by/4.0/legalcode,764501d2-5d57-434c-b727-b7b463c1201a,sin_profundidad,si
GBIF,6045714173,"Graneledone taniwha O'Shea, 1999",Graneledone taniwha,-42.7467,175.77,895,894,896,1988-09-13,1988,New Zealand,Pacífico Sur,PRESERVED_SPECIMEN,ff2ed94e-45ee-4dde-8e1f-0a4798f61a12,Mollusc collection at Museum of New Zealand Te Papa Tongarewa,10.15468/msce6x,Museum of New Zealand Te Papa Tongarewa,NMNZ,CC-BY,http://creativecommons.org/licenses/by/4.0/legalcode,tepapa:collection/object/743223,,si
GBIF,1426976342,"Graneledone Joubin, 1918",,-42.7583,175.2667,1018,1003,1033,1988-10-03T01:43/1988-10-03T02:51,1988,New Zealand,Pacífico Sur,HUMAN_OBSERVATION,2a636fd6-dc73-49c0-9e5b-26bd05532313,MBIS research trawl surveys,10.15468/ti5yah,Earth Sciences New Zealand (ESNZ),NIWA,CC-BY,http://creativecommons.org/licenses/by/4.0/legalcode,50785,,si
GBIF,1427037149,"Graneledone Joubin, 1918",,-38.52,178.755,915,910,920,1988-10-16T15:03/1988-10-16T16:03,1988,New Zealand,Pacífico Sur,HUMAN_OBSERVATION,2a636fd6-dc73-49c0-9e5b-26bd05532313,MBIS research trawl surveys,10.15468/ti5yah,Earth Sciences New Zealand (ESNZ),NIWA,CC-BY,http://creativecommons.org/licenses/by/4.0/legalcode,111568,,si
GBIF,6045605664,"Graneledone challengeri (S.S.Berry, 1916)",Graneledone challengeri,-44.6233,-178.068,1167,1167,1167,1988-10-13,1988,New Zealand,Pacífico Sur,PRESERVED_SPECIMEN,ff2ed94e-45ee-4dde-8e1f-0a4798f61a12,Mollusc collection at Museum of New Zealand Te Papa Tongarewa,10.15468/msce6x,Museum of New Zealand Te Papa Tongarewa,NMNZ,CC-BY,http://creativecommons.org/licenses/by/4.0/legalcode,tepapa:collection/object/757585,,si
GBIF,1426959904,"Graneledone Joubin, 1918",,-39.4183,178.4267,1114.5,1100,1129,1987-06-25T15:47/1987-06-25T15:51,1987,New Zealand,Pacífico Sur,HUMAN_OBSERVATION,2a636fd6-dc73-49c0-9e5b-26bd05532313,MBIS research trawl surveys,10.15468/ti5yah,Earth Sciences New Zealand (ESNZ),NIWA,CC-BY,http://creativecommons.org/licenses/by/4.0/legalcode,34320,,si
GBIF,1426959983,"Graneledone Joubin, 1918",,-39.4083,178.3317,951,921,981,1987-06-26T18:17/1987-06-26T18:43,1987,New Zealand,Pacífico Sur,HUMAN_OBSERVATION,2a636fd6-dc73-49c0-9e5b-26bd05532313,MBIS research trawl surveys,10.15468/ti5yah,Earth Sciences New Zealand (ESNZ),NIWA,CC-BY,http://creativecommons.org/licenses/by/4.0/legalcode,34401,,si
GBIF,1272678650,"Graneledone Joubin, 1918",,-52.5433,74.985,230,228,232,1987-07-31,1987,Heard Island and McDonald Islands,Océano Índico,PRESERVED_SPECIMEN,39905320-6c8a-11de-8226-b8a03c50a862,Museums Victoria provider for OZCAM,10.15468/lp1ctu,Museums Victoria,NMV,CC0,http://creativecommons.org/publicdomain/zero/1.0/legalcode,603c2323-b033-4253-8b9f-d5ab4946af70,profundidad_<300m_revisar,si
GBIF,1426967907,"Graneledone Joubin, 1918",,-42.835,-176.3467,971.5,971,972,1987-07-12T18:25/1987-07-12T19:16,1987,New Zealand,Pacífico Sur,HUMAN_OBSERVATION,2a636fd6-dc73-49c0-9e5b-26bd05532313,MBIS research trawl surveys,10.15468/ti5yah,Earth Sciences New Zealand (ESNZ),NIWA,CC-BY,http://creativecommons.org/licenses/by/4.0/legalcode,42356,,si
GBIF,1426970289,"Graneledone Joubin, 1918",,-42.9367,-175.61,865,865,865,1987-08-03T20:04/1987-08-03T20:53,1987,New Zealand,Pacífico Sur,HUMAN_OBSERVATION,2a636fd6-dc73-49c0-9e5b-26bd05532313,MBIS research trawl surveys,10.15468/ti5yah,Earth Sciences New Zealand (ESNZ),NIWA,CC-BY,http://creativecommons.org/licenses/by/4.0/legalcode,44706,,si
GBIF,1426929867,"Graneledone Joubin, 1918",,-44.1983,179.7117,830,830,830,1987-11-16T21:47/1987-11-16T22:36,1987,New Zealand,Pacífico Sur,HUMAN_OBSERVATION,2a636fd6-dc73-49c0-9e5b-26bd05532313,MBIS research trawl surveys,10.15468/ti5yah,Earth Sciences New Zealand (ESNZ),NIWA,CC-BY,http://creativecommons.org/licenses/by/4.0/legalcode,4317,,si
GBIF,1426929981,"Graneledone Joubin, 1918",,-44.4717,-179.65,1074.5,1068,1081,1987-11-17T10:27/1987-11-17T11:05,1987,New Zealand,Pacífico Sur,HUMAN_OBSERVATION,2a636fd6-dc73-49c0-9e5b-26bd05532313,MBIS research trawl surveys,10.15468/ti5yah,Earth Sciences New Zealand (ESNZ),NIWA,CC-BY,http://creativecommons.org/licenses/by/4.0/legalcode,4391,,si
GBIF,1426930336,"Graneledone Joubin, 1918",,-44.73,173.8217,969.5,940,999,1987-11-05T22:08/1987-11-05T22:52,1987,New Zealand,Pacífico Sur,HUMAN_OBSERVATION,2a636fd6-dc73-49c0-9e5b-26bd05532313,MBIS research trawl surveys,10.15468/ti5yah,Earth Sciences New Zealand (ESNZ),NIWA,CC-BY,http://creativecommons.org/licenses/by/4.0/legalcode,4785,,si
GBIF,1426930616,"Graneledone Joubin, 1918",,-44.6917,173.51,865,860,870,1987-11-06T04:18/1987-11-06T05:00,1987,New Zealand,Pacífico Sur,HUMAN_OBSERVATION,2a636fd6-dc73-49c0-9e5b-26bd05532313,MBIS research trawl surveys,10.15468/ti5yah,Earth Sciences New Zealand (ESNZ),NIWA,CC-BY,http://creativecommons.org/licenses/by/4.0/legalcode,5067,,si
GBIF,1426930706,"Graneledone Joubin, 1918",,-44.545,-179.7267,1186,1186,1186,1987-11-25T04:00/1987-11-25T04:40,1987,New Zealand,Pacífico Sur,HUMAN_OBSERVATION,2a636fd6-dc73-49c0-9e5b-26bd05532313,MBIS research trawl surveys,10.15468/ti5yah,Earth Sciences New Zealand (ESNZ),NIWA,CC-BY,http://creativecommons.org/licenses/by/4.0/legalcode,5137,,si
GBIF,1426930717,"Graneledone Joubin, 1918",,-44.305,-179.855,840.5,832,849,1987-11-25T07:40/1987-11-25T08:18,1987,New Zealand,Pacífico Sur,HUMAN_OBSERVATION,2a636fd6-dc73-49c0-9e5b-26bd05532313,MBIS research trawl surveys,10.15468/ti5yah,Earth Sciences New Zealand (ESNZ),NIWA,CC-BY,http://creativecommons.org/licenses/by/4.0/legalcode,5158,,si
GBIF,1426930730,"Graneledone Joubin, 1918",,-44.2383,179.9867,767.5,766,769,1987-11-25T10:05/1987-11-25T10:42,1987,New Zealand,Pacífico Sur,HUMAN_OBSERVATION,2a636fd6-dc73-49c0-9e5b-26bd05532313,MBIS research trawl surveys,10.15468/ti5yah,Earth Sciences New Zealand (ESNZ),NIWA,CC-BY,http://creativecommons.org/licenses/by/4.0/legalcode,5172,,si
GBIF,1426930821,"Graneledone Joubin, 1918",,-44.6667,173.5933,844.5,839,850,1987-11-06T06:50/1987-11-06T07:36,1987,New Zealand,Pacífico Sur,HUMAN_OBSERVATION,2a636fd6-dc73-49c0-9e5b-26bd05532313,MBIS research trawl surveys,10.15468/ti5yah,Earth Sciences New Zealand (ESNZ),NIWA,CC-BY,http://creativecommons.org/licenses/by/4.0/legalcode,5242,,si
GBIF,1426930840,"Graneledone Joubin, 1918",,-44.1483,179.2883,833.5,819,848,1987-11-26T04:27/1987-11-26T05:09,1987,New Zealand,Pacífico Sur,HUMAN_OBSERVATION,2a636fd6-dc73-49c0-9e5b-26bd05532313,MBIS research trawl surveys,10.15468/ti5yah,Earth Sciences New Zealand (ESNZ),NIWA,CC-BY,http://creativecommons.org/licenses/by/4.0/legalcode,5280,,si
GBIF,1426930967,"Graneledone Joubin, 1918",,-44.1233,176.895,657.5,649,666,1987-11-27T15:45/1987-11-27T16:21,1987,New Zealand,Pacífico Sur,HUMAN_OBSERVATION,2a636fd6-dc73-49c0-9e5b-26bd05532313,MBIS research trawl surveys,10.15468/ti5yah,Earth Sciences New Zealand (ESNZ),NIWA,CC-BY,http://creativecommons.org/licenses/by/4.0/legalcode,5435,,si
GBIF,1426931186,"Graneledone Joubin, 1918",,-44.835,174.0533,914.5,900,929,1987-11-29T15:00/1987-11-29T15:37,1987,New Zealand,Pacífico Sur,HUMAN_OBSERVATION,2a636fd6-dc73-49c0-9e5b-26bd05532313,MBIS research trawl surveys,10.15468/ti5yah,Earth Sciences New Zealand (ESNZ),NIWA,CC-BY,http://creativecommons.org/licenses/by/4.0/legalcode,5601,,si
GBIF,1426931212,"Graneledone Joubin, 1918",,-44.73,173.5867,925,910,940,1987-11-30T05:50/1987-11-30T06:31,1987,New Zealand,Pacífico Sur,HUMAN_OBSERVATION,2a636fd6-dc73-49c0-9e5b-26bd05532313,MBIS research trawl surveys,10.15468/ti5yah,Earth Sciences New Zealand (ESNZ),NIWA,CC-BY,http://creativecommons.org/licenses/by/4.0/legalcode,5657,,si
GBIF,1426931257,"Graneledone Joubin, 1918",,-44.7667,173.6017,957,957,957,1987-11-30T08:02/1987-11-30T08:40,1987,New Zealand,Pacífico Sur,HUMAN_OBSERVATION,2a636fd6-dc73-49c0-9e5b-26bd05532313,MBIS research trawl surveys,10.15468/ti5yah,Earth Sciences New Zealand (ESNZ),NIWA,CC-BY,http://creativecommons.org/licenses/by/4.0/legalcode,5670,,si
GBIF,1426931275,"Graneledone Joubin, 1918",,-44.7517,172.9183,1022.5,990,1055,1987-11-04T02:32/1987-11-04T03:17,1987,New Zealand,Pacífico Sur,HUMAN_OBSERVATION,2a636fd6-dc73-49c0-9e5b-26bd05532313,MBIS research trawl surveys,10.15468/ti5yah,Earth Sciences New Zealand (ESNZ),NIWA,CC-BY,http://creativecommons.org/licenses/by/4.0/legalcode,5697,,si
GBIF,1426931320,"Graneledone Joubin, 1918",,-44.6217,173.885,889,882,896,1987-11-06T14:44/1987-11-06T15:22,1987,New Zealand,Pacífico Sur,HUMAN_OBSERVATION,2a636fd6-dc73-49c0-9e5b-26bd05532313,MBIS research trawl surveys,10.15468/ti5yah,Earth Sciences New Zealand (ESNZ),NIWA,CC-BY,http://creativecommons.org/licenses/by/4.0/legalcode,5717,,si
GBIF,1426931399,"Graneledone Joubin, 1918",,-44.7283,173.305,924,918,930,1987-11-30T21:32/1987-11-30T22:10,1987,New Zealand,Pacífico Sur,HUMAN_OBSERVATION,2a636fd6-dc73-49c0-9e5b-26bd05532313,MBIS research trawl surveys,10.15468/ti5yah,Earth Sciences New Zealand (ESNZ),NIWA,CC-BY,http://creativecommons.org/licenses/by/4.0/legalcode,5777,,si
GBIF,1426931479,"Graneledone Joubin, 1918",,-44.5383,173.9367,826.5,821,832,1987-11-06T20:15/1987-11-06T20:55,1987,New Zealand,Pacífico Sur,HUMAN_OBSERVATION,2a636fd6-dc73-49c0-9e5b-26bd05532313,MBIS research trawl surveys,10.15468/ti5yah,Earth Sciences New Zealand (ESNZ),NIWA,CC-BY,http://creativecommons.org/licenses/by/4.0/legalcode,5885,,si
GBIF,1426931495,"Graneledone Joubin, 1918",,-44.5883,174.0333,887.5,882,893,1987-11-06T22:46/1987-11-06T23:25,1987,New Zealand,Pacífico Sur,HUMAN_OBSERVATION,2a636fd6-dc73-49c0-9e5b-26bd05532313,MBIS research trawl surveys,10.15468/ti5yah,Earth Sciences New Zealand (ESNZ),NIWA,CC-BY,http://creativecommons.org/licenses/by/4.0/legalcode,5903,,si
GBIF,1426931508,"Graneledone Joubin, 1918",,-44.6483,174.0617,852,824,880,1987-11-07T01:15/1987-11-07T01:50,1987,New Zealand,Pacífico Sur,HUMAN_OBSERVATION,2a636fd6-dc73-49c0-9e5b-26bd05532313,MBIS research trawl surveys,10.15468/ti5yah,Earth Sciences New Zealand (ESNZ),NIWA,CC-BY,http://creativecommons.org/licenses/by/4.0/legalcode,5921,,si
GBIF,1426931562,"Graneledone Joubin, 1918",,-44.67,174.21,854.5,836,873,1987-11-07T10:51/1987-11-07T11:31,1987,New Zealand,Pacífico Sur,HUMAN_OBSERVATION,2a636fd6-dc73-49c0-9e5b-26bd05532313,MBIS research trawl surveys,10.15468/ti5yah,Earth Sciences New Zealand (ESNZ),NIWA,CC-BY,http://creativecommons.org/licenses/by/4.0/legalcode,5967,,si
GBIF,1426931662,"Graneledone Joubin, 1918",,-44.955,174.1617,1057,1004,1110,1987-11-08T09:06/1987-11-08T09:43,1987,New Zealand,Pacífico Sur,HUMAN_OBSERVATION,2a636fd6-dc73-49c0-9e5b-26bd05532313,MBIS research trawl surveys,10.15468/ti5yah,Earth Sciences New Zealand (ESNZ),NIWA,CC-BY,http://creativecommons.org/licenses/by/4.0/legalcode,6058,,si
GBIF,1426931805,"Graneledone Joubin, 1918",,-44.92,175.0533,971,956,986,1987-11-10T07:48/1987-11-10T08:30,1987,New Zealand,Pacífico Sur,HUMAN_OBSERVATION,2a636fd6-dc73-49c0-9e5b-26bd05532313,MBIS research trawl surveys,10.15468/ti5yah,Earth Sciences New Zealand (ESNZ),NIWA,CC-BY,http://creativecommons.org/licenses/by/4.0/legalcode,6231,,si
GBIF,1426931871,"Graneledone Joubin, 1918",,-44.7867,175.0483,860,830,890,1987-11-10T23:24/1987-11-11T00:04,1987,New Zealand,Pacífico Sur,HUMAN_OBSERVATION,2a636fd6-dc73-49c0-9e5b-26bd05532313,MBIS research trawl surveys,10.15468/ti5yah,Earth Sciences New Zealand (ESNZ),NIWA,CC-BY,http://creativecommons.org/licenses/by/4.0/legalcode,6300,,si
GBIF,1426931904,"Graneledone Joubin, 1918",,-44.7217,175.38,874.5,860,889,1987-11-11T10:56/1987-11-11T11:21,1987,New Zealand,Pacífico Sur,HUMAN_OBSERVATION,2a636fd6-dc73-49c0-9e5b-26bd05532313,MBIS research trawl surveys,10.15468/ti5yah,Earth Sciences New Zealand (ESNZ),NIWA,CC-BY,http://creativecommons.org/licenses/by/4.0/legalcode,6358,,si
GBIF,1426931931,"Graneledone Joubin, 1918",,-44.615,175.4383,809,798,820,1987-11-11T08:11/1987-11-11T08:50,1987,New Zealand,Pacífico Sur,HUMAN_OBSERVATION,2a636fd6-dc73-49c0-9e5b-26bd05532313,MBIS research trawl surveys,10.15468/ti5yah,Earth Sciences New Zealand (ESNZ),NIWA,CC-BY,http://creativecommons.org/licenses/by/4.0/legalcode,6343,,si
GBIF,1426931946,"Graneledone Joubin, 1918",,-44.77,175.5717,949,928,970,1987-11-11T14:47/1987-11-11T15:27,1987,New Zealand,Pacífico Sur,HUMAN_OBSERVATION,2a636fd6-dc73-49c0-9e5b-26bd05532313,MBIS research trawl surveys,10.15468/ti5yah,Earth Sciences New Zealand (ESNZ),NIWA,CC-BY,http://creativecommons.org/licenses/by/4.0/legalcode,6374,,si
GBIF,1426932193,"Graneledone Joubin, 1918",,-44.23,177.1833,942,932,952,1987-11-13T19:44/1987-11-13T20:35,1987,New Zealand,Pacífico Sur,HUMAN_OBSERVATION,2a636fd6-dc73-49c0-9e5b-26bd05532313,MBIS research trawl surveys,10.15468/ti5yah,Earth Sciences New Zealand (ESNZ),NIWA,CC-BY,http://creativecommons.org/licenses/by/4.0/legalcode,6640,,si
GBIF,1426932247,"Graneledone Joubin, 1918",,-44.1667,177.1817,841,821,861,1987-11-13T22:19/1987-11-13T23:04,1987,New Zealand,Pacífico Sur,HUMAN_OBSERVATION,2a636fd6-dc73-49c0-9e5b-26bd05532313,MBIS research trawl surveys,10.15468/ti5yah,Earth Sciences New Zealand (ESNZ),NIWA,CC-BY,http://creativecommons.org/licenses/by/4.0/legalcode,6657,,si
GBIF,6045604445,"Graneledone taniwha O'Shea, 1999",Graneledone taniwha,-44.6583,174,886,886,886,1987-11-18,1987,New Zealand,Pacífico Sur,PRESERVED_SPECIMEN,ff2ed94e-45ee-4dde-8e1f-0a4798f61a12,Mollusc collection at Museum of New Zealand Te Papa Tongarewa,10.15468/msce6x,Museum of New Zealand Te Papa Tongarewa,NMNZ,CC-BY,http://creativecommons.org/licenses/by/4.0/legalcode,tepapa:collection/object/757592,,si
GBIF,6045614266,"Graneledone challengeri (S.S.Berry, 1916)",Graneledone challengeri,-44.2383,179.987,767.5,766,769,1987-11-25,1987,New Zealand,Pacífico Sur,PRESERVED_SPECIMEN,ff2ed94e-45ee-4dde-8e1f-0a4798f61a12,Mollusc collection at Museum of New Zealand Te Papa Tongarewa,10.15468/msce6x,Museum of New Zealand Te Papa Tongarewa,NMNZ,CC-BY,http://creativecommons.org/licenses/by/4.0/legalcode,tepapa:collection/object/757583,,si
GBIF,1272678616,"Graneledone Joubin, 1918",,-43.75,143.67,1052.5,915,1190,1986-05-04,1986,Australia,Océano Índico,PRESERVED_SPECIMEN,39905320-6c8a-11de-8226-b8a03c50a862,Museums Victoria provider for OZCAM,10.15468/lp1ctu,Museums Victoria,NMV,CC0,http://creativecommons.org/publicdomain/zero/1.0/legalcode,5aeadfbf-6969-4aac-84a8-4fe2e9d23b1c,,si
GBIF,1272678642,"Graneledone Joubin, 1918",,-41.8933,144.41,1400,1384,1416,1986-05-18,1986,Australia,Océano Índico,PRESERVED_SPECIMEN,39905320-6c8a-11de-8226-b8a03c50a862,Museums Victoria provider for OZCAM,10.15468/lp1ctu,Museums Victoria,NMV,CC0,http://creativecommons.org/publicdomain/zero/1.0/legalcode,7eae2194-3828-4de1-addb-29cf520cfa87,,si
GBIF,1272678656,"Graneledone Joubin, 1918",,-40.9283,143.675,1272,1264,1280,1986-05-15,1986,Australia,Océano Índico,PRESERVED_SPECIMEN,39905320-6c8a-11de-8226-b8a03c50a862,Museums Victoria provider for OZCAM,10.15468/lp1ctu,Museums Victoria,NMV,CC0,http://creativecommons.org/publicdomain/zero/1.0/legalcode,1e8118c8-6651-4c1d-827c-cf9022551d40,,si
GBIF,1427030842,"Graneledone Joubin, 1918",,-41.7533,175.4467,1055,1039,1071,1986-05-03T18:12/1986-05-03T19:13,1986,New Zealand,Pacífico Sur,HUMAN_OBSERVATION,2a636fd6-dc73-49c0-9e5b-26bd05532313,MBIS research trawl surveys,10.15468/ti5yah,Earth Sciences New Zealand (ESNZ),NIWA,CC-BY,http://creativecommons.org/licenses/by/4.0/legalcode,105262,,si
GBIF,1427030848,"Graneledone Joubin, 1918",,-42.8317,173.8067,975,900,1050,1986-05-10T09:50/1986-05-10T10:19,1986,New Zealand,Pacífico Sur,HUMAN_OBSERVATION,2a636fd6-dc73-49c0-9e5b-26bd05532313,MBIS research trawl surveys,10.15468/ti5yah,Earth Sciences New Zealand (ESNZ),NIWA,CC-BY,http://creativecommons.org/licenses/by/4.0/legalcode,105289,,si
GBIF,1427030959,"Graneledone Joubin, 1918",,-42.82,173.8433,1036,1004,1068,1986-05-11T11:20/1986-05-11T12:11,1986,New Zealand,Pacífico Sur,HUMAN_OBSERVATION,2a636fd6-dc73-49c0-9e5b-26bd05532313,MBIS research trawl surveys,10.15468/ti5yah,Earth Sciences New Zealand (ESNZ),NIWA,CC-BY,http://creativecommons.org/licenses/by/4.0/legalcode,105364,,si
GBIF,1427031039,"Graneledone Joubin, 1918",,-42.7533,175.51,955.5,931,980,1986-05-13T06:43/1986-05-13T07:49,1986,New Zealand,Pacífico Sur,HUMAN_OBSERVATION,2a636fd6-dc73-49c0-9e5b-26bd05532313,MBIS research trawl surveys,10.15468/ti5yah,Earth Sciences New Zealand (ESNZ),NIWA,CC-BY,http://creativecommons.org/licenses/by/4.0/legalcode,105477,,si
GBIF,1427031042,"Graneledone Joubin, 1918",,-43.435,174.1033,,,,1986-05-12T15:12/1986-05-12T15:59,1986,New Zealand,Pacífico Sur,HUMAN_OBSERVATION,2a636fd6-dc73-49c0-9e5b-26bd05532313,MBIS research trawl surveys,10.15468/ti5yah,Earth Sciences New Zealand (ESNZ),NIWA,CC-BY,http://creativecommons.org/licenses/by/4.0/legalcode,105444,sin_profundidad,si
GBIF,1427031177,"Graneledone Joubin, 1918",,-42.8017,174.6683,1191.5,1174,1209,1986-05-14T07:10/1986-05-14T08:14,1986,New Zealand,Pacífico Sur,HUMAN_OBSERVATION,2a636fd6-dc73-49c0-9e5b-26bd05532313,MBIS research trawl surveys,10.15468/ti5yah,Earth Sciences New Zealand (ESNZ),NIWA,CC-BY,http://creativecommons.org/licenses/by/4.0/legalcode,105601,,si
GBIF,1427031221,"Graneledone Joubin, 1918",,-42.7917,174.6633,1245,1226,1264,1986-05-14T10:09/1986-05-14T11:18,1986,New Zealand,Pacífico Sur,HUMAN_OBSERVATION,2a636fd6-dc73-49c0-9e5b-26bd05532313,MBIS research trawl surveys,10.15468/ti5yah,Earth Sciences New Zealand (ESNZ),NIWA,CC-BY,http://creativecommons.org/licenses/by/4.0/legalcode,105633,,si
GBIF,1426996913,"Graneledone Joubin, 1918",,-39.4583,178.345,922.5,900,945,1986-06-22T21:13/1986-06-22T21:35,1986,New Zealand,Pacífico Sur,HUMAN_OBSERVATION,2a636fd6-dc73-49c0-9e5b-26bd05532313,MBIS research trawl surveys,10.15468/ti5yah,Earth Sciences New Zealand (ESNZ),NIWA,CC-BY,http://creativecommons.org/licenses/by/4.0/legalcode,71350,,si
GBIF,1426997248,"Graneledone Joubin, 1918",,-40.1617,177.3533,943,910,976,1986-06-27T05:45/1986-06-27T06:17,1986,New Zealand,Pacífico Sur,HUMAN_OBSERVATION,2a636fd6-dc73-49c0-9e5b-26bd05532313,MBIS research trawl surveys,10.15468/ti5yah,Earth Sciences New Zealand (ESNZ),NIWA,CC-BY,http://creativecommons.org/licenses/by/4.0/legalcode,71641,,si
GBIF,1426997428,"Graneledone Joubin, 1918",,-39.6317,178.3517,747.5,735,760,1986-06-18T17:32/1986-06-18T18:02,1986,New Zealand,Pacífico Sur,HUMAN_OBSERVATION,2a636fd6-dc73-49c0-9e5b-26bd05532313,MBIS research trawl surveys,10.15468/ti5yah,Earth Sciences New Zealand (ESNZ),NIWA,CC-BY,http://creativecommons.org/licenses/by/4.0/legalcode,71897,,si
GBIF,1426997754,"Graneledone Joubin, 1918",,-40.0333,177.7483,1256.5,1243,1270,1986-06-19T18:45/1986-06-19T19:30,1986,New Zealand,Pacífico Sur,HUMAN_OBSERVATION,2a636fd6-dc73-49c0-9e5b-26bd05532313,MBIS research trawl surveys,10.15468/ti5yah,Earth Sciences New Zealand (ESNZ),NIWA,CC-BY,http://creativecommons.org/licenses/by/4.0/legalcode,72157,,si
GBIF,1427142713,"Graneledone Joubin, 1918",,-44.48,175.4417,744,730,758,1986-06-28T07:40/1986-06-28T08:50,1986,New Zealand,Pacífico Sur,HUMAN_OBSERVATION,2a636fd6-dc73-49c0-9e5b-26bd05532313,MBIS research trawl surveys,10.15468/ti5yah,Earth Sciences New Zealand (ESNZ),NIWA,CC-BY,http://creativecommons.org/licenses/by/4.0/legalcode,217120,,si
GBIF,1427143599,"Graneledone Joubin, 1918",,-44.4167,175,654.5,652,657,1986-06-26T12:30/1986-06-26T13:30,1986,New Zealand,Pacífico Sur,HUMAN_OBSERVATION,2a636fd6-dc73-49c0-9e5b-26bd05532313,MBIS research trawl surveys,10.15468/ti5yah,Earth Sciences New Zealand (ESNZ),NIWA,CC-BY,http://creativecommons.org/licenses/by/4.0/legalcode,218018,,si
GBIF,1427143866,"Graneledone Joubin, 1918",,-44.2683,174.73,573.5,565,582,1986-06-26T16:00/1986-06-26T17:00,1986,New Zealand,Pacífico Sur,HUMAN_OBSERVATION,2a636fd6-dc73-49c0-9e5b-26bd05532313,MBIS research trawl surveys,10.15468/ti5yah,Earth Sciences New Zealand (ESNZ),NIWA,CC-BY,http://creativecommons.org/licenses/by/4.0/legalcode,218272,,si
GBIF,1426997658,"Graneledone Joubin, 1918",,-38.6683,178.7233,955,910,1000,1986-07-05T07:17/1986-07-05T07:39,1986,New Zealand,Pacífico Sur,HUMAN_OBSERVATION,2a636fd6-dc73-49c0-9e5b-26bd05532313,MBIS research trawl surveys,10.15468/ti5yah,Earth Sciences New Zealand (ESNZ),NIWA,CC-BY,http://creativecommons.org/licenses/by/4.0/legalcode,72075,,si
GBIF,1426997691,"Graneledone Joubin, 1918",,-38.6383,178.74,1075,1050,1100,1986-07-05T10:18/1986-07-05T10:31,1986,New Zealand,Pacífico Sur,HUMAN_OBSERVATION,2a636fd6-dc73-49c0-9e5b-26bd05532313,MBIS research trawl surveys,10.15468/ti5yah,Earth Sciences New Zealand (ESNZ),NIWA,CC-BY,http://creativecommons.org/licenses/by/4.0/legalcode,72088,,si
GBIF,1426997725,"Graneledone Joubin, 1918",,-39.3733,178.44,950,900,1000,1986-07-06T09:11/1986-07-06T09:14,1986,New Zealand,Pacífico Sur,HUMAN_OBSERVATION,2a636fd6-dc73-49c0-9e5b-26bd05532313,MBIS research trawl surveys,10.15468/ti5yah,Earth Sciences New Zealand (ESNZ),NIWA,CC-BY,http://creativecommons.org/licenses/by/4.0/legalcode,72142,,si
GBIF,1427142512,"Graneledone Joubin, 1918",,-43.105,173.9183,674,664,684,1986-07-22T12:10/1986-07-22T13:00,1986,New Zealand,Pacífico Sur,HUMAN_OBSERVATION,2a636fd6-dc73-49c0-9e5b-26bd05532313,MBIS research trawl surveys,10.15468/ti5yah,Earth Sciences New Zealand (ESNZ),NIWA,CC-BY,http://creativecommons.org/licenses/by/4.0/legalcode,216927,,si
GBIF,1427142533,"Graneledone Joubin, 1918",,-43.0533,174.2433,794,789,799,1986-07-22T15:05/1986-07-22T16:15,1986,New Zealand,Pacífico Sur,HUMAN_OBSERVATION,2a636fd6-dc73-49c0-9e5b-26bd05532313,MBIS research trawl surveys,10.15468/ti5yah,Earth Sciences New Zealand (ESNZ),NIWA,CC-BY,http://creativecommons.org/licenses/by/4.0/legalcode,216960,,si
GBIF,1427143001,"Graneledone Joubin, 1918",,-44.2083,179.85,768,746,790,1986-07-03T07:40/1986-07-03T08:30,1986,New Zealand,Pacífico Sur,HUMAN_OBSERVATION,2a636fd6-dc73-49c0-9e5b-26bd05532313,MBIS research trawl surveys,10.15468/ti5yah,Earth Sciences New Zealand (ESNZ),NIWA,CC-BY,http://creativecommons.org/licenses/by/4.0/legalcode,217441,,si
GBIF,1427143215,"Graneledone Joubin, 1918",,-44.3667,-178.5333,786,768,804,1986-07-05T07:10/1986-07-05T08:20,1986,New Zealand,Pacífico Sur,HUMAN_OBSERVATION,2a636fd6-dc73-49c0-9e5b-26bd05532313,MBIS research trawl surveys,10.15468/ti5yah,Earth Sciences New Zealand (ESNZ),NIWA,CC-BY,http://creativecommons.org/licenses/by/4.0/legalcode,217623,,si
GBIF,1427144799,"Graneledone Joubin, 1918",,-42.8767,175.2033,696.5,690,703,1986-07-21T13:35/1986-07-21T15:20,1986,New Zealand,Pacífico Sur,HUMAN_OBSERVATION,2a636fd6-dc73-49c0-9e5b-26bd05532313,MBIS research trawl surveys,10.15468/ti5yah,Earth Sciences New Zealand (ESNZ),NIWA,CC-BY,http://creativecommons.org/licenses/by/4.0/legalcode,219248,,si
GBIF,1427032047,"Graneledone Joubin, 1918",,-39.9733,177.6467,,,,1986-08-22T11:40/1986-08-22T12:12,1986,New Zealand,Pacífico Sur,HUMAN_OBSERVATION,2a636fd6-dc73-49c0-9e5b-26bd05532313,MBIS research trawl surveys,10.15468/ti5yah,Earth Sciences New Zealand (ESNZ),NIWA,CC-BY,http://creativecommons.org/licenses/by/4.0/legalcode,106480,sin_profundidad,si
GBIF,1427032075,"Graneledone Joubin, 1918",,-39.9467,177.93,750,750,750,1986-08-22T00:00/1986-08-22T14:24,1986,New Zealand,Pacífico Sur,HUMAN_OBSERVATION,2a636fd6-dc73-49c0-9e5b-26bd05532313,MBIS research trawl surveys,10.15468/ti5yah,Earth Sciences New Zealand (ESNZ),NIWA,CC-BY,http://creativecommons.org/licenses/by/4.0/legalcode,106505,,si
GBIF,1427032502,"Graneledone Joubin, 1918",,-39.7683,178.3583,890,800,980,1986-08-29T12:35/1986-08-29T13:05,1986,New Zealand,Pacífico Sur,HUMAN_OBSERVATION,2a636fd6-dc73-49c0-9e5b-26bd05532313,MBIS research trawl surveys,10.15468/ti5yah,Earth Sciences New Zealand (ESNZ),NIWA,CC-BY,http://creativecommons.org/licenses/by/4.0/legalcode,106914,,si
GBIF,1427032554,"Graneledone Joubin, 1918",,-39.5933,178.3417,917,886,948,1986-08-29T16:38/1986-08-29T17:15,1986,New Zealand,Pacífico Sur,HUMAN_OBSERVATION,2a636fd6-dc73-49c0-9e5b-26bd05532313,MBIS research trawl surveys,10.15468/ti5yah,Earth Sciences New Zealand (ESNZ),NIWA,CC-BY,http://creativecommons.org/licenses/by/4.0/legalcode,106939,,si
GBIF,1427032646,"Graneledone Joubin, 1918",,-39.23,178.245,760,700,820,1986-08-30T19:04/1986-08-30T19:34,1986,New Zealand,Pacífico Sur,HUMAN_OBSERVATION,2a636fd6-dc73-49c0-9e5b-26bd05532313,MBIS research trawl surveys,10.15468/ti5yah,Earth Sciences New Zealand (ESNZ),NIWA,CC-BY,http://creativecommons.org/licenses/by/4.0/legalcode,107085,,si
GBIF,1426956876,"Graneledone Joubin, 1918",,-44.065,177.895,927.5,896,959,1986-11-02T21:09/1986-11-02T21:46,1986,New Zealand,Pacífico Sur,HUMAN_OBSERVATION,2a636fd6-dc73-49c0-9e5b-26bd05532313,MBIS research trawl surveys,10.15468/ti5yah,Earth Sciences New Zealand (ESNZ),NIWA,CC-BY,http://creativecommons.org/licenses/by/4.0/legalcode,31280,,si
GBIF,1426956927,"Graneledone Joubin, 1918",,-44.485,-179.3017,1076,1060,1092,1986-11-21T14:39/1986-11-21T15:20,1986,New Zealand,Pacífico Sur,HUMAN_OBSERVATION,2a636fd6-dc73-49c0-9e5b-26bd05532313,MBIS research trawl surveys,10.15468/ti5yah,Earth Sciences New Zealand (ESNZ),NIWA,CC-BY,http://creativecommons.org/licenses/by/4.0/legalcode,31375,,si
GBIF,1426957012,"Graneledone Joubin, 1918",,-44.385,-179.665,954,944,964,1986-11-21T10:38/1986-11-21T11:19,1986,New Zealand,Pacífico Sur,HUMAN_OBSERVATION,2a636fd6-dc73-49c0-9e5b-26bd05532313,MBIS research trawl surveys,10.15468/ti5yah,Earth Sciences New Zealand (ESNZ),NIWA,CC-BY,http://creativecommons.org/licenses/by/4.0/legalcode,31357,,si
GBIF,1426957043,"Graneledone Joubin, 1918",,-44.48,-179.3817,1085.5,1075,1096,1986-11-21T16:54/1986-11-21T17:38,1986,New Zealand,Pacífico Sur,HUMAN_OBSERVATION,2a636fd6-dc73-49c0-9e5b-26bd05532313,MBIS research trawl surveys,10.15468/ti5yah,Earth Sciences New Zealand (ESNZ),NIWA,CC-BY,http://creativecommons.org/licenses/by/4.0/legalcode,31392,,si
GBIF,1426957086,"Graneledone Joubin, 1918",,-44.4567,-178.53,903.5,889,918,1986-11-22T18:10/1986-11-22T18:40,1986,New Zealand,Pacífico Sur,HUMAN_OBSERVATION,2a636fd6-dc73-49c0-9e5b-26bd05532313,MBIS research trawl surveys,10.15468/ti5yah,Earth Sciences New Zealand (ESNZ),NIWA,CC-BY,http://creativecommons.org/licenses/by/4.0/legalcode,31548,,si
GBIF,1426957165,"Graneledone Joubin, 1918",,-44.46,-178.49,938.5,928,949,1986-11-22T20:53/1986-11-22T21:33,1986,New Zealand,Pacífico Sur,HUMAN_OBSERVATION,2a636fd6-dc73-49c0-9e5b-26bd05532313,MBIS research trawl surveys,10.15468/ti5yah,Earth Sciences New Zealand (ESNZ),NIWA,CC-BY,http://creativecommons.org/licenses/by/4.0/legalcode,31569,,si
GBIF,1426957360,"Graneledone Joubin, 1918",,-44.6083,-177.325,886,850,922,1986-11-25T06:45/1986-11-25T07:22,1986,New Zealand,Pacífico Sur,HUMAN_OBSERVATION,2a636fd6-dc73-49c0-9e5b-26bd05532313,MBIS research trawl surveys,10.15468/ti5yah,Earth Sciences New Zealand (ESNZ),NIWA,CC-BY,http://creativecommons.org/licenses/by/4.0/legalcode,31752,,si
GBIF,1426957508,"Graneledone Joubin, 1918",,-44.63,-177.1433,901.5,874,929,1986-11-27T12:00/1986-11-27T12:40,1986,New Zealand,Pacífico Sur,HUMAN_OBSERVATION,2a636fd6-dc73-49c0-9e5b-26bd05532313,MBIS research trawl surveys,10.15468/ti5yah,Earth Sciences New Zealand (ESNZ),NIWA,CC-BY,http://creativecommons.org/licenses/by/4.0/legalcode,31944,,si
GBIF,1426957534,"Graneledone Joubin, 1918",,-44.5917,-177.5517,951.5,942,961,1986-11-27T16:00/1986-11-27T16:30,1986,New Zealand,Pacífico Sur,HUMAN_OBSERVATION,2a636fd6-dc73-49c0-9e5b-26bd05532313,MBIS research trawl surveys,10.15468/ti5yah,Earth Sciences New Zealand (ESNZ),NIWA,CC-BY,http://creativecommons.org/licenses/by/4.0/legalcode,31963,,si
GBIF,1426957693,"Graneledone Joubin, 1918",,-44.4183,-178.9317,926,924,928,1986-11-28T13:18/1986-11-28T13:57,1986,New Zealand,Pacífico Sur,HUMAN_OBSERVATION,2a636fd6-dc73-49c0-9e5b-26bd05532313,MBIS research trawl surveys,10.15468/ti5yah,Earth Sciences New Zealand (ESNZ),NIWA,CC-BY,http://creativecommons.org/licenses/by/4.0/legalcode,32110,,si
GBIF,1426957751,"Graneledone Joubin, 1918",,-44.2017,177.3317,921.5,921,922,1986-11-03T13:00/1986-11-03T13:33,1986,New Zealand,Pacífico Sur,HUMAN_OBSERVATION,2a636fd6-dc73-49c0-9e5b-26bd05532313,MBIS research trawl surveys,10.15468/ti5yah,Earth Sciences New Zealand (ESNZ),NIWA,CC-BY,http://creativecommons.org/licenses/by/4.0/legalcode,32183,,si
GBIF,1426957768,"Graneledone Joubin, 1918",,-44.3733,-179.865,952,946,958,1986-11-29T00:01/1986-11-29T00:38,1986,New Zealand,Pacífico Sur,HUMAN_OBSERVATION,2a636fd6-dc73-49c0-9e5b-26bd05532313,MBIS research trawl surveys,10.15468/ti5yah,Earth Sciences New Zealand (ESNZ),NIWA,CC-BY,http://creativecommons.org/licenses/by/4.0/legalcode,32201,,si
GBIF,1426958047,"Graneledone Joubin, 1918",,-44.1367,177.21,844.5,825,864,1986-11-30T23:01/1986-11-30T23:43,1986,New Zealand,Pacífico Sur,HUMAN_OBSERVATION,2a636fd6-dc73-49c0-9e5b-26bd05532313,MBIS research trawl surveys,10.15468/ti5yah,Earth Sciences New Zealand (ESNZ),NIWA,CC-BY,http://creativecommons.org/licenses/by/4.0/legalcode,32413,,si
GBIF,1426958401,"Graneledone Joubin, 1918",,-44.3,177.0683,1035,1000,1070,1986-11-04T00:04/1986-11-04T00:58,1986,New Zealand,Pacífico Sur,HUMAN_OBSERVATION,2a636fd6-dc73-49c0-9e5b-26bd05532313,MBIS research trawl surveys,10.15468/ti5yah,Earth Sciences New Zealand (ESNZ),NIWA,CC-BY,http://creativecommons.org/licenses/by/4.0/legalcode,32796,,si
GBIF,1426958613,"Graneledone Joubin, 1918",,-44.355,176.5833,869,854,884,1986-11-04T12:22/1986-11-04T13:00,1986,New Zealand,Pacífico Sur,HUMAN_OBSERVATION,2a636fd6-dc73-49c0-9e5b-26bd05532313,MBIS research trawl surveys,10.15468/ti5yah,Earth Sciences New Zealand (ESNZ),NIWA,CC-BY,http://creativecommons.org/licenses/by/4.0/legalcode,33000,,si
GBIF,1426958655,"Graneledone Joubin, 1918",,-44.59,176.1167,934,924,944,1986-11-05T05:20/1986-11-05T05:55,1986,New Zealand,Pacífico Sur,HUMAN_OBSERVATION,2a636fd6-dc73-49c0-9e5b-26bd05532313,MBIS research trawl surveys,10.15468/ti5yah,Earth Sciences New Zealand (ESNZ),NIWA,CC-BY,http://creativecommons.org/licenses/by/4.0/legalcode,33103,,si
GBIF,1426958747,"Graneledone Joubin, 1918",,-44.5367,175.61,837.5,828,847,1986-11-05T21:52/1986-11-05T22:28,1986,New Zealand,Pacífico Sur,HUMAN_OBSERVATION,2a636fd6-dc73-49c0-9e5b-26bd05532313,MBIS research trawl surveys,10.15468/ti5yah,Earth Sciences New Zealand (ESNZ),NIWA,CC-BY,http://creativecommons.org/licenses/by/4.0/legalcode,33185,,si
GBIF,1426958760,"Graneledone Joubin, 1918",,-44.6417,175.8967,1003,976,1030,1986-11-05T11:07/1986-11-05T11:49,1986,New Zealand,Pacífico Sur,HUMAN_OBSERVATION,2a636fd6-dc73-49c0-9e5b-26bd05532313,MBIS research trawl surveys,10.15468/ti5yah,Earth Sciences New Zealand (ESNZ),NIWA,CC-BY,http://creativecommons.org/licenses/by/4.0/legalcode,33150,,si
GBIF,1426958804,"Graneledone Joubin, 1918",,-44.8017,175.4783,1021,979,1063,1986-11-06T01:40/1986-11-06T02:30,1986,New Zealand,Pacífico Sur,HUMAN_OBSERVATION,2a636fd6-dc73-49c0-9e5b-26bd05532313,MBIS research trawl surveys,10.15468/ti5yah,Earth Sciences New Zealand (ESNZ),NIWA,CC-BY,http://creativecommons.org/licenses/by/4.0/legalcode,33202,,si
GBIF,1426958813,"Graneledone Joubin, 1918",,-44.7083,175.375,854,843,865,1986-11-06T04:27/1986-11-06T05:07,1986,New Zealand,Pacífico Sur,HUMAN_OBSERVATION,2a636fd6-dc73-49c0-9e5b-26bd05532313,MBIS research trawl surveys,10.15468/ti5yah,Earth Sciences New Zealand (ESNZ),NIWA,CC-BY,http://creativecommons.org/licenses/by/4.0/legalcode,33223,,si
GBIF,1426958917,"Graneledone Joubin, 1918",,-44.9367,174.8983,943,915,971,1986-11-07T00:39/1986-11-07T01:21,1986,New Zealand,Pacífico Sur,HUMAN_OBSERVATION,2a636fd6-dc73-49c0-9e5b-26bd05532313,MBIS research trawl surveys,10.15468/ti5yah,Earth Sciences New Zealand (ESNZ),NIWA,CC-BY,http://creativecommons.org/licenses/by/4.0/legalcode,33338,,si
GBIF,1426958937,"Graneledone Joubin, 1918",,-44.8983,174.7233,925,899,951,1986-11-06T22:15/1986-11-06T23:00,1986,New Zealand,Pacífico Sur,HUMAN_OBSERVATION,2a636fd6-dc73-49c0-9e5b-26bd05532313,MBIS research trawl surveys,10.15468/ti5yah,Earth Sciences New Zealand (ESNZ),NIWA,CC-BY,http://creativecommons.org/licenses/by/4.0/legalcode,33325,,si
GBIF,1426959018,"Graneledone Joubin, 1918",,-45.17,174.9833,1159,1156,1162,1986-11-07T18:08/1986-11-07T18:45,1986,New Zealand,Pacífico Sur,HUMAN_OBSERVATION,2a636fd6-dc73-49c0-9e5b-26bd05532313,MBIS research trawl surveys,10.15468/ti5yah,Earth Sciences New Zealand (ESNZ),NIWA,CC-BY,http://creativecommons.org/licenses/by/4.0/legalcode,33417,,si
GBIF,1426959158,"Graneledone Joubin, 1918",,-44.0883,178.4883,904.5,893,916,1986-11-02T07:21/1986-11-02T07:59,1986,New Zealand,Pacífico Sur,HUMAN_OBSERVATION,2a636fd6-dc73-49c0-9e5b-26bd05532313,MBIS research trawl surveys,10.15468/ti5yah,Earth Sciences New Zealand (ESNZ),NIWA,CC-BY,http://creativecommons.org/licenses/by/4.0/legalcode,33557,,si
GBIF,1426959393,"Graneledone Joubin, 1918",,-44.7033,173.59,886,872,900,1986-11-10T16:20/1986-11-10T17:02,1986,New Zealand,Pacífico Sur,HUMAN_OBSERVATION,2a636fd6-dc73-49c0-9e5b-26bd05532313,MBIS research trawl surveys,10.15468/ti5yah,Earth Sciences New Zealand (ESNZ),NIWA,CC-BY,http://creativecommons.org/licenses/by/4.0/legalcode,33793,,si
GBIF,1426959654,"Graneledone Joubin, 1918",,-44.1933,179.515,888,876,900,1986-11-14T02:48/1986-11-14T03:25,1986,New Zealand,Pacífico Sur,HUMAN_OBSERVATION,2a636fd6-dc73-49c0-9e5b-26bd05532313,MBIS research trawl surveys,10.15468/ti5yah,Earth Sciences New Zealand (ESNZ),NIWA,CC-BY,http://creativecommons.org/licenses/by/4.0/legalcode,34060,,si
GBIF,6045767570,"Graneledone challengeri (S.S.Berry, 1916)",Graneledone challengeri,-45.17,174.983,1159,1156,1162,1986-11-07,1986,New Zealand,Pacífico Sur,PRESERVED_SPECIMEN,ff2ed94e-45ee-4dde-8e1f-0a4798f61a12,Mollusc collection at Museum of New Zealand Te Papa Tongarewa,10.15468/msce6x,Museum of New Zealand Te Papa Tongarewa,NMNZ,CC-BY,http://creativecommons.org/licenses/by/4.0/legalcode,tepapa:collection/object/757587,,si
GBIF,1426958106,"Graneledone Joubin, 1918",,-44.54,175.1383,754.5,719,790,1986-12-02T09:10/1986-12-02T09:49,1986,New Zealand,Pacífico Sur,HUMAN_OBSERVATION,2a636fd6-dc73-49c0-9e5b-26bd05532313,MBIS research trawl surveys,10.15468/ti5yah,Earth Sciences New Zealand (ESNZ),NIWA,CC-BY,http://creativecommons.org/licenses/by/4.0/legalcode,32558,,si
GBIF,1426958246,"Graneledone Joubin, 1918",,-44.7817,173.5933,978.5,957,1000,1986-12-04T02:20/1986-12-04T02:55,1986,New Zealand,Pacífico Sur,HUMAN_OBSERVATION,2a636fd6-dc73-49c0-9e5b-26bd05532313,MBIS research trawl surveys,10.15468/ti5yah,Earth Sciences New Zealand (ESNZ),NIWA,CC-BY,http://creativecommons.org/licenses/by/4.0/legalcode,32698,,si
GBIF,1426958316,"Graneledone Joubin, 1918",,-44.7683,173.2133,1075,1063,1087,1986-12-04T21:08/1986-12-04T21:51,1986,New Zealand,Pacífico Sur,HUMAN_OBSERVATION,2a636fd6-dc73-49c0-9e5b-26bd05532313,MBIS research trawl surveys,10.15468/ti5yah,Earth Sciences New Zealand (ESNZ),NIWA,CC-BY,http://creativecommons.org/licenses/by/4.0/legalcode,32747,,si
GBIF,1426958343,"Graneledone Joubin, 1918",,-44.775,172.9383,1023.5,1011,1036,1986-12-05T03:34/1986-12-05T04:18,1986,New Zealand,Pacífico Sur,HUMAN_OBSERVATION,2a636fd6-dc73-49c0-9e5b-26bd05532313,MBIS research trawl surveys,10.15468/ti5yah,Earth Sciences New Zealand (ESNZ),NIWA,CC-BY,http://creativecommons.org/licenses/by/4.0/legalcode,32762,,si
GBIF,1426958469,"Graneledone Joubin, 1918",,-44.3967,174.09,709,698,720,1986-12-06T03:34/1986-12-06T04:10,1986,New Zealand,Pacífico Sur,HUMAN_OBSERVATION,2a636fd6-dc73-49c0-9e5b-26bd05532313,MBIS research trawl surveys,10.15468/ti5yah,Earth Sciences New Zealand (ESNZ),NIWA,CC-BY,http://creativecommons.org/licenses/by/4.0/legalcode,32897,,si
GBIF,1426958492,"Graneledone Joubin, 1918",,-44.5133,173.99,787,777,797,1986-12-06T01:24/1986-12-06T02:02,1986,New Zealand,Pacífico Sur,HUMAN_OBSERVATION,2a636fd6-dc73-49c0-9e5b-26bd05532313,MBIS research trawl surveys,10.15468/ti5yah,Earth Sciences New Zealand (ESNZ),NIWA,CC-BY,http://creativecommons.org/licenses/by/4.0/legalcode,32884,,si
GBIF,609341630,"Graneledone pacifica G.L.Voss & Pearcy, 1990",Graneledone pacifica,36.498333,-122.305,1415,1400,1430,1985-02-06,1985,United States of America,Pacífico Norte,PRESERVED_SPECIMEN,44bcde48-ac71-46f2-bf73-24fc3c008b6c,CAS Invertebrate Zoology (IZ),10.15468/tiac99,California Academy of Sciences,CAS,CC0,http://creativecommons.org/publicdomain/zero/1.0/legalcode,urn:catalog:CAS:IZ:84669,,si
GBIF,1065184224,"Graneledone pacifica G.L.Voss & Pearcy, 1990",Graneledone pacifica,36.4867,-122.31,1410,1400,1420,1985-03-13,1985,United States of America,Pacífico Norte,PRESERVED_SPECIMEN,005eb8d8-ed94-41be-89cf-e3115a9058e4,FMNH Invertebrate Zoology,10.15468/6q5vuc,Field Museum,FMNH,CC0,http://creativecommons.org/publicdomain/zero/1.0/legalcode,cd5499c8-d32c-4341-bf6a-62ca99a5726c,,si
GBIF,609341803,"Graneledone pacifica G.L.Voss & Pearcy, 1990",Graneledone pacifica,36.398333,-122.296667,1400,1400,1400,1985-05-08,1985,United States of America,Pacífico Norte,PRESERVED_SPECIMEN,44bcde48-ac71-46f2-bf73-24fc3c008b6c,CAS Invertebrate Zoology (IZ),10.15468/tiac99,California Academy of Sciences,CAS,CC0,http://creativecommons.org/publicdomain/zero/1.0/legalcode,urn:catalog:CAS:IZ:84667,,si
GBIF,1427029321,"Graneledone Joubin, 1918",,-44.205,178.2367,1097,1095,1099,1985-06-09T07:56/1985-06-09T08:43,1985,New Zealand,Pacífico Sur,HUMAN_OBSERVATION,2a636fd6-dc73-49c0-9e5b-26bd05532313,MBIS research trawl surveys,10.15468/ti5yah,Earth Sciences New Zealand (ESNZ),NIWA,CC-BY,http://creativecommons.org/licenses/by/4.0/legalcode,103798,,si
GBIF,1427029530,"Graneledone Joubin, 1918",,-44.6783,175.78,906,898,914,1985-06-07T14:37/1985-06-07T15:22,1985,New Zealand,Pacífico Sur,HUMAN_OBSERVATION,2a636fd6-dc73-49c0-9e5b-26bd05532313,MBIS research trawl surveys,10.15468/ti5yah,Earth Sciences New Zealand (ESNZ),NIWA,CC-BY,http://creativecommons.org/licenses/by/4.0/legalcode,103982,,si
GBIF,1427030213,"Graneledone Joubin, 1918",,-44.395,179.8267,1090,1070,1110,1985-12-14T15:00/1985-12-14T15:57,1985,New Zealand,Pacífico Sur,HUMAN_OBSERVATION,2a636fd6-dc73-49c0-9e5b-26bd05532313,MBIS research trawl surveys,10.15468/ti5yah,Earth Sciences New Zealand (ESNZ),NIWA,CC-BY,http://creativecommons.org/licenses/by/4.0/legalcode,104668,,si
GBIF,1427022047,"Graneledone Joubin, 1918",,-44.7567,173.5883,943,940,946,1984-02-21T10:43/1984-02-21T11:13,1984,New Zealand,Pacífico Sur,HUMAN_OBSERVATION,2a636fd6-dc73-49c0-9e5b-26bd05532313,MBIS research trawl surveys,10.15468/ti5yah,Earth Sciences New Zealand (ESNZ),NIWA,CC-BY,http://creativecommons.org/licenses/by/4.0/legalcode,96475,,si
GBIF,1427022080,"Graneledone Joubin, 1918",,-44.67,173.5433,847,844,850,1984-02-21T14:06/1984-02-21T14:36,1984,New Zealand,Pacífico Sur,HUMAN_OBSERVATION,2a636fd6-dc73-49c0-9e5b-26bd05532313,MBIS research trawl surveys,10.15468/ti5yah,Earth Sciences New Zealand (ESNZ),NIWA,CC-BY,http://creativecommons.org/licenses/by/4.0/legalcode,96495,,si
GBIF,1427022088,"Graneledone Joubin, 1918",,-44.6083,173.5467,755.5,749,762,1984-02-21T16:32/1984-02-21T17:02,1984,New Zealand,Pacífico Sur,HUMAN_OBSERVATION,2a636fd6-dc73-49c0-9e5b-26bd05532313,MBIS research trawl surveys,10.15468/ti5yah,Earth Sciences New Zealand (ESNZ),NIWA,CC-BY,http://creativecommons.org/licenses/by/4.0/legalcode,96511,,si
GBIF,1427022267,"Graneledone Joubin, 1918",,-44.78,174.0567,845,830,860,1984-02-24T12:56/1984-02-24T13:26,1984,New Zealand,Pacífico Sur,HUMAN_OBSERVATION,2a636fd6-dc73-49c0-9e5b-26bd05532313,MBIS research trawl surveys,10.15468/ti5yah,Earth Sciences New Zealand (ESNZ),NIWA,CC-BY,http://creativecommons.org/licenses/by/4.0/legalcode,96685,,si
GBIF,1427022343,"Graneledone Joubin, 1918",,-44.8233,172.8183,1172.5,1166,1179,1984-02-18T07:48/1984-02-18T08:18,1984,New Zealand,Pacífico Sur,HUMAN_OBSERVATION,2a636fd6-dc73-49c0-9e5b-26bd05532313,MBIS research trawl surveys,10.15468/ti5yah,Earth Sciences New Zealand (ESNZ),NIWA,CC-BY,http://creativecommons.org/licenses/by/4.0/legalcode,96736,,si
GBIF,1427023785,"Graneledone Joubin, 1918",,-44.7433,172.84,854,840,868,1984-04-15T08:07/1984-04-15T08:37,1984,New Zealand,Pacífico Sur,HUMAN_OBSERVATION,2a636fd6-dc73-49c0-9e5b-26bd05532313,MBIS research trawl surveys,10.15468/ti5yah,Earth Sciences New Zealand (ESNZ),NIWA,CC-BY,http://creativecommons.org/licenses/by/4.0/legalcode,98212,,si
GBIF,1427024001,"Graneledone Joubin, 1918",,-44.7683,173.6,957,952,962,1984-04-17T17:16/1984-04-17T17:46,1984,New Zealand,Pacífico Sur,HUMAN_OBSERVATION,2a636fd6-dc73-49c0-9e5b-26bd05532313,MBIS research trawl surveys,10.15468/ti5yah,Earth Sciences New Zealand (ESNZ),NIWA,CC-BY,http://creativecommons.org/licenses/by/4.0/legalcode,98448,,si
GBIF,1427024006,"Graneledone Joubin, 1918",,-44.6633,173.5133,838,838,838,1984-04-17T13:13/1984-04-17T13:43,1984,New Zealand,Pacífico Sur,HUMAN_OBSERVATION,2a636fd6-dc73-49c0-9e5b-26bd05532313,MBIS research trawl surveys,10.15468/ti5yah,Earth Sciences New Zealand (ESNZ),NIWA,CC-BY,http://creativecommons.org/licenses/by/4.0/legalcode,98418,,si
GBIF,1427024027,"Graneledone Joubin, 1918",,-44.7717,173.9983,874,860,888,1984-04-18T07:38/1984-04-18T08:08,1984,New Zealand,Pacífico Sur,HUMAN_OBSERVATION,2a636fd6-dc73-49c0-9e5b-26bd05532313,MBIS research trawl surveys,10.15468/ti5yah,Earth Sciences New Zealand (ESNZ),NIWA,CC-BY,http://creativecommons.org/licenses/by/4.0/legalcode,98470,,si
GBIF,1427024056,"Graneledone Joubin, 1918",,-44.6567,173.81,845.5,835,856,1984-04-18T10:15/1984-04-18T10:45,1984,New Zealand,Pacífico Sur,HUMAN_OBSERVATION,2a636fd6-dc73-49c0-9e5b-26bd05532313,MBIS research trawl surveys,10.15468/ti5yah,Earth Sciences New Zealand (ESNZ),NIWA,CC-BY,http://creativecommons.org/licenses/by/4.0/legalcode,98490,,si
GBIF,1427024168,"Graneledone Joubin, 1918",,-44.565,174.06,874.5,870,879,1984-04-20T07:42/1984-04-20T08:12,1984,New Zealand,Pacífico Sur,HUMAN_OBSERVATION,2a636fd6-dc73-49c0-9e5b-26bd05532313,MBIS research trawl surveys,10.15468/ti5yah,Earth Sciences New Zealand (ESNZ),NIWA,CC-BY,http://creativecommons.org/licenses/by/4.0/legalcode,98581,,si
GBIF,1427024186,"Graneledone Joubin, 1918",,-44.76,174.085,817.5,805,830,1984-04-20T10:06/1984-04-20T10:36,1984,New Zealand,Pacífico Sur,HUMAN_OBSERVATION,2a636fd6-dc73-49c0-9e5b-26bd05532313,MBIS research trawl surveys,10.15468/ti5yah,Earth Sciences New Zealand (ESNZ),NIWA,CC-BY,http://creativecommons.org/licenses/by/4.0/legalcode,98604,,si
GBIF,1427024649,"Graneledone Joubin, 1918",,-44.6867,173.1283,845,830,860,1984-06-10T12:04/1984-06-10T12:34,1984,New Zealand,Pacífico Sur,HUMAN_OBSERVATION,2a636fd6-dc73-49c0-9e5b-26bd05532313,MBIS research trawl surveys,10.15468/ti5yah,Earth Sciences New Zealand (ESNZ),NIWA,CC-BY,http://creativecommons.org/licenses/by/4.0/legalcode,99034,,si
GBIF,1427024711,"Graneledone Joubin, 1918",,-44.9333,173.3233,1167.5,1165,1170,1984-06-11T08:02/1984-06-11T08:32,1984,New Zealand,Pacífico Sur,HUMAN_OBSERVATION,2a636fd6-dc73-49c0-9e5b-26bd05532313,MBIS research trawl surveys,10.15468/ti5yah,Earth Sciences New Zealand (ESNZ),NIWA,CC-BY,http://creativecommons.org/licenses/by/4.0/legalcode,99096,,si
GBIF,1427024751,"Graneledone Joubin, 1918",,-44.63,173.4267,781,772,790,1984-06-11T15:58/1984-06-11T16:28,1984,New Zealand,Pacífico Sur,HUMAN_OBSERVATION,2a636fd6-dc73-49c0-9e5b-26bd05532313,MBIS research trawl surveys,10.15468/ti5yah,Earth Sciences New Zealand (ESNZ),NIWA,CC-BY,http://creativecommons.org/licenses/by/4.0/legalcode,99136,,si
GBIF,1427024803,"Graneledone Joubin, 1918",,-44.645,173.3567,795,785,805,1984-06-12T10:47/1984-06-12T11:17,1984,New Zealand,Pacífico Sur,HUMAN_OBSERVATION,2a636fd6-dc73-49c0-9e5b-26bd05532313,MBIS research trawl surveys,10.15468/ti5yah,Earth Sciences New Zealand (ESNZ),NIWA,CC-BY,http://creativecommons.org/licenses/by/4.0/legalcode,99187,,si
GBIF,1427024906,"Graneledone Joubin, 1918",,-44.585,174.0483,880,870,890,1984-06-15T16:27/1984-06-15T16:58,1984,New Zealand,Pacífico Sur,HUMAN_OBSERVATION,2a636fd6-dc73-49c0-9e5b-26bd05532313,MBIS research trawl surveys,10.15468/ti5yah,Earth Sciences New Zealand (ESNZ),NIWA,CC-BY,http://creativecommons.org/licenses/by/4.0/legalcode,99320,,si
GBIF,609341251,"Graneledone pacifica G.L.Voss & Pearcy, 1990",Graneledone pacifica,36.251667,-122.425,1601,1580,1622,1984-07-26,1984,United States of America,Pacífico Norte,PRESERVED_SPECIMEN,44bcde48-ac71-46f2-bf73-24fc3c008b6c,CAS Invertebrate Zoology (IZ),10.15468/tiac99,California Academy of Sciences,CAS,CC0,http://creativecommons.org/publicdomain/zero/1.0/legalcode,urn:catalog:CAS:IZ:84665,,si
GBIF,1426960788,"Graneledone Joubin, 1918",,-42.845,-176.0967,1007,1005,1009,1984-07-23T15:12/1984-07-23T15:51,1984,New Zealand,Pacífico Sur,HUMAN_OBSERVATION,2a636fd6-dc73-49c0-9e5b-26bd05532313,MBIS research trawl surveys,10.15468/ti5yah,Earth Sciences New Zealand (ESNZ),NIWA,CC-BY,http://creativecommons.org/licenses/by/4.0/legalcode,35204,,si
GBIF,1426961528,"Graneledone Joubin, 1918",,-42.7483,-176.5733,,,,1984-07-14T21:11/1984-07-14T21:57,1984,New Zealand,Pacífico Sur,HUMAN_OBSERVATION,2a636fd6-dc73-49c0-9e5b-26bd05532313,MBIS research trawl surveys,10.15468/ti5yah,Earth Sciences New Zealand (ESNZ),NIWA,CC-BY,http://creativecommons.org/licenses/by/4.0/legalcode,35953,sin_profundidad,si
GBIF,1426961548,"Graneledone Joubin, 1918",,-42.8,-176.605,1010,1000,1020,1984-07-14T18:58/1984-07-14T19:38,1984,New Zealand,Pacífico Sur,HUMAN_OBSERVATION,2a636fd6-dc73-49c0-9e5b-26bd05532313,MBIS research trawl surveys,10.15468/ti5yah,Earth Sciences New Zealand (ESNZ),NIWA,CC-BY,http://creativecommons.org/licenses/by/4.0/legalcode,35936,,si
GBIF,1426962198,"Graneledone Joubin, 1918",,-42.9133,-175.3883,960,960,960,1984-07-19T14:15/1984-07-19T15:15,1984,New Zealand,Pacífico Sur,HUMAN_OBSERVATION,2a636fd6-dc73-49c0-9e5b-26bd05532313,MBIS research trawl surveys,10.15468/ti5yah,Earth Sciences New Zealand (ESNZ),NIWA,CC-BY,http://creativecommons.org/licenses/by/4.0/legalcode,36631,,si
GBIF,1426962506,"Graneledone Joubin, 1918",,-43.0883,-175.0767,885,880,890,1984-07-21T01:32/1984-07-21T02:34,1984,New Zealand,Pacífico Sur,HUMAN_OBSERVATION,2a636fd6-dc73-49c0-9e5b-26bd05532313,MBIS research trawl surveys,10.15468/ti5yah,Earth Sciences New Zealand (ESNZ),NIWA,CC-BY,http://creativecommons.org/licenses/by/4.0/legalcode,36940,,si
GBIF,1426962818,"Graneledone Joubin, 1918",,-42.8433,-175.4517,1055,1045,1065,1984-07-22T07:07/1984-07-22T08:05,1984,New Zealand,Pacífico Sur,HUMAN_OBSERVATION,2a636fd6-dc73-49c0-9e5b-26bd05532313,MBIS research trawl surveys,10.15468/ti5yah,Earth Sciences New Zealand (ESNZ),NIWA,CC-BY,http://creativecommons.org/licenses/by/4.0/legalcode,37217,,si
GBIF,1427025839,"Graneledone Joubin, 1918",,-44.75,173.555,944,938,950,1984-08-25T07:58/1984-08-25T08:28,1984,New Zealand,Pacífico Sur,HUMAN_OBSERVATION,2a636fd6-dc73-49c0-9e5b-26bd05532313,MBIS research trawl surveys,10.15468/ti5yah,Earth Sciences New Zealand (ESNZ),NIWA,CC-BY,http://creativecommons.org/licenses/by/4.0/legalcode,100270,,si
GBIF,1427025915,"Graneledone Joubin, 1918",,-44.67,173.5517,841,833,849,1984-08-25T10:50/1984-08-25T11:20,1984,New Zealand,Pacífico Sur,HUMAN_OBSERVATION,2a636fd6-dc73-49c0-9e5b-26bd05532313,MBIS research trawl surveys,10.15468/ti5yah,Earth Sciences New Zealand (ESNZ),NIWA,CC-BY,http://creativecommons.org/licenses/by/4.0/legalcode,100297,,si
GBIF,1427026007,"Graneledone Joubin, 1918",,-44.7983,174.0983,852.5,845,860,1984-08-27T10:34/1984-08-27T11:04,1984,New Zealand,Pacífico Sur,HUMAN_OBSERVATION,2a636fd6-dc73-49c0-9e5b-26bd05532313,MBIS research trawl surveys,10.15468/ti5yah,Earth Sciences New Zealand (ESNZ),NIWA,CC-BY,http://creativecommons.org/licenses/by/4.0/legalcode,100482,,si
GBIF,1427026070,"Graneledone Joubin, 1918",,-44.8883,174.0183,1057,1042,1072,1984-08-27T07:52/1984-08-27T08:22,1984,New Zealand,Pacífico Sur,HUMAN_OBSERVATION,2a636fd6-dc73-49c0-9e5b-26bd05532313,MBIS research trawl surveys,10.15468/ti5yah,Earth Sciences New Zealand (ESNZ),NIWA,CC-BY,http://creativecommons.org/licenses/by/4.0/legalcode,100457,,si
GBIF,1427027142,"Graneledone Joubin, 1918",,-44.6767,173.3733,864,852,876,1984-10-05T10:28/1984-10-05T10:58,1984,New Zealand,Pacífico Sur,HUMAN_OBSERVATION,2a636fd6-dc73-49c0-9e5b-26bd05532313,MBIS research trawl surveys,10.15468/ti5yah,Earth Sciences New Zealand (ESNZ),NIWA,CC-BY,http://creativecommons.org/licenses/by/4.0/legalcode,101593,,si
GBIF,1427027317,"Graneledone Joubin, 1918",,-41.38,176.1483,1005.5,924,1087,1984-10-16T08:35/1984-10-16T09:35,1984,New Zealand,Pacífico Sur,HUMAN_OBSERVATION,2a636fd6-dc73-49c0-9e5b-26bd05532313,MBIS research trawl surveys,10.15468/ti5yah,Earth Sciences New Zealand (ESNZ),NIWA,CC-BY,http://creativecommons.org/licenses/by/4.0/legalcode,101716,,si
GBIF,1272581614,"Graneledone antarctica G.L.Voss, 1976",Graneledone antarctica,-68.575,77.35,442,442,442,1984-11-16,1984,Antarctica,Océano Austral,PRESERVED_SPECIMEN,39905320-6c8a-11de-8226-b8a03c50a862,Museums Victoria provider for OZCAM,10.15468/lp1ctu,Museums Victoria,NMV,CC0,http://creativecommons.org/publicdomain/zero/1.0/legalcode,abb83f83-5505-45a5-a89b-d1e0594c6ea1,,si
GBIF,2416947304,"Graneledone boreopacifica Nesis, 1982",Graneledone boreopacifica,36.505,-121.8986,1400,1400,1400,1984-11,1984,United States of America,Pacífico Norte,PRESERVED_SPECIMEN,a267b6a7-91f9-457c-889a-481e7aa920b6,SIO Benthic Invertebrate Collection,10.15468/4w9oc7,Scripps Institution of Oceanography,SIO,CC0,http://creativecommons.org/publicdomain/zero/1.0/legalcode,urn:catalog:SIO:BIC:M11717,,si
GBIF,6045585470,"Graneledone Joubin, 1918",,-44.8067,173.973,905.5,890,921,1983-11-30,1983,New Zealand,Pacífico Sur,PRESERVED_SPECIMEN,ff2ed94e-45ee-4dde-8e1f-0a4798f61a12,Mollusc collection at Museum of New Zealand Te Papa Tongarewa,10.15468/msce6x,Museum of New Zealand Te Papa Tongarewa,NMNZ,CC-BY,http://creativecommons.org/licenses/by/4.0/legalcode,tepapa:collection/object/792287,,si
GBIF,6045768917,"Graneledone kubodera O'Shea, 1999",Graneledone kubodera,-48.78,169.25,745.5,734,757,1982-03-21,1982,New Zealand,Pacífico Sur,PRESERVED_SPECIMEN,ff2ed94e-45ee-4dde-8e1f-0a4798f61a12,Mollusc collection at Museum of New Zealand Te Papa Tongarewa,10.15468/msce6x,Museum of New Zealand Te Papa Tongarewa,NMNZ,CC-BY,http://creativecommons.org/licenses/by/4.0/legalcode,tepapa:collection/object/743234,,si
GBIF,1427117395,"Graneledone Joubin, 1918",,-42.8417,178.4217,,,,1982-08-24T07:10/1982-08-24T07:55,1982,New Zealand,Pacífico Sur,HUMAN_OBSERVATION,2a636fd6-dc73-49c0-9e5b-26bd05532313,MBIS research trawl surveys,10.15468/ti5yah,Earth Sciences New Zealand (ESNZ),NIWA,CC-BY,http://creativecommons.org/licenses/by/4.0/legalcode,191806,sin_profundidad,si
GBIF,1427117528,"Graneledone Joubin, 1918",,-42.7083,177.975,,,,1982-08-24T21:30/1982-08-24T22:15,1982,New Zealand,Pacífico Sur,HUMAN_OBSERVATION,2a636fd6-dc73-49c0-9e5b-26bd05532313,MBIS research trawl surveys,10.15468/ti5yah,Earth Sciences New Zealand (ESNZ),NIWA,CC-BY,http://creativecommons.org/licenses/by/4.0/legalcode,191944,sin_profundidad,si
GBIF,1427117756,"Graneledone Joubin, 1918",,-42.6833,177.4583,1065,1060,1070,1982-08-25T20:45/1982-08-25T21:30,1982,New Zealand,Pacífico Sur,HUMAN_OBSERVATION,2a636fd6-dc73-49c0-9e5b-26bd05532313,MBIS research trawl surveys,10.15468/ti5yah,Earth Sciences New Zealand (ESNZ),NIWA,CC-BY,http://creativecommons.org/licenses/by/4.0/legalcode,192167,,si
GBIF,1427117827,"Graneledone Joubin, 1918",,-42.745,177.1233,895,890,900,1982-08-26T04:00/1982-08-26T04:45,1982,New Zealand,Pacífico Sur,HUMAN_OBSERVATION,2a636fd6-dc73-49c0-9e5b-26bd05532313,MBIS research trawl surveys,10.15468/ti5yah,Earth Sciences New Zealand (ESNZ),NIWA,CC-BY,http://creativecommons.org/licenses/by/4.0/legalcode,192270,,si
GBIF,1427117875,"Graneledone Joubin, 1918",,-42.6817,177.195,1077.5,1075,1080,1982-08-26T11:10/1982-08-26T11:55,1982,New Zealand,Pacífico Sur,HUMAN_OBSERVATION,2a636fd6-dc73-49c0-9e5b-26bd05532313,MBIS research trawl surveys,10.15468/ti5yah,Earth Sciences New Zealand (ESNZ),NIWA,CC-BY,http://creativecommons.org/licenses/by/4.0/legalcode,192330,,si
GBIF,1427117884,"Graneledone Joubin, 1918",,-42.675,177.0583,1012.5,1010,1015,1982-08-26T06:25/1982-08-26T07:10,1982,New Zealand,Pacífico Sur,HUMAN_OBSERVATION,2a636fd6-dc73-49c0-9e5b-26bd05532313,MBIS research trawl surveys,10.15468/ti5yah,Earth Sciences New Zealand (ESNZ),NIWA,CC-BY,http://creativecommons.org/licenses/by/4.0/legalcode,192292,,si
GBIF,1427118294,"Graneledone Joubin, 1918",,-42.6233,176.3167,1067.5,1065,1070,1982-08-28T00:40/1982-08-28T01:25,1982,New Zealand,Pacífico Sur,HUMAN_OBSERVATION,2a636fd6-dc73-49c0-9e5b-26bd05532313,MBIS research trawl surveys,10.15468/ti5yah,Earth Sciences New Zealand (ESNZ),NIWA,CC-BY,http://creativecommons.org/licenses/by/4.0/legalcode,192724,,si
GBIF,1427118406,"Graneledone Joubin, 1918",,-42.6517,175.7683,1142.5,1140,1145,1982-08-28T14:20/1982-08-28T15:05,1982,New Zealand,Pacífico Sur,HUMAN_OBSERVATION,2a636fd6-dc73-49c0-9e5b-26bd05532313,MBIS research trawl surveys,10.15468/ti5yah,Earth Sciences New Zealand (ESNZ),NIWA,CC-BY,http://creativecommons.org/licenses/by/4.0/legalcode,192846,,si
GBIF,1427118475,"Graneledone Joubin, 1918",,-42.725,175.8083,961,960,962,1982-08-28T19:00/1982-08-28T19:45,1982,New Zealand,Pacífico Sur,HUMAN_OBSERVATION,2a636fd6-dc73-49c0-9e5b-26bd05532313,MBIS research trawl surveys,10.15468/ti5yah,Earth Sciences New Zealand (ESNZ),NIWA,CC-BY,http://creativecommons.org/licenses/by/4.0/legalcode,192888,,si
GBIF,1427118496,"Graneledone Joubin, 1918",,-42.705,175.67,1042.5,1040,1045,1982-08-28T21:30/1982-08-28T22:15,1982,New Zealand,Pacífico Sur,HUMAN_OBSERVATION,2a636fd6-dc73-49c0-9e5b-26bd05532313,MBIS research trawl surveys,10.15468/ti5yah,Earth Sciences New Zealand (ESNZ),NIWA,CC-BY,http://creativecommons.org/licenses/by/4.0/legalcode,192911,,si
GBIF,1427118514,"Graneledone Joubin, 1918",,-42.7633,175.3917,945,940,950,1982-08-29T02:35/1982-08-29T03:20,1982,New Zealand,Pacífico Sur,HUMAN_OBSERVATION,2a636fd6-dc73-49c0-9e5b-26bd05532313,MBIS research trawl surveys,10.15468/ti5yah,Earth Sciences New Zealand (ESNZ),NIWA,CC-BY,http://creativecommons.org/licenses/by/4.0/legalcode,192957,,si
GBIF,1427119922,"Graneledone Joubin, 1918",,-42.8367,179.7567,,,,1982-08-22T12:30/1982-08-22T13:15,1982,New Zealand,Pacífico Sur,HUMAN_OBSERVATION,2a636fd6-dc73-49c0-9e5b-26bd05532313,MBIS research trawl surveys,10.15468/ti5yah,Earth Sciences New Zealand (ESNZ),NIWA,CC-BY,http://creativecommons.org/licenses/by/4.0/legalcode,194334,sin_profundidad,si
GBIF,6045778883,"Graneledone taniwha O'Shea, 1999",Graneledone taniwha,-44.6917,173.643,928,870,986,1982-11-29,1982,New Zealand,Pacífico Sur,PRESERVED_SPECIMEN,ff2ed94e-45ee-4dde-8e1f-0a4798f61a12,Mollusc collection at Museum of New Zealand Te Papa Tongarewa,10.15468/msce6x,Museum of New Zealand Te Papa Tongarewa,NMNZ,CC-BY,http://creativecommons.org/licenses/by/4.0/legalcode,tepapa:collection/object/743233,,si
GBIF,1427012218,"Graneledone Joubin, 1918",,-42.7175,176.89,871.5,861,882,1981-01-09T07:08/1981-01-09T07:55,1981,New Zealand,Pacífico Sur,HUMAN_OBSERVATION,2a636fd6-dc73-49c0-9e5b-26bd05532313,MBIS research trawl surveys,10.15468/ti5yah,Earth Sciences New Zealand (ESNZ),NIWA,CC-BY,http://creativecommons.org/licenses/by/4.0/legalcode,86607,,si
GBIF,4055552948,"Graneledone verrucosa (A.E.Verrill, 1881)",Graneledone verrucosa,65.366667,-32.616667,,,,1981-02-25,1981,Greenland,Atlántico Norte,PRESERVED_SPECIMEN,58fc397b-eee4-4138-8a5f-50f9dfb00216,Natural History Museum Denmark Invertebrate Zoology,10.15468/wodhis,Natural History Museum of Denmark,NHMD,CC-BY,http://creativecommons.org/licenses/by/4.0/legalcode,e6019f7f-7375-4a14-be46-ab1168576b9a,sin_profundidad,si
GBIF,1989790030,"Graneledone verrucosa (A.E.Verrill, 1881)",Graneledone verrucosa,50.945,-13.193333,2122.5,2095,2150,1980-08-07,1980,Ireland,Atlántico Norte,PRESERVED_SPECIMEN,7e380070-f762-11e1-a439-00145eb45e9a,Natural History Museum (London) Collection Specimens,10.5519/qd.142qc9it,Natural History Museum,NHMUK,CC0,http://creativecommons.org/publicdomain/zero/1.0/legalcode,edd7c7c8-adea-479d-8884-484425faad25,,si
GBIF,6045740638,"Graneledone Joubin, 1918",,-42.0133,174.683,979,939,1019,1979-01-14,1979,New Zealand,Pacífico Sur,PRESERVED_SPECIMEN,ff2ed94e-45ee-4dde-8e1f-0a4798f61a12,Mollusc collection at Museum of New Zealand Te Papa Tongarewa,10.15468/msce6x,Museum of New Zealand Te Papa Tongarewa,NMNZ,CC-BY,http://creativecommons.org/licenses/by/4.0/legalcode,tepapa:collection/object/956055,,si
GBIF,4081112705,"Graneledone taniwha O'Shea, 1999",Graneledone taniwha,-48.3333,178.5,726,726,726,1979-03-19,1979,New Zealand,Pacífico Sur,PRESERVED_SPECIMEN,4d0b1b2a-3209-49ce-bb93-7503e4868019,Earth Sciences New Zealand National Invertebrate Collection (NIC),10.15468/6qgswo,Earth Sciences New Zealand (ESNZ),Earth Sciences New Zealand,CC-BY,http://creativecommons.org/licenses/by/4.0/legalcode,6137eddc-fa36-11e2-96b3-aa6f927c92a3,,si
GBIF,6045712426,"Graneledone taniwha O'Shea, 1999",Graneledone taniwha,-44.35,-179.812,770,688,852,1979-05-27,1979,New Zealand,Pacífico Sur,PRESERVED_SPECIMEN,ff2ed94e-45ee-4dde-8e1f-0a4798f61a12,Mollusc collection at Museum of New Zealand Te Papa Tongarewa,10.15468/msce6x,Museum of New Zealand Te Papa Tongarewa,NMNZ,CC-BY,http://creativecommons.org/licenses/by/4.0/legalcode,tepapa:collection/object/757589,,si
GBIF,1989790017,"Graneledone verrucosa (A.E.Verrill, 1881)",Graneledone verrucosa,51.088333,-13.075,1934.5,1924,1945,1979-06-03,1979,Ireland,Atlántico Norte,PRESERVED_SPECIMEN,7e380070-f762-11e1-a439-00145eb45e9a,Natural History Museum (London) Collection Specimens,10.5519/qd.142qc9it,Natural History Museum,NHMUK,CC0,http://creativecommons.org/publicdomain/zero/1.0/legalcode,aa097a9d-2624-4c74-8e33-67982ef467f3,,si
GBIF,1989790007,"Graneledone verrucosa (A.E.Verrill, 1881)",Graneledone verrucosa,51.113333,-13.278333,1872.5,1815,1930,1979-07-02,1979,Ireland,Atlántico Norte,PRESERVED_SPECIMEN,7e380070-f762-11e1-a439-00145eb45e9a,Natural History Museum (London) Collection Specimens,10.5519/qd.142qc9it,Natural History Museum,NHMUK,CC0,http://creativecommons.org/publicdomain/zero/1.0/legalcode,038af84b-6da4-433b-859f-1b3cd1b6df7f,,si
GBIF,4081144735,"Graneledone challengeri (S.S.Berry, 1916)",Graneledone challengeri,-45.3517,173.5967,1386,1386,1386,1979-10-27,1979,New Zealand,Pacífico Sur,PRESERVED_SPECIMEN,4d0b1b2a-3209-49ce-bb93-7503e4868019,Earth Sciences New Zealand National Invertebrate Collection (NIC),10.15468/6qgswo,Earth Sciences New Zealand (ESNZ),Earth Sciences New Zealand,CC-BY,http://creativecommons.org/licenses/by/4.0/legalcode,61383fb2-fa36-11e2-96b3-aa6f927c92a3,,si
GBIF,6045589204,"Graneledone taniwha O'Shea, 1999",Graneledone taniwha,-50.1167,168.185,539,539,539,1979-12-11,1979,New Zealand,Pacífico Sur,PRESERVED_SPECIMEN,ff2ed94e-45ee-4dde-8e1f-0a4798f61a12,Mollusc collection at Museum of New Zealand Te Papa Tongarewa,10.15468/msce6x,Museum of New Zealand Te Papa Tongarewa,NMNZ,CC-BY,http://creativecommons.org/licenses/by/4.0/legalcode,tepapa:collection/object/956292,,si
GBIF,4055556067,"Graneledone verrucosa (A.E.Verrill, 1881)",Graneledone verrucosa,63.8,-27,,,,1978-03-10,1978,Iceland,Atlántico Norte,PRESERVED_SPECIMEN,58fc397b-eee4-4138-8a5f-50f9dfb00216,Natural History Museum Denmark Invertebrate Zoology,10.15468/wodhis,Natural History Museum of Denmark,NHMD,CC-BY,http://creativecommons.org/licenses/by/4.0/legalcode,011b9895-2b12-48e3-a391-b98560b34bd6,sin_profundidad,si
GBIF,6045678831,"Graneledone kubodera O'Shea, 1999",Graneledone kubodera,-48.43,179.83,556,556,556,1977-01-10,1977,New Zealand,Pacífico Sur,PRESERVED_SPECIMEN,ff2ed94e-45ee-4dde-8e1f-0a4798f61a12,Mollusc collection at Museum of New Zealand Te Papa Tongarewa,10.15468/msce6x,Museum of New Zealand Te Papa Tongarewa,NMNZ,CC-BY,http://creativecommons.org/licenses/by/4.0/legalcode,tepapa:collection/object/742268,,si
GBIF,5276538670,"Graneledone Joubin, 1918",,-33.533333,152.575,,,,1977-12-14,1977,Australia,Pacífico Sur,PRESERVED_SPECIMEN,dce8feb0-6c89-11de-8225-b8a03c50a862,Australian Museum provider for OZCAM,10.15468/e7susi,Australian Museum,AM,CC-BY,http://creativecommons.org/licenses/by/4.0/legalcode,0efb5606-c8fd-4b72-a07b-775171338edc,sin_profundidad,si
GBIF,6045642946,"Graneledone kubodera O'Shea, 1999",Graneledone kubodera,-48.47,179.83,573.5,565,582,1976-05-26,1976,New Zealand,Pacífico Sur,PRESERVED_SPECIMEN,ff2ed94e-45ee-4dde-8e1f-0a4798f61a12,Mollusc collection at Museum of New Zealand Te Papa Tongarewa,10.15468/msce6x,Museum of New Zealand Te Papa Tongarewa,NMNZ,CC-BY,http://creativecommons.org/licenses/by/4.0/legalcode,tepapa:collection/object/757599,,si
GBIF,609338250,"Graneledone pacifica G.L.Voss & Pearcy, 1990",Graneledone pacifica,38.306207,-123.57878,1170.4299999999998,1097.28,1243.58,1976-12-27,1976,United States of America,Pacífico Norte,PRESERVED_SPECIMEN,44bcde48-ac71-46f2-bf73-24fc3c008b6c,CAS Invertebrate Zoology (IZ),10.15468/tiac99,California Academy of Sciences,CAS,CC0,http://creativecommons.org/publicdomain/zero/1.0/legalcode,urn:catalog:CAS:IZ:3318,,si
GBIF,6045792040,"Graneledone Joubin, 1918",,-42.8217,178.82,1071,1071,1071,1976-12-05,1976,New Zealand,Pacífico Sur,PRESERVED_SPECIMEN,ff2ed94e-45ee-4dde-8e1f-0a4798f61a12,Mollusc collection at Museum of New Zealand Te Papa Tongarewa,10.15468/msce6x,Museum of New Zealand Te Papa Tongarewa,NMNZ,CC-BY,http://creativecommons.org/licenses/by/4.0/legalcode,tepapa:collection/object/773748,,si
GBIF,1317728609,"Graneledone verrucosa (A.E.Verrill, 1881)",Graneledone verrucosa,39.7483,-70.72,1926,1885,1967,1975-07-10,1975,United States of America,Atlántico Norte,PRESERVED_SPECIMEN,821cc27a-e3bb-4bc5-ac34-89ada245069d,NMNH Extant Biology,10.15468/hnhrg3,"National Museum of Natural History, Smithsonian Institution",USNM,CC0,http://creativecommons.org/publicdomain/zero/1.0/legalcode,http://n2t.net/ark:/65665/317435bc6-e66f-406c-a5b0-3e0e8da525c7,,si
GBIF,1318540404,"Graneledone verrucosa (A.E.Verrill, 1881)",Graneledone verrucosa,39.7367,-70.4767,1871,1830,1912,1975-07-08,1975,United States of America,Atlántico Norte,PRESERVED_SPECIMEN,821cc27a-e3bb-4bc5-ac34-89ada245069d,NMNH Extant Biology,10.15468/hnhrg3,"National Museum of Natural History, Smithsonian Institution",USNM,CC0,http://creativecommons.org/publicdomain/zero/1.0/legalcode,http://n2t.net/ark:/65665/33b2bb1af-4987-4099-9a57-b07ba93d75af,,si
GBIF,1318967513,"Graneledone verrucosa (A.E.Verrill, 1881)",Graneledone verrucosa,39.93,-70.82,942,823,1061,1975-07-09,1975,United States of America,Atlántico Norte,PRESERVED_SPECIMEN,821cc27a-e3bb-4bc5-ac34-89ada245069d,NMNH Extant Biology,10.15468/hnhrg3,"National Museum of Natural History, Smithsonian Institution",USNM,CC0,http://creativecommons.org/publicdomain/zero/1.0/legalcode,http://n2t.net/ark:/65665/34e12f288-7516-40cf-8de5-6487f500c180,,si
GBIF,4104109550,"Graneledone verrucosa (A.E.Verrill, 1881)",Graneledone verrucosa,19.416667,-66.166667,7699,7515,7883,1975-07-14,1975,Puerto Rico,Atlántico Norte,PRESERVED_SPECIMEN,0f6d26c0-c645-4f15-b1c9-fbcb77515545,"University of Miami, Voss Marine Invertebrate Collections",10.15468/qmckjq,"Rosenstiel School, University of Miami Voss Marine Invertebrate Collection",UM-RSMAS,CC-BY,http://creativecommons.org/licenses/by/4.0/legalcode,9a367ae8-805c-4f42-9560-20f7d7108fd7,,si
GBIF,609356672,"Graneledone pacifica G.L.Voss & Pearcy, 1990",Graneledone pacifica,36.678333,-122.293333,1341.5,1336,1347,1975-11-19,1975,United States of America,Pacífico Norte,PRESERVED_SPECIMEN,44bcde48-ac71-46f2-bf73-24fc3c008b6c,CAS Invertebrate Zoology (IZ),10.15468/tiac99,California Academy of Sciences,CAS,CC0,http://creativecommons.org/publicdomain/zero/1.0/legalcode,urn:catalog:CAS:IZ:31500,,si
GBIF,609356682,"Graneledone pacifica G.L.Voss & Pearcy, 1990",Graneledone pacifica,36.471667,-122.29,1396.5,1384,1409,1975-11-21,1975,United States of America,Pacífico Norte,PRESERVED_SPECIMEN,44bcde48-ac71-46f2-bf73-24fc3c008b6c,CAS Invertebrate Zoology (IZ),10.15468/tiac99,California Academy of Sciences,CAS,CC0,http://creativecommons.org/publicdomain/zero/1.0/legalcode,urn:catalog:CAS:IZ:31474,,si
GBIF,609356708,"Graneledone Joubin, 1918",,36.471667,-122.29,1396.5,1384,1409,1975-11-21,1975,United States of America,Pacífico Norte,PRESERVED_SPECIMEN,44bcde48-ac71-46f2-bf73-24fc3c008b6c,CAS Invertebrate Zoology (IZ),10.15468/tiac99,California Academy of Sciences,CAS,CC0,http://creativecommons.org/publicdomain/zero/1.0/legalcode,urn:catalog:CAS:IZ:84666,,si
GBIF,6045587485,"Graneledone kubodera O'Shea, 1999",Graneledone kubodera,-48.075,178.842,524.5,502,547,1975-11-17,1975,New Zealand,Pacífico Sur,PRESERVED_SPECIMEN,ff2ed94e-45ee-4dde-8e1f-0a4798f61a12,Mollusc collection at Museum of New Zealand Te Papa Tongarewa,10.15468/msce6x,Museum of New Zealand Te Papa Tongarewa,NMNZ,CC-BY,http://creativecommons.org/licenses/by/4.0/legalcode,tepapa:collection/object/757600,,si
GBIF,2397762720,"Graneledone verrucosa (A.E.Verrill, 1881)",Graneledone verrucosa,36.9669,-74.18,2200,2200,2200,1974-04-19,1974,United States of America,Atlántico Norte,PRESERVED_SPECIMEN,821cc27a-e3bb-4bc5-ac34-89ada245069d,NMNH Extant Biology,10.15468/hnhrg3,"National Museum of Natural History, Smithsonian Institution",USNM,CC0,http://creativecommons.org/publicdomain/zero/1.0/legalcode,http://n2t.net/ark:/65665/37ad2c3ac-f23a-4f44-bf9c-44c3af33b0f0,,si
GBIF,1989788675,"Graneledone Joubin, 1918",,42.2517,-11.5867,2373,2281,2465,1974-05-07,1974,Spain,Atlántico Norte,PRESERVED_SPECIMEN,7e380070-f762-11e1-a439-00145eb45e9a,Natural History Museum (London) Collection Specimens,10.5519/qd.142qc9it,Natural History Museum,NHMUK,CC0,http://creativecommons.org/publicdomain/zero/1.0/legalcode,e9fc8cb7-f646-44d1-b43d-fea2cdb24c4a,,si
GBIF,1989788955,"Graneledone Joubin, 1918",,42.2517,-11.5867,2373,2281,2465,1974-05-07,1974,Spain,Atlántico Norte,PRESERVED_SPECIMEN,7e380070-f762-11e1-a439-00145eb45e9a,Natural History Museum (London) Collection Specimens,10.5519/qd.142qc9it,Natural History Museum,NHMUK,CC0,http://creativecommons.org/publicdomain/zero/1.0/legalcode,0dde1ab7-ca40-4d75-9d6c-7650dc0fd24c,,si
GBIF,1989789899,"Graneledone challengeri (S.S.Berry, 1916)",Graneledone challengeri,42.308333,-11.443333,1878,1872,1884,1974-05-06,1974,Spain,Atlántico Norte,PRESERVED_SPECIMEN,7e380070-f762-11e1-a439-00145eb45e9a,Natural History Museum (London) Collection Specimens,10.5519/qd.142qc9it,Natural History Museum,NHMUK,CC0,http://creativecommons.org/publicdomain/zero/1.0/legalcode,6af6b58b-4d1d-4390-a674-1d4f3aa452a1,,si
GBIF,5008567662,"Graneledone verrucosa (A.E.Verrill, 1881)",Graneledone verrucosa,62.816667,-60.333333,,,,1974-07-26,1974,Canada,Atlántico Norte,PRESERVED_SPECIMEN,58fc397b-eee4-4138-8a5f-50f9dfb00216,Natural History Museum Denmark Invertebrate Zoology,10.15468/wodhis,Natural History Museum of Denmark,NHMD,CC-BY,http://creativecommons.org/licenses/by/4.0/legalcode,a0615713-4038-47b6-8a1c-54610076f734,sin_profundidad,si
GBIF,1319530438,"Graneledone verrucosa (A.E.Verrill, 1881)",Graneledone verrucosa,35.28,-71.97,1730,1500,1960,1973-02-25,1973,United States of America,Atlántico Norte,PRESERVED_SPECIMEN,821cc27a-e3bb-4bc5-ac34-89ada245069d,NMNH Extant Biology,10.15468/hnhrg3,"National Museum of Natural History, Smithsonian Institution",USNM,CC0,http://creativecommons.org/publicdomain/zero/1.0/legalcode,http://n2t.net/ark:/65665/366f68854-ca5e-4391-9531-aec6c093eff6,,si
GBIF,1322637446,"Graneledone verrucosa (A.E.Verrill, 1881)",Graneledone verrucosa,39.2017,-71.8583,1395.5,1328,1463,1973-02-28,1973,United States of America,Atlántico Norte,PRESERVED_SPECIMEN,821cc27a-e3bb-4bc5-ac34-89ada245069d,NMNH Extant Biology,10.15468/hnhrg3,"National Museum of Natural History, Smithsonian Institution",USNM,CC0,http://creativecommons.org/publicdomain/zero/1.0/legalcode,http://n2t.net/ark:/65665/3f06dc4f0-a3b2-4c67-8cdb-caf237fbb549,,si
GBIF,1321879671,"Graneledone verrucosa (A.E.Verrill, 1881)",Graneledone verrucosa,39.7117,-71.1917,1691,1645,1737,1973-11-19,1973,United States of America,Atlántico Norte,PRESERVED_SPECIMEN,821cc27a-e3bb-4bc5-ac34-89ada245069d,NMNH Extant Biology,10.15468/hnhrg3,"National Museum of Natural History, Smithsonian Institution",USNM,CC0,http://creativecommons.org/publicdomain/zero/1.0/legalcode,http://n2t.net/ark:/65665/3cee4f86b-ea22-45d9-b62e-8992a44eb8cd,,si
GBIF,1322433874,"Graneledone verrucosa (A.E.Verrill, 1881)",Graneledone verrucosa,39.7558,-71.1167,1608.5,1572,1645,1973-11-19,1973,United States of America,Atlántico Norte,PRESERVED_SPECIMEN,821cc27a-e3bb-4bc5-ac34-89ada245069d,NMNH Extant Biology,10.15468/hnhrg3,"National Museum of Natural History, Smithsonian Institution",USNM,CC0,http://creativecommons.org/publicdomain/zero/1.0/legalcode,http://n2t.net/ark:/65665/3e76e5900-85b8-41b8-937c-d1329066c45a,,si
GBIF,1322583622,"Graneledone verrucosa verrucosa (A.E.Verrill, 1881)",Graneledone verrucosa,39.87,-70.5067,762.5,750,775,1972-08-16,1972,United States of America,Atlántico Norte,PRESERVED_SPECIMEN,821cc27a-e3bb-4bc5-ac34-89ada245069d,NMNH Extant Biology,10.15468/hnhrg3,"National Museum of Natural History, Smithsonian Institution",USNM,CC0,http://creativecommons.org/publicdomain/zero/1.0/legalcode,http://n2t.net/ark:/65665/3ee088df6-7ccc-43f4-822f-4871a48ab5d7,,si
GBIF,2397763992,"Graneledone verrucosa (A.E.Verrill, 1881)",Graneledone verrucosa,34.2333,-75.7083,1450,1450,1450,1971-04-17,1971,United States of America,Atlántico Norte,PRESERVED_SPECIMEN,821cc27a-e3bb-4bc5-ac34-89ada245069d,NMNH Extant Biology,10.15468/hnhrg3,"National Museum of Natural History, Smithsonian Institution",USNM,CC0,http://creativecommons.org/publicdomain/zero/1.0/legalcode,http://n2t.net/ark:/65665/37dbe49aa-cd5a-42ba-abea-6c60cc935051,,si
GBIF,2416968661,"Graneledone boreopacifica Nesis, 1982",Graneledone boreopacifica,32.46667,-118.1333,1829,1792,1866,1971-09-16,1971,United States of America,Pacífico Norte,PRESERVED_SPECIMEN,a267b6a7-91f9-457c-889a-481e7aa920b6,SIO Benthic Invertebrate Collection,10.15468/4w9oc7,Scripps Institution of Oceanography,SIO,CC0,http://creativecommons.org/publicdomain/zero/1.0/legalcode,urn:catalog:SIO:BIC:M9129,,si
GBIF,1065183815,"Graneledone pacifica G.L.Voss & Pearcy, 1990",Graneledone pacifica,45.96,-125.77,2265,2265,2265,1970-03-20,1970,United States of America,Pacífico Norte,PRESERVED_SPECIMEN,005eb8d8-ed94-41be-89cf-e3115a9058e4,FMNH Invertebrate Zoology,10.15468/6q5vuc,Field Museum,FMNH,CC0,http://creativecommons.org/publicdomain/zero/1.0/legalcode,755b5ce1-b725-4bd8-9817-44510fb3c74d,,si
GBIF,4104096258,"Graneledone pacifica G.L.Voss & Pearcy, 1990",Graneledone pacifica,45.619167,-125.768056,,,,1970-03-19,1970,United States of America,Pacífico Norte,PRESERVED_SPECIMEN,0f6d26c0-c645-4f15-b1c9-fbcb77515545,"University of Miami, Voss Marine Invertebrate Collections",10.15468/qmckjq,"Rosenstiel School, University of Miami Voss Marine Invertebrate Collection",UM-RSMAS,CC-BY,http://creativecommons.org/licenses/by/4.0/legalcode,0c3077ef-fc7b-449b-91c7-97ba3ba5c616,sin_profundidad,si
GBIF,4104096755,"Graneledone pacifica G.L.Voss & Pearcy, 1990",Graneledone pacifica,45.284444,-125.816667,,,,1970-03-18,1970,United States of America,Pacífico Norte,PRESERVED_SPECIMEN,0f6d26c0-c645-4f15-b1c9-fbcb77515545,"University of Miami, Voss Marine Invertebrate Collections",10.15468/qmckjq,"Rosenstiel School, University of Miami Voss Marine Invertebrate Collection",UM-RSMAS,CC-BY,http://creativecommons.org/licenses/by/4.0/legalcode,b4aadfe5-ed53-431a-ae76-f926bc385bc3,sin_profundidad,si
GBIF,1322175944,"Graneledone verrucosa (A.E.Verrill, 1881)",Graneledone verrucosa,39.1533,-72.1917,1280,1280,1280,1969-03-06,1969,United States of America,Atlántico Norte,PRESERVED_SPECIMEN,821cc27a-e3bb-4bc5-ac34-89ada245069d,NMNH Extant Biology,10.15468/hnhrg3,"National Museum of Natural History, Smithsonian Institution",USNM,CC0,http://creativecommons.org/publicdomain/zero/1.0/legalcode,http://n2t.net/ark:/65665/3dc05dcff-040b-4c37-bd5d-a298e6840b95,,si
GBIF,609400829,"Graneledone pacifica G.L.Voss & Pearcy, 1990",Graneledone pacifica,45.816667,-125.566667,2121,2121,2121,1969-06-07,1969,United States of America,Pacífico Norte,PRESERVED_SPECIMEN,44bcde48-ac71-46f2-bf73-24fc3c008b6c,CAS Invertebrate Zoology (IZ),10.15468/tiac99,California Academy of Sciences,CAS,CC0,http://creativecommons.org/publicdomain/zero/1.0/legalcode,urn:catalog:CAS:IZ:61434,,si
GBIF,1321404862,"Graneledone pacifica G.L.Voss & Pearcy, 1990",Graneledone pacifica,44.8667,-125.547,2706,2706,2706,1969-07-16,1969,United States of America,Pacífico Norte,PRESERVED_SPECIMEN,821cc27a-e3bb-4bc5-ac34-89ada245069d,NMNH Extant Biology,10.15468/hnhrg3,"National Museum of Natural History, Smithsonian Institution",USNM,CC0,http://creativecommons.org/publicdomain/zero/1.0/legalcode,http://n2t.net/ark:/65665/3b9dac0f2-da89-4335-ae08-982dd915c8f1,,si
GBIF,4104096251,"Graneledone pacifica G.L.Voss & Pearcy, 1990",Graneledone pacifica,45.866667,-125.535556,,,,1969-07-16,1969,United States of America,Pacífico Norte,PRESERVED_SPECIMEN,0f6d26c0-c645-4f15-b1c9-fbcb77515545,"University of Miami, Voss Marine Invertebrate Collections",10.15468/qmckjq,"Rosenstiel School, University of Miami Voss Marine Invertebrate Collection",UM-RSMAS,CC-BY,http://creativecommons.org/licenses/by/4.0/legalcode,5da783f4-6d8f-4c80-b67f-cf82c1d593b2,sin_profundidad,si
GBIF,1317630911,"Graneledone antarctica G.L.Voss, 1976",Graneledone antarctica,-74.1,-175.025,2350,2350,2350,1968-02-08,1968,Antarctica,Océano Austral,PRESERVED_SPECIMEN,821cc27a-e3bb-4bc5-ac34-89ada245069d,NMNH Extant Biology,10.15468/hnhrg3,"National Museum of Natural History, Smithsonian Institution",USNM,CC0,http://creativecommons.org/publicdomain/zero/1.0/legalcode,http://n2t.net/ark:/65665/312f438aa-bcd0-4f20-bf51-df14ee837f26,,si
GBIF,1321509144,"Graneledone antarctica G.L.Voss, 1976",Graneledone antarctica,-74.1,-175.025,2350,2350,2350,1968-02-08,1968,Antarctica,Océano Austral,PRESERVED_SPECIMEN,821cc27a-e3bb-4bc5-ac34-89ada245069d,NMNH Extant Biology,10.15468/hnhrg3,"National Museum of Natural History, Smithsonian Institution",USNM,CC0,http://creativecommons.org/publicdomain/zero/1.0/legalcode,http://n2t.net/ark:/65665/3be71b21f-3793-4fbf-8e29-4fdd2393d85b,,si
GBIF,609400828,"Graneledone pacifica G.L.Voss & Pearcy, 1990",Graneledone pacifica,45.758333,-125.503333,2176,2176,2176,1967-01-11,1967,United States of America,Pacífico Norte,PRESERVED_SPECIMEN,44bcde48-ac71-46f2-bf73-24fc3c008b6c,CAS Invertebrate Zoology (IZ),10.15468/tiac99,California Academy of Sciences,CAS,CC0,http://creativecommons.org/publicdomain/zero/1.0/legalcode,urn:catalog:CAS:IZ:61433,,si
GBIF,1322791364,"Graneledone macrotyla G.L.Voss, 1976",Graneledone macrotyla,-54.733,-55.558,1845.5,1647,2044,1966-03-14,1966,Falkland Islands (Malvinas),Atlántico Sur,PRESERVED_SPECIMEN,821cc27a-e3bb-4bc5-ac34-89ada245069d,NMNH Extant Biology,10.15468/hnhrg3,"National Museum of Natural History, Smithsonian Institution",USNM,CC0,http://creativecommons.org/publicdomain/zero/1.0/legalcode,http://n2t.net/ark:/65665/3f74405a0-049d-4812-96c6-439f81dc8306,,si
GBIF,4081190684,"Graneledone taniwha O'Shea, 1999",Graneledone taniwha,-46,171.2,914,914,914,1965-10-07,1965,New Zealand,Pacífico Sur,PRESERVED_SPECIMEN,4d0b1b2a-3209-49ce-bb93-7503e4868019,Earth Sciences New Zealand National Invertebrate Collection (NIC),10.15468/6qgswo,Earth Sciences New Zealand (ESNZ),Earth Sciences New Zealand,CC-BY,http://creativecommons.org/licenses/by/4.0/legalcode,6138423c-fa36-11e2-96b3-aa6f927c92a3,,si
GBIF,1039241108,"Graneledone pacifica G.L.Voss & Pearcy, 1990",Graneledone pacifica,45.7167,-125.2167,1920,1920,1920,1964-05-28,1964,United States of America,Pacífico Norte,PRESERVED_SPECIMEN,854e35e6-f762-11e1-a439-00145eb45e9a,"Invertebrate Zoology Division, Yale Peabody Museum",10.15468/0lkr3w,Yale University Peabody Museum,YPM,CC0,http://creativecommons.org/publicdomain/zero/1.0/legalcode,urn:uuid:44da39d2-a5b9-4404-bf06-2911ca389fef,,si
GBIF,1039255265,"Graneledone boreopacifica Nesis, 1982",Graneledone boreopacifica,46.0506,-125.0853,1463,1463,1463,1964-05-30,1964,United States of America,Pacífico Norte,PRESERVED_SPECIMEN,854e35e6-f762-11e1-a439-00145eb45e9a,"Invertebrate Zoology Division, Yale Peabody Museum",10.15468/0lkr3w,Yale University Peabody Museum,YPM,CC0,http://creativecommons.org/publicdomain/zero/1.0/legalcode,urn:uuid:7a741089-5b1f-4453-b192-7aa224ab2ad2,,si
GBIF,1039262920,"Graneledone Joubin, 1918",,45.7167,-125.2167,1920,1920,1920,1964-05-28,1964,United States of America,Pacífico Norte,PRESERVED_SPECIMEN,854e35e6-f762-11e1-a439-00145eb45e9a,"Invertebrate Zoology Division, Yale Peabody Museum",10.15468/0lkr3w,Yale University Peabody Museum,YPM,CC0,http://creativecommons.org/publicdomain/zero/1.0/legalcode,urn:uuid:98183545-2131-4d89-86c6-380dcaf092af,,si
GBIF,1039275719,"Graneledone Joubin, 1918",,45.75,-125.15,1646,1646,1646,1964-05-29,1964,United States of America,Pacífico Norte,PRESERVED_SPECIMEN,854e35e6-f762-11e1-a439-00145eb45e9a,"Invertebrate Zoology Division, Yale Peabody Museum",10.15468/0lkr3w,Yale University Peabody Museum,YPM,CC0,http://creativecommons.org/publicdomain/zero/1.0/legalcode,urn:uuid:c9de9008-d4a8-4953-b254-7d193956c6f2,,si
GBIF,1039280758,"Graneledone boreopacifica Nesis, 1982",Graneledone boreopacifica,45.9172,-125.1356,1554,1554,1554,1964-05-29,1964,United States of America,Pacífico Norte,PRESERVED_SPECIMEN,854e35e6-f762-11e1-a439-00145eb45e9a,"Invertebrate Zoology Division, Yale Peabody Museum",10.15468/0lkr3w,Yale University Peabody Museum,YPM,CC0,http://creativecommons.org/publicdomain/zero/1.0/legalcode,urn:uuid:dd1f3fab-b472-4710-8d52-128fce988ca1,,si
GBIF,1039284234,"Graneledone boreopacifica Nesis, 1982",Graneledone boreopacifica,45.9167,-124.15,1554,1554,1554,1964-05-29,1964,United States of America,Pacífico Norte,PRESERVED_SPECIMEN,854e35e6-f762-11e1-a439-00145eb45e9a,"Invertebrate Zoology Division, Yale Peabody Museum",10.15468/0lkr3w,Yale University Peabody Museum,YPM,CC0,http://creativecommons.org/publicdomain/zero/1.0/legalcode,urn:uuid:ea6d3cf8-84c3-4f05-bbd7-78e6f5192732,,si
GBIF,4104098395,"Graneledone verrucosa (A.E.Verrill, 1881)",Graneledone verrucosa,7.6,-54.7,,,,1957-11-07,1957,Suriname,Pacífico Norte,PRESERVED_SPECIMEN,0f6d26c0-c645-4f15-b1c9-fbcb77515545,"University of Miami, Voss Marine Invertebrate Collections",10.15468/qmckjq,"Rosenstiel School, University of Miami Voss Marine Invertebrate Collection",UM-RSMAS,CC-BY,http://creativecommons.org/licenses/by/4.0/legalcode,95ae5518-c39c-4357-ab80-43b55cb4fc43,sin_profundidad,si
GBIF,609399839,"Graneledone pacifica G.L.Voss & Pearcy, 1990",Graneledone pacifica,37.634083,-123.169,1389.8899999999999,1280.16,1499.62,1950-11-12,1950,United States of America,Pacífico Norte,PRESERVED_SPECIMEN,44bcde48-ac71-46f2-bf73-24fc3c008b6c,CAS Invertebrate Zoology (IZ),10.15468/tiac99,California Academy of Sciences,CAS,CC0,http://creativecommons.org/publicdomain/zero/1.0/legalcode,urn:catalog:CAS:IZ:35044,,si
GBIF,203650092,"Graneledone Joubin, 1918",,54.142,-36.458,53,0,106,1927-01-18,1927,,Atlántico Norte,OCCURRENCE,965169e4-f762-11e1-a439-00145eb45e9a,BIOLOGICAL SCIENCES DATA,10.15468/a81y3v,British Antarctic Survey,BAS,CC-BY,http://creativecommons.org/licenses/by/4.0/legalcode,,profundidad_<300m_revisar,si
GBIF,203650122,"Graneledone Joubin, 1918",,-53.85,-36.188,485,0,970,1927-01-21,1927,South Georgia and the South Sandwich Islands,Atlántico Sur,OCCURRENCE,965169e4-f762-11e1-a439-00145eb45e9a,BIOLOGICAL SCIENCES DATA,10.15468/a81y3v,British Antarctic Survey,BAS,CC-BY,http://creativecommons.org/licenses/by/4.0/legalcode,,,si
GBIF,1057106440,"Graneledone Joubin, 1918",,-53.808333,-35.95,406,401,411,1927-01-21,1927,South Georgia and the South Sandwich Islands,Atlántico Sur,PRESERVED_SPECIMEN,7e380070-f762-11e1-a439-00145eb45e9a,Natural History Museum (London) Collection Specimens,10.5519/qd.142qc9it,Natural History Museum,NHMUK,CC0,http://creativecommons.org/publicdomain/zero/1.0/legalcode,ee24dec9-419c-487d-8318-c8f3c9be6654,,si
GBIF,203650129,"Graneledone Joubin, 1918",,-64.333,-63.017,247.5,160,335,1927-03-14,1927,Antarctica,Océano Austral,OCCURRENCE,965169e4-f762-11e1-a439-00145eb45e9a,BIOLOGICAL SCIENCES DATA,10.15468/a81y3v,British Antarctic Survey,BAS,CC-BY,http://creativecommons.org/licenses/by/4.0/legalcode,,profundidad_<300m_revisar,si
GBIF,203650130,"Graneledone Joubin, 1918",,-54.283,-36.417,207,179,235,1926-03-27,1926,South Georgia and the South Sandwich Islands,Atlántico Sur,OCCURRENCE,965169e4-f762-11e1-a439-00145eb45e9a,BIOLOGICAL SCIENCES DATA,10.15468/a81y3v,British Antarctic Survey,BAS,CC-BY,http://creativecommons.org/licenses/by/4.0/legalcode,,profundidad_<300m_revisar,si
GBIF,203650094,"Graneledone Joubin, 1918",,-54.183,-36.317,162,120,204,1926-04-02,1926,South Georgia and the South Sandwich Islands,Atlántico Sur,OCCURRENCE,965169e4-f762-11e1-a439-00145eb45e9a,BIOLOGICAL SCIENCES DATA,10.15468/a81y3v,British Antarctic Survey,BAS,CC-BY,http://creativecommons.org/licenses/by/4.0/legalcode,,profundidad_<300m_revisar,si
GBIF,203650131,"Graneledone Joubin, 1918",,-54.183,-36.417,254,238,270,1926-04-07,1926,South Georgia and the South Sandwich Islands,Atlántico Sur,OCCURRENCE,965169e4-f762-11e1-a439-00145eb45e9a,BIOLOGICAL SCIENCES DATA,10.15468/a81y3v,British Antarctic Survey,BAS,CC-BY,http://creativecommons.org/licenses/by/4.0/legalcode,,profundidad_<300m_revisar,si
GBIF,203650090,"Graneledone Joubin, 1918",,-54.233,-36.467,240,230,250,1926-12-12,1926,South Georgia and the South Sandwich Islands,Atlántico Sur,OCCURRENCE,965169e4-f762-11e1-a439-00145eb45e9a,BIOLOGICAL SCIENCES DATA,10.15468/a81y3v,British Antarctic Survey,BAS,CC-BY,http://creativecommons.org/licenses/by/4.0/legalcode,,profundidad_<300m_revisar,si
GBIF,203650091,"Graneledone Joubin, 1918",,-54.033,-36.633,129,122,136,1926-12-20,1926,South Georgia and the South Sandwich Islands,Atlántico Sur,OCCURRENCE,965169e4-f762-11e1-a439-00145eb45e9a,BIOLOGICAL SCIENCES DATA,10.15468/a81y3v,British Antarctic Survey,BAS,CC-BY,http://creativecommons.org/licenses/by/4.0/legalcode,,profundidad_<300m_revisar,si
GBIF,203650097,"Graneledone Joubin, 1918",,-54.202,-36.469,62,0,124,1926-12-10,1926,South Georgia and the South Sandwich Islands,Atlántico Sur,OCCURRENCE,965169e4-f762-11e1-a439-00145eb45e9a,BIOLOGICAL SCIENCES DATA,10.15468/a81y3v,British Antarctic Survey,BAS,CC-BY,http://creativecommons.org/licenses/by/4.0/legalcode,,profundidad_<300m_revisar,si
GBIF,203650098,"Graneledone Joubin, 1918",,-54.867,-35.6,75,50,100,1926-12-20,1926,South Georgia and the South Sandwich Islands,Atlántico Sur,OCCURRENCE,965169e4-f762-11e1-a439-00145eb45e9a,BIOLOGICAL SCIENCES DATA,10.15468/a81y3v,British Antarctic Survey,BAS,CC-BY,http://creativecommons.org/licenses/by/4.0/legalcode,,profundidad_<300m_revisar,si
GBIF,6403500340,"Graneledone verrucosa (A.E.Verrill, 1881)",Graneledone verrucosa,61.733056,-30.483056,,,,1895-06-17,1895,,Atlántico Norte,PRESERVED_SPECIMEN,58fc397b-eee4-4138-8a5f-50f9dfb00216,Natural History Museum Denmark Invertebrate Zoology,10.15468/wodhis,Natural History Museum of Denmark,NHMD,CC-BY,http://creativecommons.org/licenses/by/4.0/legalcode,214b48a3-ba3f-4b26-859f-458018df1704,sin_profundidad,si
GBIF,1322698319,"Graneledone verrucosa (A.E.Verrill, 1881)",Graneledone verrucosa,7.25,-79.6,1865,1865,1865,1891-03-10,1891,Panama,Pacífico Norte,PRESERVED_SPECIMEN,821cc27a-e3bb-4bc5-ac34-89ada245069d,NMNH Extant Biology,10.15468/hnhrg3,"National Museum of Natural History, Smithsonian Institution",USNM,CC0,http://creativecommons.org/publicdomain/zero/1.0/legalcode,http://n2t.net/ark:/65665/3f3210056-ef69-4260-affc-bb283f3d63ec,,si
GBIF,1039272176,"Graneledone verrucosa (A.E.Verrill, 1881)",Graneledone verrucosa,39.5167,-71.2417,2127,2127,2127,1887-09-19,1887,United States of America,Atlántico Norte,PRESERVED_SPECIMEN,854e35e6-f762-11e1-a439-00145eb45e9a,"Invertebrate Zoology Division, Yale Peabody Museum",10.15468/0lkr3w,Yale University Peabody Museum,YPM,CC0,http://creativecommons.org/publicdomain/zero/1.0/legalcode,urn:uuid:bc47292a-98bd-41c1-a940-c0ec9d32a11c,,si
GBIF,1317514289,"Graneledone verrucosa (A.E.Verrill, 1881)",Graneledone verrucosa,38.5833,-73.0875,1013,1013,1013,1887-09-18,1887,United States of America,Atlántico Norte,PRESERVED_SPECIMEN,821cc27a-e3bb-4bc5-ac34-89ada245069d,NMNH Extant Biology,10.15468/hnhrg3,"National Museum of Natural History, Smithsonian Institution",USNM,CC0,http://creativecommons.org/publicdomain/zero/1.0/legalcode,http://n2t.net/ark:/65665/30dd0ac30-679b-4767-aa68-ba5e1946568b,,si
GBIF,1317991940,"Graneledone verrucosa (A.E.Verrill, 1881)",Graneledone verrucosa,39.5833,-70.9,2023,2023,2023,1886-07-17,1886,United States of America,Atlántico Norte,PRESERVED_SPECIMEN,821cc27a-e3bb-4bc5-ac34-89ada245069d,NMNH Extant Biology,10.15468/hnhrg3,"National Museum of Natural History, Smithsonian Institution",USNM,CC0,http://creativecommons.org/publicdomain/zero/1.0/legalcode,http://n2t.net/ark:/65665/322e8c0a3-325b-482d-9501-d63c3a4d8b31,,si
GBIF,1039247767,"Graneledone verrucosa (A.E.Verrill, 1881)",Graneledone verrucosa,39.7417,-70.5125,1977,1977,1977,1885-08-09,1885,United States of America,Atlántico Norte,PRESERVED_SPECIMEN,854e35e6-f762-11e1-a439-00145eb45e9a,"Invertebrate Zoology Division, Yale Peabody Museum",10.15468/0lkr3w,Yale University Peabody Museum,YPM,CC0,http://creativecommons.org/publicdomain/zero/1.0/legalcode,urn:uuid:5df75caa-c7e8-4c5c-951e-dbb43b9a4d34,,si
GBIF,1318519616,"Graneledone verrucosa (A.E.Verrill, 1881)",Graneledone verrucosa,32.6,-77.4875,472,472,472,1885-10-21,1885,United States of America,Atlántico Norte,PRESERVED_SPECIMEN,821cc27a-e3bb-4bc5-ac34-89ada245069d,NMNH Extant Biology,10.15468/hnhrg3,"National Museum of Natural History, Smithsonian Institution",USNM,CC0,http://creativecommons.org/publicdomain/zero/1.0/legalcode,http://n2t.net/ark:/65665/33a418785-dd1b-4492-bd74-7d899f7e7a48,,si
GBIF,1317231271,"Graneledone verrucosa (A.E.Verrill, 1881)",Graneledone verrucosa,39.5028,-71.8333,933,933,933,1884-07-23,1884,United States of America,Atlántico Norte,PRESERVED_SPECIMEN,821cc27a-e3bb-4bc5-ac34-89ada245069d,NMNH Extant Biology,10.15468/hnhrg3,"National Museum of Natural History, Smithsonian Institution",USNM,CC0,http://creativecommons.org/publicdomain/zero/1.0/legalcode,http://n2t.net/ark:/65665/3014654e8-6f1f-4eb3-b874-205fcafecdb4,,si
GBIF,1319887258,"Graneledone verrucosa (A.E.Verrill, 1881)",Graneledone verrucosa,37.95,-72.5667,2926,2926,2926,1884-07-21,1884,United States of America,Atlántico Norte,PRESERVED_SPECIMEN,821cc27a-e3bb-4bc5-ac34-89ada245069d,NMNH Extant Biology,10.15468/hnhrg3,"National Museum of Natural History, Smithsonian Institution",USNM,CC0,http://creativecommons.org/publicdomain/zero/1.0/legalcode,http://n2t.net/ark:/65665/376c50e9c-4c96-41f5-9b5e-f2293912da3b,,si
GBIF,1321612341,"Graneledone verrucosa (A.E.Verrill, 1881)",Graneledone verrucosa,39.55,-71.2708,2154,2154,2154,1884-08-21,1884,United States of America,Atlántico Norte,PRESERVED_SPECIMEN,821cc27a-e3bb-4bc5-ac34-89ada245069d,NMNH Extant Biology,10.15468/hnhrg3,"National Museum of Natural History, Smithsonian Institution",USNM,CC0,http://creativecommons.org/publicdomain/zero/1.0/legalcode,http://n2t.net/ark:/65665/3c3027225-ec38-4e52-9049-a49bced57ded,,si
GBIF,1317615398,"Graneledone verrucosa (A.E.Verrill, 1881)",Graneledone verrucosa,39.6833,-69.3389,2023,2023,2023,1883-08-01,1883,United States of America,Atlántico Norte,PRESERVED_SPECIMEN,821cc27a-e3bb-4bc5-ac34-89ada245069d,NMNH Extant Biology,10.15468/hnhrg3,"National Museum of Natural History, Smithsonian Institution",USNM,CC0,http://creativecommons.org/publicdomain/zero/1.0/legalcode,http://n2t.net/ark:/65665/312443950-a27d-43a1-a53e-8344b64e1024,,si
GBIF,1321872154,"Graneledone verrucosa (A.E.Verrill, 1881)",Graneledone verrucosa,39.7139,-69.3556,1920,1920,1920,1883-08-01,1883,United States of America,Atlántico Norte,PRESERVED_SPECIMEN,821cc27a-e3bb-4bc5-ac34-89ada245069d,NMNH Extant Biology,10.15468/hnhrg3,"National Museum of Natural History, Smithsonian Institution",USNM,CC0,http://creativecommons.org/publicdomain/zero/1.0/legalcode,http://n2t.net/ark:/65665/3ce90bc0e-a4a8-44d7-995c-6d71072d4b72,,si
GBIF,1039225852,"Graneledone verrucosa (A.E.Verrill, 1881)",Graneledone verrucosa,39.9958,-68.9,1439,1439,1439,1882-08-26,1882,United States of America,Atlántico Norte,PRESERVED_SPECIMEN,854e35e6-f762-11e1-a439-00145eb45e9a,"Invertebrate Zoology Division, Yale Peabody Museum",10.15468/0lkr3w,Yale University Peabody Museum,YPM,CC0,http://creativecommons.org/publicdomain/zero/1.0/legalcode,urn:uuid:0a1d193a-490f-4804-ad92-2634af475078,,si
GBIF,1321075069,"Eledone verrucosa A.E.Verrill, 1881",Graneledone verrucosa,39.8417,-70.1833,852,852,852,1880-07-01,1880,United States of America,Atlántico Norte,PRESERVED_SPECIMEN,821cc27a-e3bb-4bc5-ac34-89ada245069d,NMNH Extant Biology,10.15468/hnhrg3,"National Museum of Natural History, Smithsonian Institution",USNM,CC0,http://creativecommons.org/publicdomain/zero/1.0/legalcode,http://n2t.net/ark:/65665/3ab469e15-a6cb-4463-9473-db8f14616f08,,si
GBIF,1057307737,"Moschites challengeri S.S.Berry, 1916",Graneledone challengeri,-29.75,-178.1833,1152,1152,1152,1874-07-14,1874,New Zealand,Pacífico Sur,PRESERVED_SPECIMEN,7e380070-f762-11e1-a439-00145eb45e9a,Natural History Museum (London) Collection Specimens,10.5519/qd.142qc9it,Natural History Museum,NHMUK,CC0,http://creativecommons.org/publicdomain/zero/1.0/legalcode,c8f05f64-1220-4966-8c7c-c36803cbf161,,si
GBIF,1039264274,"Graneledone verrucosa (A.E.Verrill, 1881)",Graneledone verrucosa,39.5792,-71.525,,,,,,United States of America,Atlántico Norte,PRESERVED_SPECIMEN,854e35e6-f762-11e1-a439-00145eb45e9a,"Invertebrate Zoology Division, Yale Peabody Museum",10.15468/0lkr3w,Yale University Peabody Museum,YPM,CC0,http://creativecommons.org/publicdomain/zero/1.0/legalcode,urn:uuid:9d55cd47-7025-4023-a91b-aeef933d9eeb,sin_profundidad,si
GBIF,1321576940,"Graneledone verrucosa (A.E.Verrill, 1881)",Graneledone verrucosa,41.42,-70.67,,,,,,United States of America,Atlántico Norte,PRESERVED_SPECIMEN,821cc27a-e3bb-4bc5-ac34-89ada245069d,NMNH Extant Biology,10.15468/hnhrg3,"National Museum of Natural History, Smithsonian Institution",USNM,CC0,http://creativecommons.org/publicdomain/zero/1.0/legalcode,http://n2t.net/ark:/65665/3c1739655-7f20-49a3-8556-fd6348ba9fd8,sin_profundidad,si
GBIF,3350167491,"Graneledone Joubin, 1918",,-37.46,-74.07,,,,,,Chile,Pacífico Sur,PRESERVED_SPECIMEN,d8cd16ba-bb74-4420-821e-083f2bac17c2,INSDC Sequences,10.15468/sbmztx,European Nucleotide Archive (EMBL-EBI),,CC-BY,http://creativecommons.org/licenses/by/4.0/legalcode,JN800404,sin_profundidad,si
GBIF,3818205926,"Graneledone Joubin, 1918",,-36.15,-73.43,,,,,,Chile,Pacífico Sur,PRESERVED_SPECIMEN,d8cd16ba-bb74-4420-821e-083f2bac17c2,INSDC Sequences,10.15468/sbmztx,European Nucleotide Archive (EMBL-EBI),,CC-BY,http://creativecommons.org/licenses/by/4.0/legalcode,JN800401,sin_profundidad,si
GBIF,3935081784,"Graneledone gonzalezi Guerra, González & Cherel, 2000",Graneledone gonzalezi,-49.13558,68.66923,,,,,,French Southern Territories,Océano Índico,HUMAN_OBSERVATION,91aa3d5b-6f77-4135-a823-cef438a60dfa,Référentiel taxonomique national (TAXREF) - Inventaire des Collectivités d'outre-mer et de la métropole (ICOM_15) issu des données biogéographiques de TAXREF v15,10.15468/5a75sk,"UAR PatriNat (OFB-MNHN-CNRS-IRD), Paris",,CC-BY,http://creativecommons.org/licenses/by/4.0/legalcode,f3698f3c-4975-4023-a1e2-3982b5ab7c58,sin_profundidad,si
GBIF,4081058057,"Graneledone challengeri (S.S.Berry, 1916)",Graneledone challengeri,-44.903167,173.795833,1158.5,1150,1167,,,New Zealand,Pacífico Sur,PRESERVED_SPECIMEN,4d0b1b2a-3209-49ce-bb93-7503e4868019,Earth Sciences New Zealand National Invertebrate Collection (NIC),10.15468/6qgswo,Earth Sciences New Zealand (ESNZ),Earth Sciences New Zealand,CC-BY,http://creativecommons.org/licenses/by/4.0/legalcode,c284f16d-3a4c-4684-a463-d74ba69fb8fb,,si
GBIF,4081162788,"Graneledone taniwha O'Shea, 1999",Graneledone taniwha,-42.796667,-176.684333,1101.5,1096,1107,,,New Zealand,Pacífico Sur,PRESERVED_SPECIMEN,4d0b1b2a-3209-49ce-bb93-7503e4868019,Earth Sciences New Zealand National Invertebrate Collection (NIC),10.15468/6qgswo,Earth Sciences New Zealand (ESNZ),Earth Sciences New Zealand,CC-BY,http://creativecommons.org/licenses/by/4.0/legalcode,4f57a5d4-588a-46b5-98c2-b55b06108fbe,,si
GBIF,4104096783,"Graneledone antarctica G.L.Voss, 1976",Graneledone antarctica,-74,179,,,,,,Antarctica,Océano Austral,PRESERVED_SPECIMEN,0f6d26c0-c645-4f15-b1c9-fbcb77515545,"University of Miami, Voss Marine Invertebrate Collections",10.15468/qmckjq,"Rosenstiel School, University of Miami Voss Marine Invertebrate Collection",UM-RSMAS,CC-BY,http://creativecommons.org/licenses/by/4.0/legalcode,e56f1244-d5db-40e0-b2de-8e7ce870d0ba,"coordenada_en_grado_entero;sin_profundidad",si
GBIF,4548614417,"Graneledone gonzalezi Guerra, González & Cherel, 2000",Graneledone gonzalezi,-49.13558,68.66923,,,,,,French Southern Territories,Océano Índico,HUMAN_OBSERVATION,f553f8f9-b147-4f09-86e5-0d1ce1a91ce0,Référentiel taxonomique national (TAXREF)-Inventaire des Collectivités d'outre-mer et de la métropole issu des données biogéographiques de TAXREF,10.15468/ktycv2,"UAR PatriNat (OFB-MNHN-CNRS-IRD), Paris",,CC-BY,http://creativecommons.org/licenses/by/4.0/legalcode,5a8b6199-b33b-4ebf-8f37-789eca0efee1,sin_profundidad,si
GBIF,5004348829,"Graneledone Joubin, 1918",,-67.387,-179.847833,,,,,,Antarctica,Océano Austral,PRESERVED_SPECIMEN,e2980e63-d152-4219-8c1e-0ffdef3ea6aa,Auckland Museum NZ Marine Collection,10.15468/plyefd,Auckland War Memorial Museum,AK,CC-BY,http://creativecommons.org/licenses/by/4.0/legalcode,urn:catalog:AK:AK:MA58079,sin_profundidad,si
GBIF,5789991326,"Graneledone Joubin, 1918",,42.375,-126.7033,2697,2643,2751,,,United States of America,Pacífico Norte,OCCURRENCE,dc5abc9f-84d5-4046-a3ef-9ab24ae53756,ChEssBase,10.15468/6v6ug8,Flanders Marine Institute,PENN,CC-BY,http://creativecommons.org/licenses/by/4.0/legalcode,urn:catalog:PENN:C:1782:0xA8ADA50101000C00,,si
GBIF,5789991390,"Graneledone pacifica G.L.Voss & Pearcy, 1990",Graneledone pacifica,48.458401,-128.709198,2415,2400,2430,,,Canada,Pacífico Norte,OCCURRENCE,dc5abc9f-84d5-4046-a3ef-9ab24ae53756,ChEssBase,10.15468/6v6ug8,Flanders Marine Institute,,CC-BY,http://creativecommons.org/licenses/by/4.0/legalcode,urn:catalog::0x47ADA50101000C00,,si
GBIF,5789991799,"Graneledone Joubin, 1918",,0.8,-86.133301,2500,2500,2500,,,,Pacífico Norte,OCCURRENCE,dc5abc9f-84d5-4046-a3ef-9ab24ae53756,ChEssBase,10.15468/6v6ug8,Flanders Marine Institute,PENN,CC-BY,http://creativecommons.org/licenses/by/4.0/legalcode,urn:catalog:PENN:C:1783:0x31AFA50101000100,,si
GBIF,5789991896,"Graneledone Joubin, 1918",,0.8,-86.133301,2500,2500,2500,,,,Pacífico Norte,OCCURRENCE,dc5abc9f-84d5-4046-a3ef-9ab24ae53756,ChEssBase,10.15468/6v6ug8,Flanders Marine Institute,PENN,CC-BY,http://creativecommons.org/licenses/by/4.0/legalcode,urn:catalog:PENN:C:1785:0xA9ADA50101000200,,si
GBIF,5789994606,"Graneledone Joubin, 1918",,-41.025002,-129.559998,1519.5,1459,1580,,,,Pacífico Sur,OCCURRENCE,dc5abc9f-84d5-4046-a3ef-9ab24ae53756,ChEssBase,10.15468/6v6ug8,Flanders Marine Institute,,CC-BY,http://creativecommons.org/licenses/by/4.0/legalcode,urn:catalog::0x61AEA50101000E00,,si
GBIF,5789994756,"Graneledone Joubin, 1918",,-41.025002,-129.559998,1519.5,1459,1580,,,,Pacífico Sur,OCCURRENCE,dc5abc9f-84d5-4046-a3ef-9ab24ae53756,ChEssBase,10.15468/6v6ug8,Flanders Marine Institute,PENN,CC-BY,http://creativecommons.org/licenses/by/4.0/legalcode,urn:catalog:PENN:C:1777:0x0FAEA50101000800,,si
GBIF,5789995082,"Graneledone Joubin, 1918",,27.0166,-111.400002,2000,2000,2000,,,Mexico,Pacífico Norte,OCCURRENCE,dc5abc9f-84d5-4046-a3ef-9ab24ae53756,ChEssBase,10.15468/6v6ug8,Flanders Marine Institute,PENN,CC-BY,http://creativecommons.org/licenses/by/4.0/legalcode,urn:catalog:PENN:C:1786:0x9FADA50101000600,,si
GBIF,5789995142,"Graneledone Joubin, 1918",,48.458401,-128.709198,2415,2400,2430,,,Canada,Pacífico Norte,OCCURRENCE,dc5abc9f-84d5-4046-a3ef-9ab24ae53756,ChEssBase,10.15468/6v6ug8,Flanders Marine Institute,PENN,CC-BY,http://creativecommons.org/licenses/by/4.0/legalcode,urn:catalog:PENN:C:1784:0xD0AEA50101000800,,si
GBIF,5790001365,"Graneledone Joubin, 1918",,41.556999,-126.449997,2449,1598,3300,,,United States of America,Pacífico Norte,OCCURRENCE,dc5abc9f-84d5-4046-a3ef-9ab24ae53756,ChEssBase,10.15468/6v6ug8,Flanders Marine Institute,PENN,CC-BY,http://creativecommons.org/licenses/by/4.0/legalcode,urn:catalog:PENN:C:1780:0xA0ADA50101000800,profundidad_rango_amplio_>1000m,si
GBIF,5790001778,"Graneledone Joubin, 1918",,49.75,-129.701599,1850,1850,1850,,,Canada,Pacífico Norte,OCCURRENCE,dc5abc9f-84d5-4046-a3ef-9ab24ae53756,ChEssBase,10.15468/6v6ug8,Flanders Marine Institute,PENN,CC-BY,http://creativecommons.org/licenses/by/4.0/legalcode,urn:catalog:PENN:C:1781:0x7EACA50101000600,,si
GBIF,5790001846,"Graneledone Joubin, 1918",,46.455002,-128.616699,2207.5,2122,2293,,,United States of America,Pacífico Norte,OCCURRENCE,dc5abc9f-84d5-4046-a3ef-9ab24ae53756,ChEssBase,10.15468/6v6ug8,Flanders Marine Institute,PENN,CC-BY,http://creativecommons.org/licenses/by/4.0/legalcode,urn:catalog:PENN:C:1779:0x6AAEA50101000D00,,si
GBIF,5790001916,"Graneledone Joubin, 1918",,44.799999,-130.300003,1925,1600,2250,,,,Pacífico Norte,OCCURRENCE,dc5abc9f-84d5-4046-a3ef-9ab24ae53756,ChEssBase,10.15468/6v6ug8,Flanders Marine Institute,PENN,CC-BY,http://creativecommons.org/licenses/by/4.0/legalcode,urn:catalog:PENN:C:1778:0x34ADA50101000500,,si
OBIS,00377976-3bba-4043-bf3c-b9303eef265c,Graneledone boreopacifica,Graneledone boreopacifica,45.9599990845,-125.769996643,,,,,,,Pacífico Norte,HumanObservation,b7cdeca9-f3a4-474f-b644-a74f504083bb,CephBase,,"University of British Columbia; Intergovernmental Oceanographic Commission of UNESCO",,CC-BY,This work is licensed under a  Creative Commons Attribution (CC-BY) 4.0 License,,sin_profundidad,si
OBIS,02d9ed36-b8eb-44b5-9e4b-cf77a210022b,Graneledone yamana,Graneledone yamana,-53.6833333333333,-59.9,834,834,834,2006-09-04,2006,,Atlántico Sur,MaterialSample,d699c885-2124-450f-8e87-e529c3a9cdf9,Three Decades (1988-2023) of Marine Biodiversity in Falkland Islands Waters: Fisheries‑Linked Species Records from the Southwest Atlantic,,,FIFD,CC-BY,This work is licensed under a  Creative Commons Attribution (CC-BY 4.0) License,2006_718_119_130_GRN_113,,si
OBIS,039b5cc5-772a-4a2b-82e5-2ecdf72050f7,Graneledone verrucosa,Graneledone verrucosa,43,-63,,,,,,,Atlántico Norte,HumanObservation,b7cdeca9-f3a4-474f-b644-a74f504083bb,CephBase,,"University of British Columbia; Intergovernmental Oceanographic Commission of UNESCO",,CC-BY,This work is licensed under a  Creative Commons Attribution (CC-BY) 4.0 License,,"coordenada_en_grado_entero;sin_profundidad",si
OBIS,03c5c91c-39f3-4a2b-a4ea-6009fa3b2e26,Graneledone antarctica,Graneledone antarctica,-74.0933303833,-175.086669922,2341,2341,2341,1968-02-08T12:00:00Z,1968,Antarctica,Océano Austral,PreservedSpecimen,89e23fc8-3f61-4480-9de3-358fe6eefe0b,National Museum of Natural History Invertebrate Zoology Collections,,"Intergovernmental Oceanographic Commission of UNESCO; National Museum of Natural History, Smithsonian Institution",USNM,CC-BY,This work is licensed under a  Creative Commons Attribution (CC-BY) 4.0 License,,,si
OBIS,045e49b3-2b2b-4c1d-a3dd-703bd7513afb,Graneledone verrucosa,Graneledone verrucosa,49.94732,-6.294232,6.5,6.5,6.5,1988-09-19,1988,,Atlántico Norte,MaterialSample,6d7b384f-090b-4c15-b68d-4c1192c0f8a6,Marine Recorder Snapshot extract of surveys entered by JNCC,,,DASSH,CC-BY,This work is licensed under a  Creative Commons Attribution (CC-BY) 4.0 License,JNCCMNCR10421086,profundidad_<300m_revisar,si
OBIS,064526de-4d77-4945-a85e-cc92fd39dcca,Graneledone yamana,Graneledone yamana,-50.1183333333333,-55.625,743,743,743,2011-05-23,2011,,Atlántico Sur,MaterialSample,d699c885-2124-450f-8e87-e529c3a9cdf9,Three Decades (1988-2023) of Marine Biodiversity in Falkland Islands Waters: Fisheries‑Linked Species Records from the Southwest Atlantic,,,FIFD,CC-BY,This work is licensed under a  Creative Commons Attribution (CC-BY 4.0) License,2011_583_145_195_GRN_122,,si
OBIS,0976d79c-82fa-4e99-9f15-eec0cf1bc5e7,Graneledone yamana,Graneledone yamana,-48.2666666666667,-60.0416666666667,,,,2007-02-11,2007,,Atlántico Sur,MaterialSample,d699c885-2124-450f-8e87-e529c3a9cdf9,Three Decades (1988-2023) of Marine Biodiversity in Falkland Islands Waters: Fisheries‑Linked Species Records from the Southwest Atlantic,,,FIFD,CC-BY,This work is licensed under a  Creative Commons Attribution (CC-BY 4.0) License,2007_1118_44_2743_GRN_97,sin_profundidad,si
OBIS,09e878ea-4e56-47bf-bda2-dc1d310dc610,Graneledone verrucosa,Graneledone verrucosa,56.69715,-5.721467,7,6,8,1995-09-28,1995,,Atlántico Norte,MaterialSample,7805fd11-a1f0-4a04-b89c-dcc3c89f75de,Marine Recorder Snapshot extract of surveys entered by NatureScot,,,DASSH,CC-BY,This work is licensed under a  Creative Commons Attribution (CC-BY) 4.0 License,JNCCMNCR30563381,profundidad_<300m_revisar,si
OBIS,0af273ec-1f68-4605-a8e1-d0213c4e3559,Graneledone yamana,Graneledone yamana,-51.9549999833333,-56.6950000166667,709,709,709,2009-02-07,2009,,Atlántico Sur,MaterialSample,d699c885-2124-450f-8e87-e529c3a9cdf9,Three Decades (1988-2023) of Marine Biodiversity in Falkland Islands Waters: Fisheries‑Linked Species Records from the Southwest Atlantic,,,FIFD,CC-BY,This work is licensed under a  Creative Commons Attribution (CC-BY 4.0) License,2009_718_134_255_GRN_115,,si
OBIS,0b3a63b8-a44b-4ab1-a5ff-16eb73060809,Graneledone boreopacifica,Graneledone boreopacifica,45.75,-125.150001526,,,,,,,Pacífico Norte,HumanObservation,b7cdeca9-f3a4-474f-b644-a74f504083bb,CephBase,,"University of British Columbia; Intergovernmental Oceanographic Commission of UNESCO",,CC-BY,This work is licensed under a  Creative Commons Attribution (CC-BY) 4.0 License,,sin_profundidad,si
OBIS,0c039f83-15ee-47a9-a498-dc53148390ff,Graneledone yamana,Graneledone yamana,-52.8299999833333,-57.32166665,778,778,778,2011-05-31,2011,,Atlántico Sur,MaterialSample,d699c885-2124-450f-8e87-e529c3a9cdf9,Three Decades (1988-2023) of Marine Biodiversity in Falkland Islands Waters: Fisheries‑Linked Species Records from the Southwest Atlantic,,,FIFD,CC-BY,This work is licensed under a  Creative Commons Attribution (CC-BY 4.0) License,2011_583_145_217_GRN_117,,si
OBIS,0cbb31ad-faef-4622-80ac-87975eee7db0,Graneledone yamana,Graneledone yamana,-51.9316667,-56.67833335,673,673,673,2007-11-03,2007,,Atlántico Sur,MaterialSample,d699c885-2124-450f-8e87-e529c3a9cdf9,Three Decades (1988-2023) of Marine Biodiversity in Falkland Islands Waters: Fisheries‑Linked Species Records from the Southwest Atlantic,,,FIFD,CC-BY,This work is licensed under a  Creative Commons Attribution (CC-BY 4.0) License,2007_583_129_112_GRN_160,,si
OBIS,0d8111e9-d2e7-4665-90c2-040b491ac37d,Graneledone yamana,Graneledone yamana,-50.44666665,-55.8433333,725,725,725,2011-05-23,2011,,Atlántico Sur,MaterialSample,d699c885-2124-450f-8e87-e529c3a9cdf9,Three Decades (1988-2023) of Marine Biodiversity in Falkland Islands Waters: Fisheries‑Linked Species Records from the Southwest Atlantic,,,FIFD,CC-BY,This work is licensed under a  Creative Commons Attribution (CC-BY 4.0) License,2011_583_145_196_GRN_116,,si
OBIS,0ddfb68b-1f22-428d-88cb-06465961b1e9,Graneledone yamana,Graneledone yamana,-52.245,-56.7816667,788,788,788,2007-11-04,2007,,Atlántico Sur,MaterialSample,d699c885-2124-450f-8e87-e529c3a9cdf9,Three Decades (1988-2023) of Marine Biodiversity in Falkland Islands Waters: Fisheries‑Linked Species Records from the Southwest Atlantic,,,FIFD,CC-BY,This work is licensed under a  Creative Commons Attribution (CC-BY 4.0) License,2007_583_129_115_GRN_187,,si
OBIS,0fe747ec-1f47-4f14-b3bf-bf9893a27f42,Graneledone yamana,Graneledone yamana,-50.5816667,-55.875,730,730,730,2011-05-21,2011,,Atlántico Sur,MaterialSample,d699c885-2124-450f-8e87-e529c3a9cdf9,Three Decades (1988-2023) of Marine Biodiversity in Falkland Islands Waters: Fisheries‑Linked Species Records from the Southwest Atlantic,,,FIFD,CC-BY,This work is licensed under a  Creative Commons Attribution (CC-BY 4.0) License,2011_583_145_187_GRN_127,,si
OBIS,109038c4-fa27-48b8-92ea-1d63caabaeaf,Graneledone yamana,Graneledone yamana,-51.5066666666667,-56.2866666833333,697,697,697,2011-05-26,2011,,Atlántico Sur,MaterialSample,d699c885-2124-450f-8e87-e529c3a9cdf9,Three Decades (1988-2023) of Marine Biodiversity in Falkland Islands Waters: Fisheries‑Linked Species Records from the Southwest Atlantic,,,FIFD,CC-BY,This work is licensed under a  Creative Commons Attribution (CC-BY 4.0) License,2011_583_145_202_GRN_164,,si
OBIS,11cee27b-1113-4799-84e4-55495f813406,Graneledone verrucosa,Graneledone verrucosa,52.97477,0.5184593,0,,0,1997-09-19,1997,,Atlántico Norte,MaterialSample,6d7b384f-090b-4c15-b68d-4c1192c0f8a6,Marine Recorder Snapshot extract of surveys entered by JNCC,,,DASSH,CC-BY,This work is licensed under a  Creative Commons Attribution (CC-BY) 4.0 License,JNCCMNCR10545234,profundidad_<300m_revisar,si
OBIS,1249ca3a-bbed-4eae-b5ba-50005d713ca7,Graneledone verrucosa,Graneledone verrucosa,27.8829994202,-85.2170028687,668,668,668,1969-06-19T12:00:00Z,1969,United States,Atlántico Norte,PreservedSpecimen,89e23fc8-3f61-4480-9de3-358fe6eefe0b,National Museum of Natural History Invertebrate Zoology Collections,,"Intergovernmental Oceanographic Commission of UNESCO; National Museum of Natural History, Smithsonian Institution",USNM,CC-BY,This work is licensed under a  Creative Commons Attribution (CC-BY) 4.0 License,,,si
OBIS,125a4fda-f7a9-4e23-945a-1cc7115e0522,Graneledone yamana,Graneledone yamana,-47.3308333333333,-60.2258333333333,,,,2007-06-05,2007,,Atlántico Sur,MaterialSample,d699c885-2124-450f-8e87-e529c3a9cdf9,Three Decades (1988-2023) of Marine Biodiversity in Falkland Islands Waters: Fisheries‑Linked Species Records from the Southwest Atlantic,,,FIFD,CC-BY,This work is licensed under a  Creative Commons Attribution (CC-BY 4.0) License,2007_1118_44_2882_GRN_161,sin_profundidad,si
OBIS,12767e98-777c-477c-b9b7-5f9f90101110,Graneledone yamana,Graneledone yamana,-53.0533333333333,-57.8666666666667,824,824,824,2011-05-30,2011,,Atlántico Sur,MaterialSample,d699c885-2124-450f-8e87-e529c3a9cdf9,Three Decades (1988-2023) of Marine Biodiversity in Falkland Islands Waters: Fisheries‑Linked Species Records from the Southwest Atlantic,,,FIFD,CC-BY,This work is licensed under a  Creative Commons Attribution (CC-BY 4.0) License,2011_583_145_216_GRN_116,,si
OBIS,1324f657-668f-462a-a575-07726c18c684,Graneledone verrucosa,Graneledone verrucosa,45.4000015259,-48.5833015442,,,,,,,Atlántico Norte,HumanObservation,b7cdeca9-f3a4-474f-b644-a74f504083bb,CephBase,,"University of British Columbia; Intergovernmental Oceanographic Commission of UNESCO",,CC-BY,This work is licensed under a  Creative Commons Attribution (CC-BY) 4.0 License,,sin_profundidad,si
OBIS,13e9e38e-3630-4e5f-954a-6775d75db583,Graneledone yamana,Graneledone yamana,-53.4883333166667,-60.425,965,965,965,2009-02-21,2009,,Atlántico Sur,MaterialSample,d699c885-2124-450f-8e87-e529c3a9cdf9,Three Decades (1988-2023) of Marine Biodiversity in Falkland Islands Waters: Fisheries‑Linked Species Records from the Southwest Atlantic,,,FIFD,CC-BY,This work is licensed under a  Creative Commons Attribution (CC-BY 4.0) License,2009_718_59_293_GRN_112,,si
OBIS,14223acc-b22b-4fef-a566-2f1a63e0feaf,Graneledone yamana,Graneledone yamana,-53.3666666666667,-60.1266666666667,883,883,883,2011-06-22,2011,,Atlántico Sur,MaterialSample,d699c885-2124-450f-8e87-e529c3a9cdf9,Three Decades (1988-2023) of Marine Biodiversity in Falkland Islands Waters: Fisheries‑Linked Species Records from the Southwest Atlantic,,,FIFD,CC-BY,This work is licensed under a  Creative Commons Attribution (CC-BY 4.0) License,2011_583_145_273_GRN_150,,si
OBIS,15181a7f-882b-4f81-ac78-528174eb030f,Graneledone verrucosa,Graneledone verrucosa,45.2999992371,-48.5833015442,,,,,,,Atlántico Norte,HumanObservation,b7cdeca9-f3a4-474f-b644-a74f504083bb,CephBase,,"University of British Columbia; Intergovernmental Oceanographic Commission of UNESCO",,CC-BY,This work is licensed under a  Creative Commons Attribution (CC-BY) 4.0 License,,sin_profundidad,si
OBIS,156beedc-4014-470e-94cf-20b186e3a42b,Graneledone yamana,Graneledone yamana,-50.2283333333333,-55.625,759,759,759,2011-05-25,2011,,Atlántico Sur,MaterialSample,d699c885-2124-450f-8e87-e529c3a9cdf9,Three Decades (1988-2023) of Marine Biodiversity in Falkland Islands Waters: Fisheries‑Linked Species Records from the Southwest Atlantic,,,FIFD,CC-BY,This work is licensed under a  Creative Commons Attribution (CC-BY 4.0) License,2011_583_145_201_GRN_118,,si
OBIS,19355769-bfc4-4d72-9c71-a85a9fc60a3b,Graneledone challengeri,Graneledone challengeri,7.25,-79.5999984741,,,,,,,Pacífico Norte,HumanObservation,b7cdeca9-f3a4-474f-b644-a74f504083bb,CephBase,,"University of British Columbia; Intergovernmental Oceanographic Commission of UNESCO",,CC-BY,This work is licensed under a  Creative Commons Attribution (CC-BY) 4.0 License,,sin_profundidad,si
OBIS,196da649-ed6d-4940-8882-7509dd0137e0,Graneledone yamana,Graneledone yamana,-48.4883333333333,-59.5208333333333,,,,2007-06-08,2007,,Atlántico Sur,MaterialSample,d699c885-2124-450f-8e87-e529c3a9cdf9,Three Decades (1988-2023) of Marine Biodiversity in Falkland Islands Waters: Fisheries‑Linked Species Records from the Southwest Atlantic,,,FIFD,CC-BY,This work is licensed under a  Creative Commons Attribution (CC-BY 4.0) License,2007_1118_44_2900_GRN_97,sin_profundidad,si
OBIS,1a3dda88-fac6-4c86-9a0e-060314c2f266,Graneledone verrucosa,Graneledone verrucosa,41.1500015259,-66.0333023071,,,,,,,Atlántico Norte,HumanObservation,b7cdeca9-f3a4-474f-b644-a74f504083bb,CephBase,,"University of British Columbia; Intergovernmental Oceanographic Commission of UNESCO",,CC-BY,This work is licensed under a  Creative Commons Attribution (CC-BY) 4.0 License,,sin_profundidad,si
OBIS,1bfbfbff-c243-4cda-978c-b8c26f4e3408,Graneledone macrotyla,Graneledone macrotyla,-45.716999054,-55.5,1845.5,1647,2044,1966-03-14T12:00:00Z,1966,,Atlántico Sur,PreservedSpecimen,89e23fc8-3f61-4480-9de3-358fe6eefe0b,National Museum of Natural History Invertebrate Zoology Collections,,"Intergovernmental Oceanographic Commission of UNESCO; National Museum of Natural History, Smithsonian Institution",USNM,CC-BY,This work is licensed under a  Creative Commons Attribution (CC-BY) 4.0 License,,,si
OBIS,1d9fb320-1244-48a0-9d99-2476cbd1097c,Graneledone verrucosa,Graneledone verrucosa,41.4169998169,-70.6669998169,,,,1983-07-02T12:00:00Z,1983,United States,Atlántico Norte,PreservedSpecimen,89e23fc8-3f61-4480-9de3-358fe6eefe0b,National Museum of Natural History Invertebrate Zoology Collections,,"Intergovernmental Oceanographic Commission of UNESCO; National Museum of Natural History, Smithsonian Institution",USNM,CC-BY,This work is licensed under a  Creative Commons Attribution (CC-BY) 4.0 License,,sin_profundidad,si
OBIS,1e4ff00d-d2ab-4820-898a-2d0e47482d2c,Graneledone yamana,Graneledone yamana,-51.9866666833333,-56.683,800,800,800,2006-03-12,2006,,Atlántico Sur,MaterialSample,d699c885-2124-450f-8e87-e529c3a9cdf9,Three Decades (1988-2023) of Marine Biodiversity in Falkland Islands Waters: Fisheries‑Linked Species Records from the Southwest Atlantic,,,FIFD,CC-BY,This work is licensed under a  Creative Commons Attribution (CC-BY 4.0) License,2006_583_80_14_GRN_105,,si
OBIS,1ec5ec1b-7734-42ac-aa44-ab784536d33d,Graneledone verrucosa,Graneledone verrucosa,45.2999992371,-48.5999984741,,,,,,,Atlántico Norte,HumanObservation,b7cdeca9-f3a4-474f-b644-a74f504083bb,CephBase,,"University of British Columbia; Intergovernmental Oceanographic Commission of UNESCO",,CC-BY,This work is licensed under a  Creative Commons Attribution (CC-BY) 4.0 License,,sin_profundidad,si
OBIS,1f2ce61c-c9ea-466d-abd9-76ce8821ec5a,Graneledone verrucosa,Graneledone verrucosa,53.13152,-4.306702,0.200000003,0.200000003,0.200000003,2002-09-09,2002,,Atlántico Norte,MaterialSample,9fd58901-44bf-4e78-adc6-d040eec324af,Marine Recorder Snapshot extract of surveys entered by NRW,,Natural Resources Wales,DASSH,CC-BY,This work is licensed under a  Creative Commons Attribution (CC-BY) 4.0 License,MRCCW8000000066F,profundidad_<300m_revisar,si
OBIS,1f52da46-5654-4f5a-a073-c57e260770f8,Graneledone,,-52.8192,75.1572,505,490,520,1990-05-23,1990,,Océano Índico,PreservedSpecimen,d104db68-63cf-4f34-b92a-54bd55a07394,Museums Victoria Marine Invertebrates Collection,,"CSIRO Oceans and Atmosphere Information and Data Centre, Hobart; Museums Victoria; CSIRO National Collections and Marine Infrastructure",NMV,CC-BY,This work is licensed under a  Creative Commons Attribution (CC-BY) 4.0 License,F160313,,si
OBIS,1fad7d44-648d-4282-a676-21def3869353,Graneledone yamana,Graneledone yamana,-50.125,-55.6233333666667,747,747,747,2011-05-24,2011,,Atlántico Sur,MaterialSample,d699c885-2124-450f-8e87-e529c3a9cdf9,Three Decades (1988-2023) of Marine Biodiversity in Falkland Islands Waters: Fisheries‑Linked Species Records from the Southwest Atlantic,,,FIFD,CC-BY,This work is licensed under a  Creative Commons Attribution (CC-BY 4.0) License,2011_583_145_199_GRN_127,,si
OBIS,202080f8-60f0-40d0-aeee-033b21b10ba1,Graneledone verrucosa,Graneledone verrucosa,45.2999992371,-48.5999984741,,,,,,,Atlántico Norte,HumanObservation,b7cdeca9-f3a4-474f-b644-a74f504083bb,CephBase,,"University of British Columbia; Intergovernmental Oceanographic Commission of UNESCO",,CC-BY,This work is licensed under a  Creative Commons Attribution (CC-BY) 4.0 License,,sin_profundidad,si
OBIS,2059405a-7623-4938-b294-31637317e568,Graneledone yamana,Graneledone yamana,-51.5066666666667,-56.2866666833333,697,697,697,2011-05-26,2011,,Atlántico Sur,MaterialSample,d699c885-2124-450f-8e87-e529c3a9cdf9,Three Decades (1988-2023) of Marine Biodiversity in Falkland Islands Waters: Fisheries‑Linked Species Records from the Southwest Atlantic,,,FIFD,CC-BY,This work is licensed under a  Creative Commons Attribution (CC-BY 4.0) License,2011_583_145_202_GRN_163,,si
OBIS,209c246f-140e-4975-a6e2-8a85978019a2,Graneledone macrotyla,Graneledone macrotyla,-54.7167015076,-55.5,,,,,,,Atlántico Sur,HumanObservation,b7cdeca9-f3a4-474f-b644-a74f504083bb,CephBase,,"University of British Columbia; Intergovernmental Oceanographic Commission of UNESCO",,CC-BY,This work is licensed under a  Creative Commons Attribution (CC-BY) 4.0 License,,sin_profundidad,si
OBIS,22e9bd51-a7b9-4866-9eb6-aaed21738674,Graneledone yamana,Graneledone yamana,-50.5816667,-55.875,730,730,730,2011-05-21,2011,,Atlántico Sur,MaterialSample,d699c885-2124-450f-8e87-e529c3a9cdf9,Three Decades (1988-2023) of Marine Biodiversity in Falkland Islands Waters: Fisheries‑Linked Species Records from the Southwest Atlantic,,,FIFD,CC-BY,This work is licensed under a  Creative Commons Attribution (CC-BY 4.0) License,2011_583_145_187_GRN_128,,si
OBIS,2370f558-c4cf-439a-b17e-7a3c63719042,Graneledone challengeri,Graneledone challengeri,-29.75,-178.183303833,,,,,,,Pacífico Sur,HumanObservation,b7cdeca9-f3a4-474f-b644-a74f504083bb,CephBase,,"University of British Columbia; Intergovernmental Oceanographic Commission of UNESCO",,CC-BY,This work is licensed under a  Creative Commons Attribution (CC-BY) 4.0 License,,sin_profundidad,si
OBIS,23e82ffe-4287-4c58-8577-955bf971e405,Graneledone verrucosa,Graneledone verrucosa,27.7329998016,-85.1500015259,465,465,465,1951-09-29T12:00:00Z,1951,United States,Atlántico Norte,PreservedSpecimen,89e23fc8-3f61-4480-9de3-358fe6eefe0b,National Museum of Natural History Invertebrate Zoology Collections,,"Intergovernmental Oceanographic Commission of UNESCO; National Museum of Natural History, Smithsonian Institution",USNM,CC-BY,This work is licensed under a  Creative Commons Attribution (CC-BY) 4.0 License,,,si
OBIS,270e107e-118b-4484-8319-5a88c44d0e70,Graneledone verrucosa,Graneledone verrucosa,38.7332992554,-72.6333007812,,,,,,,Atlántico Norte,HumanObservation,b7cdeca9-f3a4-474f-b644-a74f504083bb,CephBase,,"University of British Columbia; Intergovernmental Oceanographic Commission of UNESCO",,CC-BY,This work is licensed under a  Creative Commons Attribution (CC-BY) 4.0 License,,sin_profundidad,si
OBIS,27109da0-6bc7-4a32-b07d-15d679f0d36a,Graneledone yamana,Graneledone yamana,-50.5883333166667,-55.84666665,747,747,747,2011-05-22,2011,,Atlántico Sur,MaterialSample,d699c885-2124-450f-8e87-e529c3a9cdf9,Three Decades (1988-2023) of Marine Biodiversity in Falkland Islands Waters: Fisheries‑Linked Species Records from the Southwest Atlantic,,,FIFD,CC-BY,This work is licensed under a  Creative Commons Attribution (CC-BY 4.0) License,2011_583_145_190_GRN_116,,si
OBIS,278bfb56-1f0c-413c-ae5f-6470fc2d33c5,Graneledone verrucosa,Graneledone verrucosa,57.54966,-5.557503,4,2,6,2000-08-19,2000,,Atlántico Norte,MaterialSample,3e981ea4-29b3-4df5-8529-38d798262eb1,Marine Recorder Snapshot extract of surveys entered by SeaSearch,,,DASSH,CC-BY,This work is licensed under a  Creative Commons Attribution (CC-BY) 4.0 License,MRMCS00700000F1E,profundidad_<300m_revisar,si
OBIS,29b28475-282b-47ab-94a7-e728e87f5b95,Graneledone yamana,Graneledone yamana,-50.1283333333333,-55.6450000166667,697,697,697,2007-10-31,2007,,Atlántico Sur,MaterialSample,d699c885-2124-450f-8e87-e529c3a9cdf9,Three Decades (1988-2023) of Marine Biodiversity in Falkland Islands Waters: Fisheries‑Linked Species Records from the Southwest Atlantic,,,FIFD,CC-BY,This work is licensed under a  Creative Commons Attribution (CC-BY 4.0) License,2007_583_129_103_GRN_141,,si
OBIS,2ac7cb4c-1da8-4546-b5c3-77eacbf9197a,Graneledone boreopacifica,Graneledone boreopacifica,45.9599990845,-125.769996643,,,,,,,Pacífico Norte,HumanObservation,b7cdeca9-f3a4-474f-b644-a74f504083bb,CephBase,,"University of British Columbia; Intergovernmental Oceanographic Commission of UNESCO",,CC-BY,This work is licensed under a  Creative Commons Attribution (CC-BY) 4.0 License,,sin_profundidad,si
OBIS,2c740998-2184-4bb3-aeff-ef1318ad8c89,Graneledone verrucosa,Graneledone verrucosa,59.228039030198296,-2.6142023272534836,,,,1999-09-17/1999-09-17,1999,GB,Atlántico Norte,Occurrence,ebe7ffad-b134-40d3-b3df-21b675c4bcb1,"Marine species data for Scottish waters held and managed by Scottish Natural Heritage, derived from benthic surveys 1993 to 2012",,"Vlaams Instituut voor de Zee; The Marine Biological Association of the United Kingdom",Scottish Natural Heritage,CC-BY,This work is licensed under a  Creative Commons Attribution (CC-BY) 4.0 License,urn:catalog:Scottish Natural Heritage:61517:275855345,sin_profundidad,si
OBIS,2ca9ced7-ff34-4517-8071-d776f8b5497b,Graneledone verrucosa,Graneledone verrucosa,38.5833282471,-73.0875015259,1013,1013,1013,1886-09-18T12:00:00Z,1886,United States,Atlántico Norte,PreservedSpecimen,89e23fc8-3f61-4480-9de3-358fe6eefe0b,National Museum of Natural History Invertebrate Zoology Collections,,"Intergovernmental Oceanographic Commission of UNESCO; National Museum of Natural History, Smithsonian Institution",USNM,CC-BY,This work is licensed under a  Creative Commons Attribution (CC-BY) 4.0 License,,,si
OBIS,2cb3be31-1223-4245-ae5e-0f2bf4497355,Graneledone antarctica,Graneledone antarctica,-74,-175,,,,,,,Océano Austral,HumanObservation,b7cdeca9-f3a4-474f-b644-a74f504083bb,CephBase,,"University of British Columbia; Intergovernmental Oceanographic Commission of UNESCO",,CC-BY,This work is licensed under a  Creative Commons Attribution (CC-BY) 4.0 License,,"coordenada_en_grado_entero;sin_profundidad",si
OBIS,2dc42262-71de-4096-b0f5-4c66ba6eeba7,Graneledone yamana,Graneledone yamana,-51.7333333333333,-56.55,702,702,702,2009-02-06,2009,,Atlántico Sur,MaterialSample,d699c885-2124-450f-8e87-e529c3a9cdf9,Three Decades (1988-2023) of Marine Biodiversity in Falkland Islands Waters: Fisheries‑Linked Species Records from the Southwest Atlantic,,,FIFD,CC-BY,This work is licensed under a  Creative Commons Attribution (CC-BY 4.0) License,2009_718_134_251_GRN_113,,si
OBIS,302fcbbb-c037-43f8-bd50-ad04e3075b7e,Graneledone boreopacifica,Graneledone boreopacifica,45.6316986084,-125.775001526,,,,,,,Pacífico Norte,HumanObservation,b7cdeca9-f3a4-474f-b644-a74f504083bb,CephBase,,"University of British Columbia; Intergovernmental Oceanographic Commission of UNESCO",,CC-BY,This work is licensed under a  Creative Commons Attribution (CC-BY) 4.0 License,,sin_profundidad,si
OBIS,30c6c22f-5210-474e-8d21-e68fbf5d4d5b,Graneledone yamana,Graneledone yamana,-51.9549999833333,-56.6950000166667,709,709,709,2009-02-07,2009,,Atlántico Sur,MaterialSample,d699c885-2124-450f-8e87-e529c3a9cdf9,Three Decades (1988-2023) of Marine Biodiversity in Falkland Islands Waters: Fisheries‑Linked Species Records from the Southwest Atlantic,,,FIFD,CC-BY,This work is licensed under a  Creative Commons Attribution (CC-BY 4.0) License,2009_718_134_255_GRN_111,,si
OBIS,317fdb7f-635a-49af-95bc-296d821c2b9a,Graneledone verrucosa,Graneledone verrucosa,56.69282,-5.69179,9.75,8.5,11,1995-10-05,1995,,Atlántico Norte,MaterialSample,7805fd11-a1f0-4a04-b89c-dcc3c89f75de,Marine Recorder Snapshot extract of surveys entered by NatureScot,,,DASSH,CC-BY,This work is licensed under a  Creative Commons Attribution (CC-BY) 4.0 License,JNCCMNCR30562438,profundidad_<300m_revisar,si
OBIS,3238f04c-e996-4ec0-950f-1cdd33b233a5,Graneledone boreopacifica,Graneledone boreopacifica,45.1549987793,-125.586700439,,,,,,,Pacífico Norte,HumanObservation,b7cdeca9-f3a4-474f-b644-a74f504083bb,CephBase,,"University of British Columbia; Intergovernmental Oceanographic Commission of UNESCO",,CC-BY,This work is licensed under a  Creative Commons Attribution (CC-BY) 4.0 License,,sin_profundidad,si
OBIS,32bdd981-fe0f-42ee-8b1c-db24f6eee9e9,Graneledone macrotyla,Graneledone macrotyla,-45.7332992554,-59.7666015625,,,,,,,Atlántico Sur,HumanObservation,b7cdeca9-f3a4-474f-b644-a74f504083bb,CephBase,,"University of British Columbia; Intergovernmental Oceanographic Commission of UNESCO",,CC-BY,This work is licensed under a  Creative Commons Attribution (CC-BY) 4.0 License,,sin_profundidad,si
OBIS,34f5875f-0400-42c5-8cc2-8103991040d8,Graneledone antarctica,Graneledone antarctica,-74.0932998657,-175.086700439,,,,,,,Océano Austral,HumanObservation,b7cdeca9-f3a4-474f-b644-a74f504083bb,CephBase,,"University of British Columbia; Intergovernmental Oceanographic Commission of UNESCO",,CC-BY,This work is licensed under a  Creative Commons Attribution (CC-BY) 4.0 License,,sin_profundidad,si
OBIS,360884cb-ded2-4d88-a090-b546450fc3b4,Graneledone yamana,Graneledone yamana,-51.9549999833333,-56.6950000166667,709,709,709,2009-02-07,2009,,Atlántico Sur,MaterialSample,d699c885-2124-450f-8e87-e529c3a9cdf9,Three Decades (1988-2023) of Marine Biodiversity in Falkland Islands Waters: Fisheries‑Linked Species Records from the Southwest Atlantic,,,FIFD,CC-BY,This work is licensed under a  Creative Commons Attribution (CC-BY 4.0) License,2009_718_134_255_GRN_109,,si
OBIS,37409839-532e-48e3-9d42-473ab1090176,Graneledone yamana,Graneledone yamana,-51.5066666666667,-56.2866666833333,697,697,697,2011-05-26,2011,,Atlántico Sur,MaterialSample,d699c885-2124-450f-8e87-e529c3a9cdf9,Three Decades (1988-2023) of Marine Biodiversity in Falkland Islands Waters: Fisheries‑Linked Species Records from the Southwest Atlantic,,,FIFD,CC-BY,This work is licensed under a  Creative Commons Attribution (CC-BY 4.0) License,2011_583_145_202_GRN_155,,si
OBIS,379272eb-0d30-4ede-a8d1-f4664123f07a,Graneledone boreopacifica,Graneledone boreopacifica,45.9933013916,-125.733299255,,,,,,,Pacífico Norte,HumanObservation,b7cdeca9-f3a4-474f-b644-a74f504083bb,CephBase,,"University of British Columbia; Intergovernmental Oceanographic Commission of UNESCO",,CC-BY,This work is licensed under a  Creative Commons Attribution (CC-BY) 4.0 License,,sin_profundidad,si
OBIS,3950ba0d-d6e9-4037-b205-c82bc34495a3,Graneledone yamana,Graneledone yamana,-52.6533333333333,-60.6466666666667,324,324,324,2012-11-29,2012,,Atlántico Sur,MaterialSample,d699c885-2124-450f-8e87-e529c3a9cdf9,Three Decades (1988-2023) of Marine Biodiversity in Falkland Islands Waters: Fisheries‑Linked Species Records from the Southwest Atlantic,,,FIFD,CC-BY,This work is licensed under a  Creative Commons Attribution (CC-BY 4.0) License,2012_600_129_351_GRN_249,,si
OBIS,3c3bd6e0-d6f0-427f-81b1-eb7be134b96b,Graneledone verrucosa,Graneledone verrucosa,-17.6465,-38.2478,1190,180,2200,,,Brazil,Atlántico Sur,PreservedSpecimen,9066ac42-af4d-41b0-8489-cd4c35e92810,REVIZEE Central Coast Deep Ocean,,Intergovernmental Oceanographic Commission of UNESCO,REVIZEE,CC-BY,This work is licensed under a  Creative Commons Attribution (CC-BY) 4.0 License,,profundidad_rango_amplio_>1000m,si
OBIS,3c3f4ac9-e44d-4959-bd7c-e4270c6f99ae,Graneledone boreopacifica,Graneledone boreopacifica,45.9933013916,-125.733299255,,,,,,,Pacífico Norte,HumanObservation,b7cdeca9-f3a4-474f-b644-a74f504083bb,CephBase,,"University of British Columbia; Intergovernmental Oceanographic Commission of UNESCO",,CC-BY,This work is licensed under a  Creative Commons Attribution (CC-BY) 4.0 License,,sin_profundidad,si
OBIS,3c6b3f28-7328-47fc-b38f-6d279cb541f6,Graneledone yamana,Graneledone yamana,-50.415,-55.8349999666667,728,728,728,2011-05-24,2011,,Atlántico Sur,MaterialSample,d699c885-2124-450f-8e87-e529c3a9cdf9,Three Decades (1988-2023) of Marine Biodiversity in Falkland Islands Waters: Fisheries‑Linked Species Records from the Southwest Atlantic,,,FIFD,CC-BY,This work is licensed under a  Creative Commons Attribution (CC-BY 4.0) License,2011_583_145_198_GRN_42,,si
OBIS,3d239a5a-7500-4711-a100-248f141b24e6,Graneledone yamana,Graneledone yamana,-49.3241666666667,-59.9083333333333,,,,2007-02-12,2007,,Atlántico Sur,MaterialSample,d699c885-2124-450f-8e87-e529c3a9cdf9,Three Decades (1988-2023) of Marine Biodiversity in Falkland Islands Waters: Fisheries‑Linked Species Records from the Southwest Atlantic,,,FIFD,CC-BY,This work is licensed under a  Creative Commons Attribution (CC-BY 4.0) License,2007_1118_44_2747_GRN_168,sin_profundidad,si
OBIS,3e4ab145-6cc5-44bf-9e89-c656e0b3b449,Graneledone verrucosa,Graneledone verrucosa,59.22691,-2.616804,9.25,9,9.5,1999-09-17,1999,,Atlántico Norte,MaterialSample,7805fd11-a1f0-4a04-b89c-dcc3c89f75de,Marine Recorder Snapshot extract of surveys entered by NatureScot,,,DASSH,CC-BY,This work is licensed under a  Creative Commons Attribution (CC-BY) 4.0 License,MRSNH00100001D17,profundidad_<300m_revisar,si
OBIS,3ef64437-2f31-4691-8afb-44f1044d422d,Graneledone yamana,Graneledone yamana,-50.5816667,-55.875,730,730,730,2011-05-21,2011,,Atlántico Sur,MaterialSample,d699c885-2124-450f-8e87-e529c3a9cdf9,Three Decades (1988-2023) of Marine Biodiversity in Falkland Islands Waters: Fisheries‑Linked Species Records from the Southwest Atlantic,,,FIFD,CC-BY,This work is licensed under a  Creative Commons Attribution (CC-BY 4.0) License,2011_583_145_187_GRN_129,,si
OBIS,3f3c8a2f-1eae-4a56-ad68-3381a31dd1e9,Graneledone verrucosa,Graneledone verrucosa,52.78595,-4.516633,3.5,2,5,2002-08-24,2002,,Atlántico Norte,MaterialSample,3e981ea4-29b3-4df5-8529-38d798262eb1,Marine Recorder Snapshot extract of surveys entered by SeaSearch,,,DASSH,CC-BY,This work is licensed under a  Creative Commons Attribution (CC-BY) 4.0 License,MRCCW300000032E4,profundidad_<300m_revisar,si
OBIS,42f1bd17-5593-4542-8e66-93150f030e9e,Graneledone yamana,Graneledone yamana,-53.6833333333333,-59.9,834,834,834,2006-09-04,2006,,Atlántico Sur,MaterialSample,d699c885-2124-450f-8e87-e529c3a9cdf9,Three Decades (1988-2023) of Marine Biodiversity in Falkland Islands Waters: Fisheries‑Linked Species Records from the Southwest Atlantic,,,FIFD,CC-BY,This work is licensed under a  Creative Commons Attribution (CC-BY 4.0) License,2006_718_119_130_GRN_114,,si
OBIS,4538b625-e054-4eed-82b9-3a804415f8f8,Graneledone yamana,Graneledone yamana,-52.25,-56.7666666666667,845,845,845,2006-09-09,2006,,Atlántico Sur,MaterialSample,d699c885-2124-450f-8e87-e529c3a9cdf9,Three Decades (1988-2023) of Marine Biodiversity in Falkland Islands Waters: Fisheries‑Linked Species Records from the Southwest Atlantic,,,FIFD,CC-BY,This work is licensed under a  Creative Commons Attribution (CC-BY 4.0) License,2006_718_119_142_GRN_109,,si
OBIS,4753ccca-9f23-4d96-b6d0-c57e32013110,Graneledone verrucosa,Graneledone verrucosa,54.07688,-3.194687,8.450000045,7.5999999,9.30000019,1998-09-15,1998,,Atlántico Norte,MaterialSample,b18829a5-eec2-4978-a88d-1edba34f1377,Marine Recorder Snapshot extract of surveys entered by Natural England,,,DASSH,CC-BY,This work is licensed under a  Creative Commons Attribution (CC-BY) 4.0 License,JNCCMNCR20606139,profundidad_<300m_revisar,si
OBIS,48821d8d-f532-4d70-9aa8-0fae6b8a2ae0,Graneledone challengeri,Graneledone challengeri,-45.3532981873,173.596694946,,,,,,,Pacífico Sur,HumanObservation,b7cdeca9-f3a4-474f-b644-a74f504083bb,CephBase,,"University of British Columbia; Intergovernmental Oceanographic Commission of UNESCO",,CC-BY,This work is licensed under a  Creative Commons Attribution (CC-BY) 4.0 License,,sin_profundidad,si
OBIS,48ae6d37-924d-4e10-a6c6-f957ee4fd459,Graneledone yamana,Graneledone yamana,-51.9549999833333,-56.6950000166667,709,709,709,2009-02-07,2009,,Atlántico Sur,MaterialSample,d699c885-2124-450f-8e87-e529c3a9cdf9,Three Decades (1988-2023) of Marine Biodiversity in Falkland Islands Waters: Fisheries‑Linked Species Records from the Southwest Atlantic,,,FIFD,CC-BY,This work is licensed under a  Creative Commons Attribution (CC-BY 4.0) License,2009_718_134_255_GRN_114,,si
OBIS,498be190-1c86-47e4-9f44-1d915759ae87,Graneledone verrucosa,Graneledone verrucosa,50.69723,-1.975304,4.049999955,3.9000001,4.19999981,2008-09-20,2008,,Atlántico Norte,MaterialSample,3e981ea4-29b3-4df5-8529-38d798262eb1,Marine Recorder Snapshot extract of surveys entered by SeaSearch,,,DASSH,CC-BY,This work is licensed under a  Creative Commons Attribution (CC-BY) 4.0 License,MRLRC0080000200F,profundidad_<300m_revisar,si
OBIS,4b2ff440-f602-47c7-b24a-25bed2904a48,Graneledone verrucosa,Graneledone verrucosa,50.58945,-2.487308,4.20000005,3.5,4.9000001,2002-07-19,2002,,Atlántico Norte,MaterialSample,b18829a5-eec2-4978-a88d-1edba34f1377,Marine Recorder Snapshot extract of surveys entered by Natural England,,,DASSH,CC-BY,This work is licensed under a  Creative Commons Attribution (CC-BY) 4.0 License,MREN016000000E9F,profundidad_<300m_revisar,si
OBIS,4d9b1369-c2a5-4dcc-a609-d45c35afda88,Graneledone yamana,Graneledone yamana,-51.7650000333333,-56.5366666833333,741,741,741,2011-05-26,2011,,Atlántico Sur,MaterialSample,d699c885-2124-450f-8e87-e529c3a9cdf9,Three Decades (1988-2023) of Marine Biodiversity in Falkland Islands Waters: Fisheries‑Linked Species Records from the Southwest Atlantic,,,FIFD,CC-BY,This work is licensed under a  Creative Commons Attribution (CC-BY 4.0) License,2011_583_145_203_GRN_131,,si
OBIS,4de8a4ef-45d6-4cb6-94aa-c7d53c4576d2,Graneledone verrucosa,Graneledone verrucosa,56.66437828493477,-5.944111138674512,,,,1995-09-30/1995-09-30,1995,GB,Atlántico Norte,Occurrence,ebe7ffad-b134-40d3-b3df-21b675c4bcb1,"Marine species data for Scottish waters held and managed by Scottish Natural Heritage, derived from benthic surveys 1993 to 2012",,"Vlaams Instituut voor de Zee; The Marine Biological Association of the United Kingdom",Scottish Natural Heritage,CC-BY,This work is licensed under a  Creative Commons Attribution (CC-BY) 4.0 License,urn:catalog:Scottish Natural Heritage:61506:275846108,sin_profundidad,si
OBIS,4e711370-f646-4c3e-9299-1bb0a783a6e2,Graneledone yamana,Graneledone yamana,-51.6349999666667,-56.4116666833333,753,753,753,2007-11-03,2007,,Atlántico Sur,MaterialSample,d699c885-2124-450f-8e87-e529c3a9cdf9,Three Decades (1988-2023) of Marine Biodiversity in Falkland Islands Waters: Fisheries‑Linked Species Records from the Southwest Atlantic,,,FIFD,CC-BY,This work is licensed under a  Creative Commons Attribution (CC-BY 4.0) License,2007_583_129_111_GRN_160,,si
OBIS,4e7f14a5-d667-42b6-9c68-91724a6f22d2,Graneledone yamana,Graneledone yamana,-50.5816667,-55.875,730,730,730,2011-05-21,2011,,Atlántico Sur,MaterialSample,d699c885-2124-450f-8e87-e529c3a9cdf9,Three Decades (1988-2023) of Marine Biodiversity in Falkland Islands Waters: Fisheries‑Linked Species Records from the Southwest Atlantic,,,FIFD,CC-BY,This work is licensed under a  Creative Commons Attribution (CC-BY 4.0) License,2011_583_145_187_GRN_126,,si
OBIS,4f869b22-b383-4d04-bb91-7504153e2575,Graneledone challengeri,Graneledone challengeri,-29.6833000183,-78.1832962036,,,,,,,Pacífico Sur,HumanObservation,b7cdeca9-f3a4-474f-b644-a74f504083bb,CephBase,,"University of British Columbia; Intergovernmental Oceanographic Commission of UNESCO",,CC-BY,This work is licensed under a  Creative Commons Attribution (CC-BY) 4.0 License,,sin_profundidad,si
OBIS,50a9af74-cf80-48ad-810f-77ff1f1154d4,Graneledone yamana,Graneledone yamana,-52.1183333333333,-56.8183333,655,655,655,2009-02-17,2009,,Atlántico Sur,MaterialSample,d699c885-2124-450f-8e87-e529c3a9cdf9,Three Decades (1988-2023) of Marine Biodiversity in Falkland Islands Waters: Fisheries‑Linked Species Records from the Southwest Atlantic,,,FIFD,CC-BY,This work is licensed under a  Creative Commons Attribution (CC-BY 4.0) License,2009_718_59_280_GRN_114,,si
OBIS,521b9136-727d-4c04-b259-56d10498b0e0,Graneledone yamana,Graneledone yamana,-50.4133333166667,-55.7599999666667,749,749,749,2011-05-22,2011,,Atlántico Sur,MaterialSample,d699c885-2124-450f-8e87-e529c3a9cdf9,Three Decades (1988-2023) of Marine Biodiversity in Falkland Islands Waters: Fisheries‑Linked Species Records from the Southwest Atlantic,,,FIFD,CC-BY,This work is licensed under a  Creative Commons Attribution (CC-BY 4.0) License,2011_583_145_192_GRN_114,,si
OBIS,524ec5d4-fa2e-4f1a-99eb-7ddf889858cf,Graneledone,,-51.6733,75.7733,,,,1997-04-07,1997,,Océano Índico,PreservedSpecimen,d104db68-63cf-4f34-b92a-54bd55a07394,Museums Victoria Marine Invertebrates Collection,,"CSIRO Oceans and Atmosphere Information and Data Centre, Hobart; Museums Victoria; CSIRO National Collections and Marine Infrastructure",NMV,CC-BY,This work is licensed under a  Creative Commons Attribution (CC-BY) 4.0 License,F160318,sin_profundidad,si
OBIS,53b36c1f-bccc-473b-96a1-e647c4be3a46,Graneledone macrotyla,Graneledone macrotyla,-47,-59.6166000366,,,,,,,Atlántico Sur,HumanObservation,b7cdeca9-f3a4-474f-b644-a74f504083bb,CephBase,,"University of British Columbia; Intergovernmental Oceanographic Commission of UNESCO",,CC-BY,This work is licensed under a  Creative Commons Attribution (CC-BY) 4.0 License,,sin_profundidad,si
OBIS,547af2c5-c405-43e5-ba0c-d9ac49450782,Graneledone yamana,Graneledone yamana,-52.6633333166667,-60.675,381,381,381,2010-11-03,2010,,Atlántico Sur,MaterialSample,d699c885-2124-450f-8e87-e529c3a9cdf9,Three Decades (1988-2023) of Marine Biodiversity in Falkland Islands Waters: Fisheries‑Linked Species Records from the Southwest Atlantic,,,FIFD,CC-BY,This work is licensed under a  Creative Commons Attribution (CC-BY 4.0) License,2010_600_142_209_GRN_122,,si
OBIS,554b3076-c582-4626-b19d-f4f5f87f06aa,Graneledone verrucosa,Graneledone verrucosa,39.84582901,-70.1829986572,852,852,852,1880-07-01T12:00:00Z,1880,United States,Atlántico Norte,PreservedSpecimen,89e23fc8-3f61-4480-9de3-358fe6eefe0b,National Museum of Natural History Invertebrate Zoology Collections,,"Intergovernmental Oceanographic Commission of UNESCO; National Museum of Natural History, Smithsonian Institution",USNM,CC-BY,This work is licensed under a  Creative Commons Attribution (CC-BY) 4.0 License,,,si
OBIS,55ac2670-1c42-4fcf-abab-ee8b5ce65e0d,Graneledone yamana,Graneledone yamana,-52.5136666666667,-57.007,716,716,716,2006-03-23,2006,,Atlántico Sur,MaterialSample,d699c885-2124-450f-8e87-e529c3a9cdf9,Three Decades (1988-2023) of Marine Biodiversity in Falkland Islands Waters: Fisheries‑Linked Species Records from the Southwest Atlantic,,,FIFD,CC-BY,This work is licensed under a  Creative Commons Attribution (CC-BY 4.0) License,2006_583_80_42_GRN_109,,si
OBIS,55b27e44-1355-4b18-a9fe-cc2b2066550b,Graneledone antarctica,Graneledone antarctica,-68.575,77.35,,,,1984-11-16,1984,,Océano Austral,PreservedSpecimen,d104db68-63cf-4f34-b92a-54bd55a07394,Museums Victoria Marine Invertebrates Collection,,"CSIRO Oceans and Atmosphere Information and Data Centre, Hobart; Museums Victoria; CSIRO National Collections and Marine Infrastructure",NMV,CC-BY,This work is licensed under a  Creative Commons Attribution (CC-BY) 4.0 License,F160351,sin_profundidad,si
OBIS,56312bf6-3b63-4e72-86c4-79539004cbe5,Graneledone verrucosa,Graneledone verrucosa,56.87636,-6.11758,21,12,30,1998-07-31,1998,,Atlántico Norte,MaterialSample,3e981ea4-29b3-4df5-8529-38d798262eb1,Marine Recorder Snapshot extract of surveys entered by SeaSearch,,,DASSH,CC-BY,This work is licensed under a  Creative Commons Attribution (CC-BY) 4.0 License,MRMCS00200001153,profundidad_<300m_revisar,si
OBIS,56f9d20a-3e18-49f0-bb5a-811a22ef8671,Graneledone yamana,Graneledone yamana,-53.4883333166667,-60.425,965,965,965,2009-02-21,2009,,Atlántico Sur,MaterialSample,d699c885-2124-450f-8e87-e529c3a9cdf9,Three Decades (1988-2023) of Marine Biodiversity in Falkland Islands Waters: Fisheries‑Linked Species Records from the Southwest Atlantic,,,FIFD,CC-BY,This work is licensed under a  Creative Commons Attribution (CC-BY 4.0) License,2009_718_59_293_GRN_113,,si
OBIS,590b837e-e896-426d-9507-804939ad09f1,Graneledone yamana,Graneledone yamana,-46.925,-59.8799999833333,904,904,904,2007-10-23,2007,,Atlántico Sur,MaterialSample,d699c885-2124-450f-8e87-e529c3a9cdf9,Three Decades (1988-2023) of Marine Biodiversity in Falkland Islands Waters: Fisheries‑Linked Species Records from the Southwest Atlantic,,,FIFD,CC-BY,This work is licensed under a  Creative Commons Attribution (CC-BY 4.0) License,2007_583_129_84_GRN_126,,si
OBIS,597ed6dc-2adc-4b98-9aa9-ca49a8c69ad8,Graneledone yamana,Graneledone yamana,-50.125,-55.6233333666667,747,747,747,2011-05-24,2011,,Atlántico Sur,MaterialSample,d699c885-2124-450f-8e87-e529c3a9cdf9,Three Decades (1988-2023) of Marine Biodiversity in Falkland Islands Waters: Fisheries‑Linked Species Records from the Southwest Atlantic,,,FIFD,CC-BY,This work is licensed under a  Creative Commons Attribution (CC-BY 4.0) License,2011_583_145_199_GRN_130,,si
OBIS,59e0c048-05e4-472b-831a-da59fe0a820d,Graneledone boreopacifica,Graneledone boreopacifica,45.9350013733,-125.69670105,,,,,,,Pacífico Norte,HumanObservation,b7cdeca9-f3a4-474f-b644-a74f504083bb,CephBase,,"University of British Columbia; Intergovernmental Oceanographic Commission of UNESCO",,CC-BY,This work is licensed under a  Creative Commons Attribution (CC-BY) 4.0 License,,sin_profundidad,si
OBIS,5a0b2a06-30c6-4e0e-bda8-0f441cc38550,Graneledone verrucosa,Graneledone verrucosa,57.68198,-2.271604,2.5,1,4,2005-06-18,2005,,Atlántico Norte,MaterialSample,3e981ea4-29b3-4df5-8529-38d798262eb1,Marine Recorder Snapshot extract of surveys entered by SeaSearch,,,DASSH,CC-BY,This work is licensed under a  Creative Commons Attribution (CC-BY) 4.0 License,MRMCS002000027D9,profundidad_<300m_revisar,si
OBIS,5a87a162-514f-491b-a9c8-5c088e105ffe,Graneledone verrucosa,Graneledone verrucosa,41.8375015259,-65.8569030762,,,,,,,Atlántico Norte,HumanObservation,b7cdeca9-f3a4-474f-b644-a74f504083bb,CephBase,,"University of British Columbia; Intergovernmental Oceanographic Commission of UNESCO",,CC-BY,This work is licensed under a  Creative Commons Attribution (CC-BY) 4.0 License,,sin_profundidad,si
OBIS,5a966bf7-34c6-4059-9f73-8b53ae713af0,Graneledone verrucosa,Graneledone verrucosa,42.6666984558,-62.8166999817,,,,,,,Atlántico Norte,HumanObservation,b7cdeca9-f3a4-474f-b644-a74f504083bb,CephBase,,"University of British Columbia; Intergovernmental Oceanographic Commission of UNESCO",,CC-BY,This work is licensed under a  Creative Commons Attribution (CC-BY) 4.0 License,,sin_profundidad,si
OBIS,5c8ae0fb-0964-4a39-ab9d-250d369a1656,Graneledone verrucosa,Graneledone verrucosa,39.6833000183,-69.3332977295,,,,,,,Atlántico Norte,HumanObservation,b7cdeca9-f3a4-474f-b644-a74f504083bb,CephBase,,"University of British Columbia; Intergovernmental Oceanographic Commission of UNESCO",,CC-BY,This work is licensed under a  Creative Commons Attribution (CC-BY) 4.0 License,,sin_profundidad,si
OBIS,5d9f2d51-e47c-4859-bf9c-8d9f3c4a5aa2,Graneledone verrucosa,Graneledone verrucosa,39.8457984924,-70.1832962036,,,,,,,Atlántico Norte,HumanObservation,b7cdeca9-f3a4-474f-b644-a74f504083bb,CephBase,,"University of British Columbia; Intergovernmental Oceanographic Commission of UNESCO",,CC-BY,This work is licensed under a  Creative Commons Attribution (CC-BY) 4.0 License,,sin_profundidad,si
OBIS,5dfc9331-42da-41f7-97d9-c13cfed3344c,Graneledone yamana,Graneledone yamana,-52.25,-56.7666666666667,845,845,845,2006-09-09,2006,,Atlántico Sur,MaterialSample,d699c885-2124-450f-8e87-e529c3a9cdf9,Three Decades (1988-2023) of Marine Biodiversity in Falkland Islands Waters: Fisheries‑Linked Species Records from the Southwest Atlantic,,,FIFD,CC-BY,This work is licensed under a  Creative Commons Attribution (CC-BY 4.0) License,2006_718_119_142_GRN_110,,si
OBIS,5e64f14a-4194-4caf-b4c8-2723a2ec5ea2,Graneledone verrucosa,Graneledone verrucosa,50.722,-2.823016,6,5,7,2004-04-25,2004,,Atlántico Norte,MaterialSample,3e981ea4-29b3-4df5-8529-38d798262eb1,Marine Recorder Snapshot extract of surveys entered by SeaSearch,,,DASSH,CC-BY,This work is licensed under a  Creative Commons Attribution (CC-BY) 4.0 License,MRLRC00800000C64,profundidad_<300m_revisar,si
OBIS,5eacfaf5-e65a-45d4-8edd-44831b978985,Graneledone yamana,Graneledone yamana,-50.2233333333333,-55.67166665,732,732,732,2011-05-21,2011,,Atlántico Sur,MaterialSample,d699c885-2124-450f-8e87-e529c3a9cdf9,Three Decades (1988-2023) of Marine Biodiversity in Falkland Islands Waters: Fisheries‑Linked Species Records from the Southwest Atlantic,,,FIFD,CC-BY,This work is licensed under a  Creative Commons Attribution (CC-BY 4.0) License,2011_583_145_189_GRN_113,,si
OBIS,6023f7e8-61f1-42e7-adab-a0de2d31c543,Graneledone yamana,Graneledone yamana,-52.03,-56.6516666333333,920,920,920,2011-05-26,2011,,Atlántico Sur,MaterialSample,d699c885-2124-450f-8e87-e529c3a9cdf9,Three Decades (1988-2023) of Marine Biodiversity in Falkland Islands Waters: Fisheries‑Linked Species Records from the Southwest Atlantic,,,FIFD,CC-BY,This work is licensed under a  Creative Commons Attribution (CC-BY 4.0) License,2011_583_145_204_GRN_113,,si
OBIS,614ae99d-559e-4aa5-bac0-5fe633c8371e,Graneledone,,-51.6733,75.7733,,,,,,,Océano Índico,PreservedSpecimen,d104db68-63cf-4f34-b92a-54bd55a07394,Museums Victoria Marine Invertebrates Collection,,"CSIRO Oceans and Atmosphere Information and Data Centre, Hobart; Museums Victoria; CSIRO National Collections and Marine Infrastructure",NMV,CC-BY,This work is licensed under a  Creative Commons Attribution (CC-BY) 4.0 License,F160413,sin_profundidad,si
OBIS,6551517c-5f38-462a-9f60-8aa7e3ff4155,Graneledone boreopacifica,Graneledone boreopacifica,45.2900009155,-125.816703796,,,,,,,Pacífico Norte,HumanObservation,b7cdeca9-f3a4-474f-b644-a74f504083bb,CephBase,,"University of British Columbia; Intergovernmental Oceanographic Commission of UNESCO",,CC-BY,This work is licensed under a  Creative Commons Attribution (CC-BY) 4.0 License,,sin_profundidad,si
OBIS,67c721e2-d582-410c-bcae-ab57127ec81b,Graneledone yamana,Graneledone yamana,-53.75,-59.3,1000,1000,1000,2008-08-04,2008,,Atlántico Sur,MaterialSample,d699c885-2124-450f-8e87-e529c3a9cdf9,Three Decades (1988-2023) of Marine Biodiversity in Falkland Islands Waters: Fisheries‑Linked Species Records from the Southwest Atlantic,,,FIFD,CC-BY,This work is licensed under a  Creative Commons Attribution (CC-BY 4.0) License,2008_718_132_207_GRN_134,,si
OBIS,6a2a4368-4475-443b-bfd0-588adddf2cc6,Graneledone yamana,Graneledone yamana,-49.3241666666667,-59.9083333333333,,,,2007-02-12,2007,,Atlántico Sur,MaterialSample,d699c885-2124-450f-8e87-e529c3a9cdf9,Three Decades (1988-2023) of Marine Biodiversity in Falkland Islands Waters: Fisheries‑Linked Species Records from the Southwest Atlantic,,,FIFD,CC-BY,This work is licensed under a  Creative Commons Attribution (CC-BY 4.0) License,2007_1118_44_2747_GRN_167,sin_profundidad,si
OBIS,6c9c27a5-d403-483e-a60e-94516ed7d678,Graneledone yamana,Graneledone yamana,-48.2066666666667,-59.735,,,,2007-02-11,2007,,Atlántico Sur,MaterialSample,d699c885-2124-450f-8e87-e529c3a9cdf9,Three Decades (1988-2023) of Marine Biodiversity in Falkland Islands Waters: Fisheries‑Linked Species Records from the Southwest Atlantic,,,FIFD,CC-BY,This work is licensed under a  Creative Commons Attribution (CC-BY 4.0) License,2007_1118_44_2744_GRN_177,sin_profundidad,si
OBIS,6dd9512c-1b74-4c46-930f-3750fd3c8015,Graneledone boreopacifica,Graneledone boreopacifica,45.9199981689,-125.146697998,,,,,,,Pacífico Norte,HumanObservation,b7cdeca9-f3a4-474f-b644-a74f504083bb,CephBase,,"University of British Columbia; Intergovernmental Oceanographic Commission of UNESCO",,CC-BY,This work is licensed under a  Creative Commons Attribution (CC-BY) 4.0 License,,sin_profundidad,si
OBIS,6ec298f9-8cb3-4f6e-be71-a1843c2b64de,Graneledone yamana,Graneledone yamana,-51.8883333166667,-56.6349999666667,709,709,709,2007-11-04,2007,,Atlántico Sur,MaterialSample,d699c885-2124-450f-8e87-e529c3a9cdf9,Three Decades (1988-2023) of Marine Biodiversity in Falkland Islands Waters: Fisheries‑Linked Species Records from the Southwest Atlantic,,,FIFD,CC-BY,This work is licensed under a  Creative Commons Attribution (CC-BY 4.0) License,2007_583_129_116_GRN_186,,si
OBIS,6ef07e99-9e51-468a-96b8-65935160cafb,Graneledone yamana,Graneledone yamana,-52.8299999833333,-57.32166665,778,778,778,2011-05-31,2011,,Atlántico Sur,MaterialSample,d699c885-2124-450f-8e87-e529c3a9cdf9,Three Decades (1988-2023) of Marine Biodiversity in Falkland Islands Waters: Fisheries‑Linked Species Records from the Southwest Atlantic,,,FIFD,CC-BY,This work is licensed under a  Creative Commons Attribution (CC-BY 4.0) License,2011_583_145_217_GRN_116,,si
OBIS,6f0611fe-a852-4e75-9543-4d490fff638a,Graneledone yamana,Graneledone yamana,-51.5066666666667,-56.2866666833333,697,697,697,2011-05-26,2011,,Atlántico Sur,MaterialSample,d699c885-2124-450f-8e87-e529c3a9cdf9,Three Decades (1988-2023) of Marine Biodiversity in Falkland Islands Waters: Fisheries‑Linked Species Records from the Southwest Atlantic,,,FIFD,CC-BY,This work is licensed under a  Creative Commons Attribution (CC-BY 4.0) License,2011_583_145_202_GRN_153,,si
OBIS,70f9bfc3-0fdb-4b8d-a1ab-63b70658d341,Graneledone yamana,Graneledone yamana,-48.0016666666667,-59.6150000333333,750,750,750,2008-07-12,2008,,Atlántico Sur,MaterialSample,d699c885-2124-450f-8e87-e529c3a9cdf9,Three Decades (1988-2023) of Marine Biodiversity in Falkland Islands Waters: Fisheries‑Linked Species Records from the Southwest Atlantic,,,FIFD,CC-BY,This work is licensed under a  Creative Commons Attribution (CC-BY 4.0) License,2008_718_44_157_GRN_114,,si
OBIS,718be14e-a09d-474e-9766-6a85d6d180c7,Graneledone yamana,Graneledone yamana,-50.1183333333333,-55.625,743,743,743,2011-05-23,2011,,Atlántico Sur,MaterialSample,d699c885-2124-450f-8e87-e529c3a9cdf9,Three Decades (1988-2023) of Marine Biodiversity in Falkland Islands Waters: Fisheries‑Linked Species Records from the Southwest Atlantic,,,FIFD,CC-BY,This work is licensed under a  Creative Commons Attribution (CC-BY 4.0) License,2011_583_145_195_GRN_123,,si
OBIS,71a3654c-e9cd-4b21-aa76-64d65e0d4169,Graneledone,,-51.6733,75.7733,,,,1997-04-07,1997,,Océano Índico,PreservedSpecimen,d104db68-63cf-4f34-b92a-54bd55a07394,Museums Victoria Marine Invertebrates Collection,,"CSIRO Oceans and Atmosphere Information and Data Centre, Hobart; Museums Victoria; CSIRO National Collections and Marine Infrastructure",NMV,CC-BY,This work is licensed under a  Creative Commons Attribution (CC-BY) 4.0 License,F160254,sin_profundidad,si
OBIS,71c4dc02-2386-4308-88da-59a2c7e7d97c,Graneledone verrucosa,Graneledone verrucosa,50.69723,-1.975304,3.300000075,2.70000005,3.9000001,2008-09-20,2008,,Atlántico Norte,MaterialSample,3e981ea4-29b3-4df5-8529-38d798262eb1,Marine Recorder Snapshot extract of surveys entered by SeaSearch,,,DASSH,CC-BY,This work is licensed under a  Creative Commons Attribution (CC-BY) 4.0 License,MRLRC00800001FD2,profundidad_<300m_revisar,si
OBIS,71e2847c-e8a0-4cc6-bac6-9d36032ad065,Graneledone yamana,Graneledone yamana,-51.9549999833333,-56.6950000166667,709,709,709,2009-02-07,2009,,Atlántico Sur,MaterialSample,d699c885-2124-450f-8e87-e529c3a9cdf9,Three Decades (1988-2023) of Marine Biodiversity in Falkland Islands Waters: Fisheries‑Linked Species Records from the Southwest Atlantic,,,FIFD,CC-BY,This work is licensed under a  Creative Commons Attribution (CC-BY 4.0) License,2009_718_134_255_GRN_117,,si
OBIS,73b80026-b6dc-4544-9e0a-17f03a3fa8b7,Graneledone yamana,Graneledone yamana,-48.2666666666667,-60.0416666666667,,,,2007-02-11,2007,,Atlántico Sur,MaterialSample,d699c885-2124-450f-8e87-e529c3a9cdf9,Three Decades (1988-2023) of Marine Biodiversity in Falkland Islands Waters: Fisheries‑Linked Species Records from the Southwest Atlantic,,,FIFD,CC-BY,This work is licensed under a  Creative Commons Attribution (CC-BY 4.0) License,2007_1118_44_2743_GRN_96,sin_profundidad,si
OBIS,77ff35cc-ac3b-43b8-ad4c-870dd3161b3f,Graneledone yamana,Graneledone yamana,-50.2233333333333,-55.67166665,732,732,732,2011-05-21,2011,,Atlántico Sur,MaterialSample,d699c885-2124-450f-8e87-e529c3a9cdf9,Three Decades (1988-2023) of Marine Biodiversity in Falkland Islands Waters: Fisheries‑Linked Species Records from the Southwest Atlantic,,,FIFD,CC-BY,This work is licensed under a  Creative Commons Attribution (CC-BY 4.0) License,2011_583_145_189_GRN_111,,si
OBIS,7924ee16-67c1-45b1-b05b-ab9a13f31b78,Graneledone verrucosa,Graneledone verrucosa,41.1611099243,-66.0388870239,2295,2295,2295,1883-09-04T12:00:00Z,1883,United States,Atlántico Norte,PreservedSpecimen,89e23fc8-3f61-4480-9de3-358fe6eefe0b,National Museum of Natural History Invertebrate Zoology Collections,,"Intergovernmental Oceanographic Commission of UNESCO; National Museum of Natural History, Smithsonian Institution",USNM,CC-BY,This work is licensed under a  Creative Commons Attribution (CC-BY) 4.0 License,,,si
OBIS,79b3685d-0924-4cb0-8438-3584db1e129f,Graneledone boreopacifica,Graneledone boreopacifica,46.0583000183,-125.095001221,,,,,,,Pacífico Norte,HumanObservation,b7cdeca9-f3a4-474f-b644-a74f504083bb,CephBase,,"University of British Columbia; Intergovernmental Oceanographic Commission of UNESCO",,CC-BY,This work is licensed under a  Creative Commons Attribution (CC-BY) 4.0 License,,sin_profundidad,si
OBIS,7b3d2a54-fe59-4299-a90e-158f7d4d3e8c,Graneledone yamana,Graneledone yamana,-48.0016666666667,-59.6150000333333,750,750,750,2008-07-12,2008,,Atlántico Sur,MaterialSample,d699c885-2124-450f-8e87-e529c3a9cdf9,Three Decades (1988-2023) of Marine Biodiversity in Falkland Islands Waters: Fisheries‑Linked Species Records from the Southwest Atlantic,,,FIFD,CC-BY,This work is licensed under a  Creative Commons Attribution (CC-BY 4.0) License,2008_718_44_157_GRN_113,,si
OBIS,7dd558f6-8d69-452b-aaf4-48d24cbd8d87,Graneledone yamana,Graneledone yamana,-50.475,-55.8,740,740,740,2011-05-23,2011,,Atlántico Sur,MaterialSample,d699c885-2124-450f-8e87-e529c3a9cdf9,Three Decades (1988-2023) of Marine Biodiversity in Falkland Islands Waters: Fisheries‑Linked Species Records from the Southwest Atlantic,,,FIFD,CC-BY,This work is licensed under a  Creative Commons Attribution (CC-BY 4.0) License,2011_583_145_194_GRN_108,,si
OBIS,7e76018e-db68-43e4-b636-710fa0f3e487,Graneledone yamana,Graneledone yamana,-50.2283333333333,-55.625,759,759,759,2011-05-25,2011,,Atlántico Sur,MaterialSample,d699c885-2124-450f-8e87-e529c3a9cdf9,Three Decades (1988-2023) of Marine Biodiversity in Falkland Islands Waters: Fisheries‑Linked Species Records from the Southwest Atlantic,,,FIFD,CC-BY,This work is licensed under a  Creative Commons Attribution (CC-BY 4.0) License,2011_583_145_201_GRN_121,,si
OBIS,802c6167-5a74-4428-82fb-3e86238baab0,Graneledone yamana,Graneledone yamana,-49.9016666333333,-55.9883333166667,562,562,562,2007-10-30,2007,,Atlántico Sur,MaterialSample,d699c885-2124-450f-8e87-e529c3a9cdf9,Three Decades (1988-2023) of Marine Biodiversity in Falkland Islands Waters: Fisheries‑Linked Species Records from the Southwest Atlantic,,,FIFD,CC-BY,This work is licensed under a  Creative Commons Attribution (CC-BY 4.0) License,2007_583_129_101_GRN_190,,si
OBIS,80b3a58c-1da2-41b2-aaae-36ee266476de,Graneledone antarctica,Graneledone antarctica,-61.31,-57.02833333,1476,1440,1512,1996-12-8,1996,,Océano Austral,HumanObservation,bd6463c3-1afe-417a-bcbb-64db96906e47,Southern Ocean octopus,,"Antarctic Biodiversity Information Facility; National University of Ireland, Galway – The Martin Ryan Science Institute – Department of Zoology",,CC-BY,This work is licensed under a  Creative Commons Attribution (CC-BY) 4.0 License,Octopus_2802_1317,,si
OBIS,8220ab5e-e446-4a9e-9ce4-be7ba6204e3c,Graneledone yamana,Graneledone yamana,-48.4883333333333,-59.5208333333333,,,,2007-06-08,2007,,Atlántico Sur,MaterialSample,d699c885-2124-450f-8e87-e529c3a9cdf9,Three Decades (1988-2023) of Marine Biodiversity in Falkland Islands Waters: Fisheries‑Linked Species Records from the Southwest Atlantic,,,FIFD,CC-BY,This work is licensed under a  Creative Commons Attribution (CC-BY 4.0) License,2007_1118_44_2900_GRN_98,sin_profundidad,si
OBIS,831043f3-a9b8-45a6-a2af-65ba36dd5dcd,Graneledone antarctica,Graneledone antarctica,-74.0932998657,-175.086700439,,,,,,,Océano Austral,HumanObservation,b7cdeca9-f3a4-474f-b644-a74f504083bb,CephBase,,"University of British Columbia; Intergovernmental Oceanographic Commission of UNESCO",,CC-BY,This work is licensed under a  Creative Commons Attribution (CC-BY) 4.0 License,,sin_profundidad,si
OBIS,835707d2-6fc9-4770-8949-cdc57aa1560e,Graneledone yamana,Graneledone yamana,-52.77833335,-57.15,831,831,831,2011-07-02,2011,,Atlántico Sur,MaterialSample,d699c885-2124-450f-8e87-e529c3a9cdf9,Three Decades (1988-2023) of Marine Biodiversity in Falkland Islands Waters: Fisheries‑Linked Species Records from the Southwest Atlantic,,,FIFD,CC-BY,This work is licensed under a  Creative Commons Attribution (CC-BY 4.0) License,2011_583_145_295_GRN_145,,si
OBIS,844b3607-bd5e-40f4-b3ad-c3e5cb7a385b,Graneledone verrucosa,Graneledone verrucosa,50.09546,-5.162714,,,,1995-06-01,1995,,Atlántico Norte,MaterialSample,7f50634c-a93e-4c4a-a0c8-6994af9739f3,Marine Recorder Snapshot extract of surveys entered by The archive for marine species and habitats data (DASSH),,,DASSH,CC-BY,This work is licensed under a  Creative Commons Attribution (CC-BY) 4.0 License,MRMLN00400006EEB,sin_profundidad,si
OBIS,84f2d832-dfe1-4336-8de2-7c007f6636d0,Graneledone yamana,Graneledone yamana,-50.45916665,-55.7733333666667,771,771,771,2009-02-05,2009,,Atlántico Sur,MaterialSample,d699c885-2124-450f-8e87-e529c3a9cdf9,Three Decades (1988-2023) of Marine Biodiversity in Falkland Islands Waters: Fisheries‑Linked Species Records from the Southwest Atlantic,,,FIFD,CC-BY,This work is licensed under a  Creative Commons Attribution (CC-BY 4.0) License,2009_718_134_250_GRN_112,,si
OBIS,8747648a-72e5-4752-8334-52acee33c899,Graneledone yamana,Graneledone yamana,-53.2483333333333,-58.6583333333333,878,878,878,2011-06-29,2011,,Atlántico Sur,MaterialSample,d699c885-2124-450f-8e87-e529c3a9cdf9,Three Decades (1988-2023) of Marine Biodiversity in Falkland Islands Waters: Fisheries‑Linked Species Records from the Southwest Atlantic,,,FIFD,CC-BY,This work is licensed under a  Creative Commons Attribution (CC-BY 4.0) License,2011_583_145_291_GRN_118,,si
OBIS,87fa32be-8270-424a-8135-90d17a76b03b,Graneledone boreopacifica,Graneledone boreopacifica,46.0766983032,-125.576698303,,,,,,,Pacífico Norte,HumanObservation,b7cdeca9-f3a4-474f-b644-a74f504083bb,CephBase,,"University of British Columbia; Intergovernmental Oceanographic Commission of UNESCO",,CC-BY,This work is licensed under a  Creative Commons Attribution (CC-BY) 4.0 License,,sin_profundidad,si
OBIS,88a7bf7a-03cb-4e20-b960-5b69fc0423c2,Graneledone boreopacifica,Graneledone boreopacifica,41.6833000183,-125.316703796,,,,,,,Pacífico Norte,HumanObservation,b7cdeca9-f3a4-474f-b644-a74f504083bb,CephBase,,"University of British Columbia; Intergovernmental Oceanographic Commission of UNESCO",,CC-BY,This work is licensed under a  Creative Commons Attribution (CC-BY) 4.0 License,,sin_profundidad,si
OBIS,88b95b28-64fc-4485-9a20-319e6c4a3328,Graneledone boreopacifica,Graneledone boreopacifica,44.8666992188,-125.546699524,,,,,,,Pacífico Norte,HumanObservation,b7cdeca9-f3a4-474f-b644-a74f504083bb,CephBase,,"University of British Columbia; Intergovernmental Oceanographic Commission of UNESCO",,CC-BY,This work is licensed under a  Creative Commons Attribution (CC-BY) 4.0 License,,sin_profundidad,si
OBIS,8d892668-aa35-40f4-b48f-2cec95fee7dc,Graneledone verrucosa,Graneledone verrucosa,20,-18,2003,2003,2003,1991-02-06T00:00:00+00:00,1991,,Atlántico Norte,HumanObservation,b0a7add2-dd9e-4020-9ca4-5df048c8f6a2,Biological samples from the french oceanographic fleet's deep-sea cruises,,"Vlaams Instituut voor de Zee; Institut Français de Recherche pour l'Exploitation de la Mer, Ifremer, Centre de Bretagne; Station Biologique de Roscoff",,CC-BY,This work is licensed under a  Creative Commons Attribution (CC-BY) 4.0 License,Ifremer_bio_dba_47800,coordenada_en_grado_entero,si
OBIS,8d91bc59-cf17-4c51-b31b-df97bc870dbc,Graneledone yamana,Graneledone yamana,-51.7333333333333,-56.55,702,702,702,2009-02-06,2009,,Atlántico Sur,MaterialSample,d699c885-2124-450f-8e87-e529c3a9cdf9,Three Decades (1988-2023) of Marine Biodiversity in Falkland Islands Waters: Fisheries‑Linked Species Records from the Southwest Atlantic,,,FIFD,CC-BY,This work is licensed under a  Creative Commons Attribution (CC-BY 4.0) License,2009_718_134_251_GRN_112,,si
OBIS,8f56af9f-7a7c-4ac9-bc24-935eb2ff6b85,Graneledone yamana,Graneledone yamana,-52.5483333666667,-57.0333333333333,720,720,720,2011-05-31,2011,,Atlántico Sur,MaterialSample,d699c885-2124-450f-8e87-e529c3a9cdf9,Three Decades (1988-2023) of Marine Biodiversity in Falkland Islands Waters: Fisheries‑Linked Species Records from the Southwest Atlantic,,,FIFD,CC-BY,This work is licensed under a  Creative Commons Attribution (CC-BY 4.0) License,2011_583_145_218_GRN_108,,si
OBIS,90122a3d-3188-495b-af2e-e0fd661b3a5b,Graneledone verrucosa,Graneledone verrucosa,45.4500007629,-48.2999992371,1100,1100,1100,1973-05-12T12:00:00Z,1973,Canada,Atlántico Norte,PreservedSpecimen,89e23fc8-3f61-4480-9de3-358fe6eefe0b,National Museum of Natural History Invertebrate Zoology Collections,,"Intergovernmental Oceanographic Commission of UNESCO; National Museum of Natural History, Smithsonian Institution",USNM,CC-BY,This work is licensed under a  Creative Commons Attribution (CC-BY) 4.0 License,,,si
OBIS,94fe3d46-4cff-4962-8251-75e1668710bb,Graneledone yamana,Graneledone yamana,-52.46,-57.0383333333333,620,620,620,2009-02-08,2009,,Atlántico Sur,MaterialSample,d699c885-2124-450f-8e87-e529c3a9cdf9,Three Decades (1988-2023) of Marine Biodiversity in Falkland Islands Waters: Fisheries‑Linked Species Records from the Southwest Atlantic,,,FIFD,CC-BY,This work is licensed under a  Creative Commons Attribution (CC-BY 4.0) License,2009_718_134_256_GRN_119,,si
OBIS,961657f3-5db1-42e2-8b0e-a4f9a42e9639,Graneledone,,-51.0547,72.6043,,,,1997-04-06,1997,,Océano Índico,PreservedSpecimen,d104db68-63cf-4f34-b92a-54bd55a07394,Museums Victoria Marine Invertebrates Collection,,"CSIRO Oceans and Atmosphere Information and Data Centre, Hobart; Museums Victoria; CSIRO National Collections and Marine Infrastructure",NMV,CC-BY,This work is licensed under a  Creative Commons Attribution (CC-BY) 4.0 License,F160414,sin_profundidad,si
OBIS,96d76422-3664-42c6-ae4d-2a9c8c70cb5a,Graneledone verrucosa,Graneledone verrucosa,42.6666984558,-62.8166999817,,,,,,,Atlántico Norte,HumanObservation,b7cdeca9-f3a4-474f-b644-a74f504083bb,CephBase,,"University of British Columbia; Intergovernmental Oceanographic Commission of UNESCO",,CC-BY,This work is licensed under a  Creative Commons Attribution (CC-BY) 4.0 License,,sin_profundidad,si
OBIS,99a429f4-1d08-4386-baea-ef3cdf5a7e4e,Graneledone yamana,Graneledone yamana,-50.2283333333333,-55.625,759,759,759,2011-05-25,2011,,Atlántico Sur,MaterialSample,d699c885-2124-450f-8e87-e529c3a9cdf9,Three Decades (1988-2023) of Marine Biodiversity in Falkland Islands Waters: Fisheries‑Linked Species Records from the Southwest Atlantic,,,FIFD,CC-BY,This work is licensed under a  Creative Commons Attribution (CC-BY 4.0) License,2011_583_145_201_GRN_120,,si
OBIS,99d9a6fa-2e22-4551-96d8-e85d1cbd4ffd,Graneledone verrucosa,Graneledone verrucosa,39.7167015076,-69.3499984741,,,,,,,Atlántico Norte,HumanObservation,b7cdeca9-f3a4-474f-b644-a74f504083bb,CephBase,,"University of British Columbia; Intergovernmental Oceanographic Commission of UNESCO",,CC-BY,This work is licensed under a  Creative Commons Attribution (CC-BY) 4.0 License,,sin_profundidad,si
OBIS,9de967ea-0e48-4b13-b884-2928cb486af2,Graneledone yamana,Graneledone yamana,-51.9549999833333,-56.6950000166667,709,709,709,2009-02-07,2009,,Atlántico Sur,MaterialSample,d699c885-2124-450f-8e87-e529c3a9cdf9,Three Decades (1988-2023) of Marine Biodiversity in Falkland Islands Waters: Fisheries‑Linked Species Records from the Southwest Atlantic,,,FIFD,CC-BY,This work is licensed under a  Creative Commons Attribution (CC-BY 4.0) License,2009_718_134_255_GRN_116,,si
OBIS,9f863dc5-82f7-4825-9854-03dbd56c7615,Graneledone verrucosa,Graneledone verrucosa,56.69778,-5.727575,4,0,8,1995-09-28,1995,,Atlántico Norte,MaterialSample,7805fd11-a1f0-4a04-b89c-dcc3c89f75de,Marine Recorder Snapshot extract of surveys entered by NatureScot,,,DASSH,CC-BY,This work is licensed under a  Creative Commons Attribution (CC-BY) 4.0 License,JNCCMNCR30559942,profundidad_<300m_revisar,si
OBIS,9f983d57-6ed6-40f6-b2d6-40a276d612e3,Graneledone verrucosa,Graneledone verrucosa,54.07159,-3.175126,,,,1999-09-26,1999,,Atlántico Norte,MaterialSample,b18829a5-eec2-4978-a88d-1edba34f1377,Marine Recorder Snapshot extract of surveys entered by Natural England,,,DASSH,CC-BY,This work is licensed under a  Creative Commons Attribution (CC-BY) 4.0 License,JNCCMNCR20605878,sin_profundidad,si
OBIS,a0d8aefb-fc70-4ddf-b00c-7690c6f6c9d1,Graneledone yamana,Graneledone yamana,-50.45,-55.75,749,749,749,2006-09-10,2006,,Atlántico Sur,MaterialSample,d699c885-2124-450f-8e87-e529c3a9cdf9,Three Decades (1988-2023) of Marine Biodiversity in Falkland Islands Waters: Fisheries‑Linked Species Records from the Southwest Atlantic,,,FIFD,CC-BY,This work is licensed under a  Creative Commons Attribution (CC-BY 4.0) License,2006_718_119_143_GRN_117,,si
OBIS,a11bcd20-86d4-4d60-907c-1fb588a453b5,Graneledone verrucosa,Graneledone verrucosa,50.69738,-1.97454,2.5,2,3,2008-09-20,2008,,Atlántico Norte,MaterialSample,3e981ea4-29b3-4df5-8529-38d798262eb1,Marine Recorder Snapshot extract of surveys entered by SeaSearch,,,DASSH,CC-BY,This work is licensed under a  Creative Commons Attribution (CC-BY) 4.0 License,MRLRC0080000206F,profundidad_<300m_revisar,si
OBIS,a1bc8682-b957-486f-9f6a-26a1f7add407,Graneledone yamana,Graneledone yamana,-51.5066666666667,-56.2866666833333,697,697,697,2011-05-26,2011,,Atlántico Sur,MaterialSample,d699c885-2124-450f-8e87-e529c3a9cdf9,Three Decades (1988-2023) of Marine Biodiversity in Falkland Islands Waters: Fisheries‑Linked Species Records from the Southwest Atlantic,,,FIFD,CC-BY,This work is licensed under a  Creative Commons Attribution (CC-BY 4.0) License,2011_583_145_202_GRN_152,,si
OBIS,a42542b7-cbc8-4b58-86b2-ca22fc599bdc,Graneledone yamana,Graneledone yamana,-50.2233333333333,-55.67166665,732,732,732,2011-05-21,2011,,Atlántico Sur,MaterialSample,d699c885-2124-450f-8e87-e529c3a9cdf9,Three Decades (1988-2023) of Marine Biodiversity in Falkland Islands Waters: Fisheries‑Linked Species Records from the Southwest Atlantic,,,FIFD,CC-BY,This work is licensed under a  Creative Commons Attribution (CC-BY 4.0) License,2011_583_145_189_GRN_110,,si
OBIS,a534078f-91eb-4209-8417-f7e1520d8319,Graneledone yamana,Graneledone yamana,-52.2483333333333,-56.8233333666667,734,734,734,2011-05-28,2011,,Atlántico Sur,MaterialSample,d699c885-2124-450f-8e87-e529c3a9cdf9,Three Decades (1988-2023) of Marine Biodiversity in Falkland Islands Waters: Fisheries‑Linked Species Records from the Southwest Atlantic,,,FIFD,CC-BY,This work is licensed under a  Creative Commons Attribution (CC-BY 4.0) License,2011_583_145_209_GRN_152,,si
OBIS,a6196590-7997-46a4-a6f7-ca5e4e5dc602,Graneledone,,-53.3577,74.4023,,,,1997-03-22,1997,,Océano Índico,PreservedSpecimen,d104db68-63cf-4f34-b92a-54bd55a07394,Museums Victoria Marine Invertebrates Collection,,"CSIRO Oceans and Atmosphere Information and Data Centre, Hobart; Museums Victoria; CSIRO National Collections and Marine Infrastructure",NMV,CC-BY,This work is licensed under a  Creative Commons Attribution (CC-BY) 4.0 License,F160251,sin_profundidad,si
OBIS,a6b66442-aa0a-4649-adc1-ee713a268e8d,Graneledone verrucosa,Graneledone verrucosa,34.4329986572,-75.6999969482,366,366,366,1957-06-22T12:00:00Z,1957,United States,Atlántico Norte,PreservedSpecimen,89e23fc8-3f61-4480-9de3-358fe6eefe0b,National Museum of Natural History Invertebrate Zoology Collections,,"Intergovernmental Oceanographic Commission of UNESCO; National Museum of Natural History, Smithsonian Institution",USNM,CC-BY,This work is licensed under a  Creative Commons Attribution (CC-BY) 4.0 License,,,si
OBIS,a6d4510f-53a6-4b84-9a46-96a8dedbdbe5,Graneledone yamana,Graneledone yamana,-51.5066666666667,-56.2866666833333,697,697,697,2011-05-26,2011,,Atlántico Sur,MaterialSample,d699c885-2124-450f-8e87-e529c3a9cdf9,Three Decades (1988-2023) of Marine Biodiversity in Falkland Islands Waters: Fisheries‑Linked Species Records from the Southwest Atlantic,,,FIFD,CC-BY,This work is licensed under a  Creative Commons Attribution (CC-BY 4.0) License,2011_583_145_202_GRN_154,,si
OBIS,a7b1b46c-661a-4ddf-ac75-b93a85cc9efc,Graneledone antarctica,Graneledone antarctica,-74.0932998657,-175.086700439,,,,,,,Océano Austral,HumanObservation,b7cdeca9-f3a4-474f-b644-a74f504083bb,CephBase,,"University of British Columbia; Intergovernmental Oceanographic Commission of UNESCO",,CC-BY,This work is licensed under a  Creative Commons Attribution (CC-BY) 4.0 License,,sin_profundidad,si
OBIS,a8315200-962c-4fe2-bcfb-b16cdb7ab0eb,Graneledone yamana,Graneledone yamana,-48.17,-59.675,,,,2007-06-02,2007,,Atlántico Sur,MaterialSample,d699c885-2124-450f-8e87-e529c3a9cdf9,Three Decades (1988-2023) of Marine Biodiversity in Falkland Islands Waters: Fisheries‑Linked Species Records from the Southwest Atlantic,,,FIFD,CC-BY,This work is licensed under a  Creative Commons Attribution (CC-BY 4.0) License,2007_1118_44_2863_GRN_56,sin_profundidad,si
OBIS,a8d4ea76-08d5-4c82-b249-8b9b93141cc9,Graneledone yamana,Graneledone yamana,-52.2483333333333,-56.8233333666667,734,734,734,2011-05-28,2011,,Atlántico Sur,MaterialSample,d699c885-2124-450f-8e87-e529c3a9cdf9,Three Decades (1988-2023) of Marine Biodiversity in Falkland Islands Waters: Fisheries‑Linked Species Records from the Southwest Atlantic,,,FIFD,CC-BY,This work is licensed under a  Creative Commons Attribution (CC-BY 4.0) License,2011_583_145_209_GRN_23,,si
OBIS,a99e3f26-2ddd-45ca-b4c1-e285d3f23b13,Graneledone yamana,Graneledone yamana,-50.1183333333333,-55.625,743,743,743,2011-05-23,2011,,Atlántico Sur,MaterialSample,d699c885-2124-450f-8e87-e529c3a9cdf9,Three Decades (1988-2023) of Marine Biodiversity in Falkland Islands Waters: Fisheries‑Linked Species Records from the Southwest Atlantic,,,FIFD,CC-BY,This work is licensed under a  Creative Commons Attribution (CC-BY 4.0) License,2011_583_145_195_GRN_121,,si
OBIS,ac341e72-32ad-4bda-83bc-1e76bcadb6dd,Graneledone verrucosa,Graneledone verrucosa,50.31308,-4.072172,5,4,6,2009-07-27,2009,,Atlántico Norte,MaterialSample,3e981ea4-29b3-4df5-8529-38d798262eb1,Marine Recorder Snapshot extract of surveys entered by SeaSearch,,,DASSH,CC-BY,This work is licensed under a  Creative Commons Attribution (CC-BY) 4.0 License,MRMCS015000028B4,profundidad_<300m_revisar,si
OBIS,b0b5d93d-471e-479c-939c-80ab4e7de3ac,Graneledone boreopacifica,Graneledone boreopacifica,44.426700592,-125.223297119,,,,,,,Pacífico Norte,HumanObservation,b7cdeca9-f3a4-474f-b644-a74f504083bb,CephBase,,"University of British Columbia; Intergovernmental Oceanographic Commission of UNESCO",,CC-BY,This work is licensed under a  Creative Commons Attribution (CC-BY) 4.0 License,,sin_profundidad,si
OBIS,b1280eb5-2f58-48ba-8a64-1ca0e4590365,Graneledone yamana,Graneledone yamana,-51.9866666833333,-56.683,800,800,800,2006-03-12,2006,,Atlántico Sur,MaterialSample,d699c885-2124-450f-8e87-e529c3a9cdf9,Three Decades (1988-2023) of Marine Biodiversity in Falkland Islands Waters: Fisheries‑Linked Species Records from the Southwest Atlantic,,,FIFD,CC-BY,This work is licensed under a  Creative Commons Attribution (CC-BY 4.0) License,2006_583_80_14_GRN_106,,si
OBIS,b34b88ef-6513-4ec0-be65-211a98ae591f,Graneledone yamana,Graneledone yamana,-51.5066666666667,-56.2866666833333,697,697,697,2011-05-26,2011,,Atlántico Sur,MaterialSample,d699c885-2124-450f-8e87-e529c3a9cdf9,Three Decades (1988-2023) of Marine Biodiversity in Falkland Islands Waters: Fisheries‑Linked Species Records from the Southwest Atlantic,,,FIFD,CC-BY,This work is licensed under a  Creative Commons Attribution (CC-BY 4.0) License,2011_583_145_202_GRN_165,,si
OBIS,b3d0ee71-c647-4100-95f4-ac37f044104a,Graneledone yamana,Graneledone yamana,-50.2283333333333,-55.625,759,759,759,2011-05-25,2011,,Atlántico Sur,MaterialSample,d699c885-2124-450f-8e87-e529c3a9cdf9,Three Decades (1988-2023) of Marine Biodiversity in Falkland Islands Waters: Fisheries‑Linked Species Records from the Southwest Atlantic,,,FIFD,CC-BY,This work is licensed under a  Creative Commons Attribution (CC-BY 4.0) License,2011_583_145_201_GRN_119,,si
OBIS,b3d3efa2-abcb-45a8-9ab6-efeabe3fc070,Graneledone,,-51.0547,72.6043,,,,1997-04-06,1997,,Océano Índico,PreservedSpecimen,d104db68-63cf-4f34-b92a-54bd55a07394,Museums Victoria Marine Invertebrates Collection,,"CSIRO Oceans and Atmosphere Information and Data Centre, Hobart; Museums Victoria; CSIRO National Collections and Marine Infrastructure",NMV,CC-BY,This work is licensed under a  Creative Commons Attribution (CC-BY) 4.0 License,F160307,sin_profundidad,si
OBIS,b56fcfc4-37cf-4e71-b3a7-c881a34aac99,Graneledone yamana,Graneledone yamana,-53.23,-60.2383333333333,792,792,792,2007-11-15,2007,,Atlántico Sur,MaterialSample,d699c885-2124-450f-8e87-e529c3a9cdf9,Three Decades (1988-2023) of Marine Biodiversity in Falkland Islands Waters: Fisheries‑Linked Species Records from the Southwest Atlantic,,,FIFD,CC-BY,This work is licensed under a  Creative Commons Attribution (CC-BY 4.0) License,2007_583_129_148_GRN_207,,si
OBIS,b7379441-9e2e-4118-9d90-856c5a946b06,Graneledone yamana,Graneledone yamana,-53.666666,-60.10833325,,,,2010-05-17 13:40:00,2010,,Atlántico Sur,MaterialSample,d699c885-2124-450f-8e87-e529c3a9cdf9,Three Decades (1988-2023) of Marine Biodiversity in Falkland Islands Waters: Fisheries‑Linked Species Records from the Southwest Atlantic,,,FIFD,CC-BY,This work is licensed under a  Creative Commons Attribution (CC-BY 4.0) License,2010_1949_129_20_GRN_1,sin_profundidad,si
OBIS,b7ae160b-6214-44e7-9b85-486b64c37641,Graneledone boreopacifica,Graneledone boreopacifica,45.6500015259,-125.881698608,,,,,,,Pacífico Norte,HumanObservation,b7cdeca9-f3a4-474f-b644-a74f504083bb,CephBase,,"University of British Columbia; Intergovernmental Oceanographic Commission of UNESCO",,CC-BY,This work is licensed under a  Creative Commons Attribution (CC-BY) 4.0 License,,sin_profundidad,si
OBIS,b8c0c18d-53cf-461d-8437-55d4c2874472,Graneledone yamana,Graneledone yamana,-50.125,-55.6233333666667,747,747,747,2011-05-24,2011,,Atlántico Sur,MaterialSample,d699c885-2124-450f-8e87-e529c3a9cdf9,Three Decades (1988-2023) of Marine Biodiversity in Falkland Islands Waters: Fisheries‑Linked Species Records from the Southwest Atlantic,,,FIFD,CC-BY,This work is licensed under a  Creative Commons Attribution (CC-BY 4.0) License,2011_583_145_199_GRN_125,,si
OBIS,b9985fc6-f5e0-4172-9b03-306a587214b9,Graneledone yamana,Graneledone yamana,-47.7183333,-59.65,805,805,805,2008-07-12,2008,,Atlántico Sur,MaterialSample,d699c885-2124-450f-8e87-e529c3a9cdf9,Three Decades (1988-2023) of Marine Biodiversity in Falkland Islands Waters: Fisheries‑Linked Species Records from the Southwest Atlantic,,,FIFD,CC-BY,This work is licensed under a  Creative Commons Attribution (CC-BY 4.0) License,2008_718_44_156_GRN_114,,si
OBIS,bb0c67da-0876-4874-8e9c-132df7769ad7,Graneledone antarctica,Graneledone antarctica,-72,176,1295,1295,1295,2010-12-01,2010,Ross Dependency,Océano Austral,PreservedSpecimen,2c6db58f-ae91-4a17-9f0f-7db28506b94f,Earth Sciences New Zealand National Invertebrate Collection (NIC),,,Earth Sciences New Zealand,CC-BY,This work is licensed under a  Creative Commons Attribution (CC-BY) 4.0 License,234b6e34-930b-4637-b570-765ae981916d,coordenada_en_grado_entero,si
OBIS,be3efc87-ef50-4abf-bef1-f991919db026,Graneledone yamana,Graneledone yamana,-50.5883333166667,-55.84666665,747,747,747,2011-05-22,2011,,Atlántico Sur,MaterialSample,d699c885-2124-450f-8e87-e529c3a9cdf9,Three Decades (1988-2023) of Marine Biodiversity in Falkland Islands Waters: Fisheries‑Linked Species Records from the Southwest Atlantic,,,FIFD,CC-BY,This work is licensed under a  Creative Commons Attribution (CC-BY 4.0) License,2011_583_145_190_GRN_117,,si
OBIS,bed40c67-9d60-4803-ace3-5c6822879a38,Graneledone verrucosa,Graneledone verrucosa,56.66835,-5.823298,8.5,6,11,1995-09-30,1995,,Atlántico Norte,MaterialSample,7805fd11-a1f0-4a04-b89c-dcc3c89f75de,Marine Recorder Snapshot extract of surveys entered by NatureScot,,,DASSH,CC-BY,This work is licensed under a  Creative Commons Attribution (CC-BY) 4.0 License,JNCCMNCR30562424,profundidad_<300m_revisar,si
OBIS,bef7e139-56e0-4d67-9c8b-67acd0190a99,Graneledone yamana,Graneledone yamana,-50.185,-55.6383333166667,715,715,715,2007-11-01,2007,,Atlántico Sur,MaterialSample,d699c885-2124-450f-8e87-e529c3a9cdf9,Three Decades (1988-2023) of Marine Biodiversity in Falkland Islands Waters: Fisheries‑Linked Species Records from the Southwest Atlantic,,,FIFD,CC-BY,This work is licensed under a  Creative Commons Attribution (CC-BY 4.0) License,2007_583_129_105_GRN_126,,si
OBIS,c04a175e-3381-4e74-a76f-229e157e9e09,Graneledone boreopacifica,Graneledone boreopacifica,45.7583007812,-125.503303528,,,,,,,Pacífico Norte,HumanObservation,b7cdeca9-f3a4-474f-b644-a74f504083bb,CephBase,,"University of British Columbia; Intergovernmental Oceanographic Commission of UNESCO",,CC-BY,This work is licensed under a  Creative Commons Attribution (CC-BY) 4.0 License,,sin_profundidad,si
OBIS,c35b491d-ce3e-4d85-aa46-6a967482263f,Graneledone verrucosa,Graneledone verrucosa,56.664,-5.945324,10.25,9.5,11,1995-09-30,1995,,Atlántico Norte,MaterialSample,7805fd11-a1f0-4a04-b89c-dcc3c89f75de,Marine Recorder Snapshot extract of surveys entered by NatureScot,,,DASSH,CC-BY,This work is licensed under a  Creative Commons Attribution (CC-BY) 4.0 License,JNCCMNCR30562150,profundidad_<300m_revisar,si
OBIS,c3796edf-c4ca-4a4f-89da-1ae2e66bdd3f,Graneledone yamana,Graneledone yamana,-51.9549999833333,-56.6950000166667,709,709,709,2009-02-07,2009,,Atlántico Sur,MaterialSample,d699c885-2124-450f-8e87-e529c3a9cdf9,Three Decades (1988-2023) of Marine Biodiversity in Falkland Islands Waters: Fisheries‑Linked Species Records from the Southwest Atlantic,,,FIFD,CC-BY,This work is licensed under a  Creative Commons Attribution (CC-BY 4.0) License,2009_718_134_255_GRN_110,,si
OBIS,c75ef524-b18c-4674-88b4-f48f89d16b56,Graneledone,,-57.6288,73.0768,,,,1997-04-06,1997,,Océano Índico,PreservedSpecimen,d104db68-63cf-4f34-b92a-54bd55a07394,Museums Victoria Marine Invertebrates Collection,,"CSIRO Oceans and Atmosphere Information and Data Centre, Hobart; Museums Victoria; CSIRO National Collections and Marine Infrastructure",NMV,CC-BY,This work is licensed under a  Creative Commons Attribution (CC-BY) 4.0 License,F160294,sin_profundidad,si
OBIS,c8847ab7-5a0c-4ce5-a663-7fa2b47906f7,Graneledone yamana,Graneledone yamana,-48.2066666666667,-59.735,,,,2007-02-11,2007,,Atlántico Sur,MaterialSample,d699c885-2124-450f-8e87-e529c3a9cdf9,Three Decades (1988-2023) of Marine Biodiversity in Falkland Islands Waters: Fisheries‑Linked Species Records from the Southwest Atlantic,,,FIFD,CC-BY,This work is licensed under a  Creative Commons Attribution (CC-BY 4.0) License,2007_1118_44_2744_GRN_176,sin_profundidad,si
OBIS,c8f83970-6069-438b-abda-df2d6c477998,Graneledone verrucosa,Graneledone verrucosa,56.69916,-6.452996,11,10,12,2003-06-12,2003,,Atlántico Norte,MaterialSample,3e981ea4-29b3-4df5-8529-38d798262eb1,Marine Recorder Snapshot extract of surveys entered by SeaSearch,,,DASSH,CC-BY,This work is licensed under a  Creative Commons Attribution (CC-BY) 4.0 License,MRSS00100000B7B,profundidad_<300m_revisar,si
OBIS,c904d308-116f-4f1c-b61d-a6d163f7202b,Graneledone,,-52.5172,76.4206,,,,1990-05-24,1990,,Océano Índico,PreservedSpecimen,d104db68-63cf-4f34-b92a-54bd55a07394,Museums Victoria Marine Invertebrates Collection,,"CSIRO Oceans and Atmosphere Information and Data Centre, Hobart; Museums Victoria; CSIRO National Collections and Marine Infrastructure",NMV,CC-BY,This work is licensed under a  Creative Commons Attribution (CC-BY) 4.0 License,F160315,sin_profundidad,si
OBIS,caee0469-a9f4-4abf-9888-d57157dad8a5,Graneledone yamana,Graneledone yamana,-48.4883333333333,-59.5208333333333,,,,2007-06-08,2007,,Atlántico Sur,MaterialSample,d699c885-2124-450f-8e87-e529c3a9cdf9,Three Decades (1988-2023) of Marine Biodiversity in Falkland Islands Waters: Fisheries‑Linked Species Records from the Southwest Atlantic,,,FIFD,CC-BY,This work is licensed under a  Creative Commons Attribution (CC-BY 4.0) License,2007_1118_44_2900_GRN_99,sin_profundidad,si
OBIS,cbe88cf9-3342-43e3-8c87-c88209e4c34b,Graneledone yamana,Graneledone yamana,-50.4133333166667,-55.7599999666667,749,749,749,2011-05-22,2011,,Atlántico Sur,MaterialSample,d699c885-2124-450f-8e87-e529c3a9cdf9,Three Decades (1988-2023) of Marine Biodiversity in Falkland Islands Waters: Fisheries‑Linked Species Records from the Southwest Atlantic,,,FIFD,CC-BY,This work is licensed under a  Creative Commons Attribution (CC-BY 4.0) License,2011_583_145_192_GRN_116,,si
OBIS,cc4f2bbd-8fba-4790-8ff8-28cc6e4b9625,Graneledone verrucosa,Graneledone verrucosa,50.3383,-4.134979,11.75,11.5,12,2003-08-07,2003,,Atlántico Norte,MaterialSample,b18829a5-eec2-4978-a88d-1edba34f1377,Marine Recorder Snapshot extract of surveys entered by Natural England,,,DASSH,CC-BY,This work is licensed under a  Creative Commons Attribution (CC-BY) 4.0 License,MREN0500000000E1,profundidad_<300m_revisar,si
OBIS,cc6f20b3-8766-4f52-951b-828e9ed278c8,Graneledone antarctica,Graneledone antarctica,-47.2319,148.7678,,,,1992-08-27,1992,,Pacífico Sur,PreservedSpecimen,8faf0e94-1c0e-479d-942c-7f21a4c0a5b4,Tasmanian Museum and Art Gallery provider for OZCAM - marine records,,"Tasmanian Museum and Art Gallery; CSIRO National Collections and Marine Infrastructure",TMAG,CC-BY,This work is licensed under a  Creative Commons Attribution (CC-BY) 4.0 License,urn:catalog:TMAG:invertebrates:E20632,sin_profundidad,si
OBIS,cd107eab-36c0-433a-89ce-7e522998e708,Graneledone yamana,Graneledone yamana,-50.125,-55.6233333666667,747,747,747,2011-05-24,2011,,Atlántico Sur,MaterialSample,d699c885-2124-450f-8e87-e529c3a9cdf9,Three Decades (1988-2023) of Marine Biodiversity in Falkland Islands Waters: Fisheries‑Linked Species Records from the Southwest Atlantic,,,FIFD,CC-BY,This work is licensed under a  Creative Commons Attribution (CC-BY 4.0) License,2011_583_145_199_GRN_126,,si
OBIS,cd61bd02-17aa-4228-bd73-c8eaaefda278,Graneledone boreopacifica,Graneledone boreopacifica,50,151,,,,,,,Pacífico Norte,HumanObservation,b7cdeca9-f3a4-474f-b644-a74f504083bb,CephBase,,"University of British Columbia; Intergovernmental Oceanographic Commission of UNESCO",,CC-BY,This work is licensed under a  Creative Commons Attribution (CC-BY) 4.0 License,,"coordenada_en_grado_entero;sin_profundidad",si
OBIS,d016aceb-f1d0-41bc-9fe2-9e4bc2a6ea0e,Graneledone yamana,Graneledone yamana,-52.50333335,-56.8683333,920,920,920,2007-11-07,2007,,Atlántico Sur,MaterialSample,d699c885-2124-450f-8e87-e529c3a9cdf9,Three Decades (1988-2023) of Marine Biodiversity in Falkland Islands Waters: Fisheries‑Linked Species Records from the Southwest Atlantic,,,FIFD,CC-BY,This work is licensed under a  Creative Commons Attribution (CC-BY 4.0) License,2007_583_129_124_GRN_196,,si
OBIS,d14bac90-8859-4188-a090-b38031992f82,Graneledone yamana,Graneledone yamana,-50.125,-55.6233333666667,747,747,747,2011-05-24,2011,,Atlántico Sur,MaterialSample,d699c885-2124-450f-8e87-e529c3a9cdf9,Three Decades (1988-2023) of Marine Biodiversity in Falkland Islands Waters: Fisheries‑Linked Species Records from the Southwest Atlantic,,,FIFD,CC-BY,This work is licensed under a  Creative Commons Attribution (CC-BY 4.0) License,2011_583_145_199_GRN_129,,si
OBIS,d1f12940-97df-430c-bd2f-fe6d0682ec35,Graneledone,,-52.9729,73.5108,,,,1997-04-06,1997,,Océano Índico,PreservedSpecimen,d104db68-63cf-4f34-b92a-54bd55a07394,Museums Victoria Marine Invertebrates Collection,,"CSIRO Oceans and Atmosphere Information and Data Centre, Hobart; Museums Victoria; CSIRO National Collections and Marine Infrastructure",NMV,CC-BY,This work is licensed under a  Creative Commons Attribution (CC-BY) 4.0 License,F160293,sin_profundidad,si
OBIS,d3e32edc-f0e8-4ed4-8022-e24c31bc9e09,Graneledone yamana,Graneledone yamana,-49.6150000333333,-56.2066666666667,689,689,689,2007-10-31,2007,,Atlántico Sur,MaterialSample,d699c885-2124-450f-8e87-e529c3a9cdf9,Three Decades (1988-2023) of Marine Biodiversity in Falkland Islands Waters: Fisheries‑Linked Species Records from the Southwest Atlantic,,,FIFD,CC-BY,This work is licensed under a  Creative Commons Attribution (CC-BY 4.0) License,2007_583_129_102_GRN_113,,si
OBIS,d466adb8-11ff-4585-84b8-20c0fffbacd2,Graneledone verrucosa,Graneledone verrucosa,56.68171,-6.009915,12.5,12,13,1995-10-03,1995,,Atlántico Norte,MaterialSample,7805fd11-a1f0-4a04-b89c-dcc3c89f75de,Marine Recorder Snapshot extract of surveys entered by NatureScot,,,DASSH,CC-BY,This work is licensed under a  Creative Commons Attribution (CC-BY) 4.0 License,JNCCMNCR30560913,profundidad_<300m_revisar,si
OBIS,d4e5cff9-16fd-4bc1-a395-50bf277e295f,Graneledone yamana,Graneledone yamana,-46.925,-59.8799999833333,904,904,904,2007-10-23,2007,,Atlántico Sur,MaterialSample,d699c885-2124-450f-8e87-e529c3a9cdf9,Three Decades (1988-2023) of Marine Biodiversity in Falkland Islands Waters: Fisheries‑Linked Species Records from the Southwest Atlantic,,,FIFD,CC-BY,This work is licensed under a  Creative Commons Attribution (CC-BY 4.0) License,2007_583_129_84_GRN_125,,si
OBIS,d70d01ca-4762-49e5-830f-0feabe6e1d93,Graneledone boreopacifica,Graneledone boreopacifica,36.6833000183,-122.316703796,,,,,,,Pacífico Norte,HumanObservation,b7cdeca9-f3a4-474f-b644-a74f504083bb,CephBase,,"University of British Columbia; Intergovernmental Oceanographic Commission of UNESCO",,CC-BY,This work is licensed under a  Creative Commons Attribution (CC-BY) 4.0 License,,sin_profundidad,si
OBIS,d73dd5a4-1ed0-497f-b454-fcc20d9aadb6,Graneledone verrucosa,Graneledone verrucosa,56.65911,-5.951996,10.5,10,11,1995-09-30,1995,,Atlántico Norte,MaterialSample,7805fd11-a1f0-4a04-b89c-dcc3c89f75de,Marine Recorder Snapshot extract of surveys entered by NatureScot,,,DASSH,CC-BY,This work is licensed under a  Creative Commons Attribution (CC-BY) 4.0 License,JNCCMNCR30560420,profundidad_<300m_revisar,si
OBIS,d89453ae-fe13-4d84-8c96-a5501901bb40,Graneledone verrucosa,Graneledone verrucosa,50.75478717129118,-1.2535266818351714,,,,1991-09-08/1991-09-08,1991,GB,Atlántico Norte,Occurrence,80486acf-df76-4f48-b610-91258e8c3652,Marine flora and fauna records from the North-east Atlantic,,"The Marine Biological Association of the United Kingdom; Porcupine Marine Natural History Society",Porcupine Marine Natural History Society,CC-BY,This work is licensed under a  Creative Commons Attribution (CC-BY) 4.0 License,urn:catalog:Porcupine Marine Natural History Society:29339:145941665,sin_profundidad,si
OBIS,d9e6925e-52d4-436a-baf6-0045a30e32c6,Graneledone verrucosa,Graneledone verrucosa,56.66961,-5.820323,4.5,2,7,1995-09-30,1995,,Atlántico Norte,MaterialSample,7805fd11-a1f0-4a04-b89c-dcc3c89f75de,Marine Recorder Snapshot extract of surveys entered by NatureScot,,,DASSH,CC-BY,This work is licensed under a  Creative Commons Attribution (CC-BY) 4.0 License,JNCCMNCR30562171,profundidad_<300m_revisar,si
OBIS,da04736a-4dd4-4f84-bead-c74330ca35f8,Graneledone boreopacifica,Graneledone boreopacifica,44.8666992188,-125.546699524,,,,,,,Pacífico Norte,HumanObservation,b7cdeca9-f3a4-474f-b644-a74f504083bb,CephBase,,"University of British Columbia; Intergovernmental Oceanographic Commission of UNESCO",,CC-BY,This work is licensed under a  Creative Commons Attribution (CC-BY) 4.0 License,,sin_profundidad,si
OBIS,dc8557e0-995a-4d0f-81a1-0ecbd11b3580,Graneledone yamana,Graneledone yamana,-52.27166665,-56.7450000166667,902,902,902,2011-05-27,2011,,Atlántico Sur,MaterialSample,d699c885-2124-450f-8e87-e529c3a9cdf9,Three Decades (1988-2023) of Marine Biodiversity in Falkland Islands Waters: Fisheries‑Linked Species Records from the Southwest Atlantic,,,FIFD,CC-BY,This work is licensed under a  Creative Commons Attribution (CC-BY 4.0) License,2011_583_145_206_GRN_145,,si
OBIS,dd7216d3-2ca7-4df6-8cd1-bfc0a8520f62,Graneledone yamana,Graneledone yamana,-52.5183333333333,-56.7650000333333,822,822,822,2009-02-09,2009,,Atlántico Sur,MaterialSample,d699c885-2124-450f-8e87-e529c3a9cdf9,Three Decades (1988-2023) of Marine Biodiversity in Falkland Islands Waters: Fisheries‑Linked Species Records from the Southwest Atlantic,,,FIFD,CC-BY,This work is licensed under a  Creative Commons Attribution (CC-BY 4.0) License,2009_718_134_258_GRN_134,,si
OBIS,df6a8d13-d34f-43e3-936c-329ebe0fd317,Graneledone verrucosa,Graneledone verrucosa,56.98609,-5.63419,7.5,5,10,2007-07-17,2007,,Atlántico Norte,MaterialSample,3e981ea4-29b3-4df5-8529-38d798262eb1,Marine Recorder Snapshot extract of surveys entered by SeaSearch,,,DASSH,CC-BY,This work is licensed under a  Creative Commons Attribution (CC-BY) 4.0 License,MRMCS00200004E61,profundidad_<300m_revisar,si
OBIS,e103b7de-03fc-41f7-a19f-010fe9bc23dd,Graneledone yamana,Graneledone yamana,-52.27166665,-56.7450000166667,902,902,902,2011-05-27,2011,,Atlántico Sur,MaterialSample,d699c885-2124-450f-8e87-e529c3a9cdf9,Three Decades (1988-2023) of Marine Biodiversity in Falkland Islands Waters: Fisheries‑Linked Species Records from the Southwest Atlantic,,,FIFD,CC-BY,This work is licensed under a  Creative Commons Attribution (CC-BY 4.0) License,2011_583_145_206_GRN_146,,si
OBIS,e113ff5f-1176-462c-98b1-88076b9e7ab2,Graneledone antarctica,Graneledone antarctica,-74.0933303833,-175.086669922,2341,2341,2341,1968-02-08T12:00:00Z,1968,Antarctica,Océano Austral,PreservedSpecimen,89e23fc8-3f61-4480-9de3-358fe6eefe0b,National Museum of Natural History Invertebrate Zoology Collections,,"Intergovernmental Oceanographic Commission of UNESCO; National Museum of Natural History, Smithsonian Institution",USNM,CC-BY,This work is licensed under a  Creative Commons Attribution (CC-BY) 4.0 License,,,si
OBIS,e1a41e37-7b03-4f4c-a41a-dc1f1dfa0387,Graneledone yamana,Graneledone yamana,-50.1183333333333,-55.625,743,743,743,2011-05-23,2011,,Atlántico Sur,MaterialSample,d699c885-2124-450f-8e87-e529c3a9cdf9,Three Decades (1988-2023) of Marine Biodiversity in Falkland Islands Waters: Fisheries‑Linked Species Records from the Southwest Atlantic,,,FIFD,CC-BY,This work is licensed under a  Creative Commons Attribution (CC-BY 4.0) License,2011_583_145_195_GRN_120,,si
OBIS,e2bff1ae-e0a8-44dc-88e9-000df9c74068,Graneledone yamana,Graneledone yamana,-51.7650000333333,-56.5366666833333,741,741,741,2011-05-26,2011,,Atlántico Sur,MaterialSample,d699c885-2124-450f-8e87-e529c3a9cdf9,Three Decades (1988-2023) of Marine Biodiversity in Falkland Islands Waters: Fisheries‑Linked Species Records from the Southwest Atlantic,,,FIFD,CC-BY,This work is licensed under a  Creative Commons Attribution (CC-BY 4.0) License,2011_583_145_203_GRN_132,,si
OBIS,e60ff9fb-795c-427f-ab96-842056d0bc78,Graneledone yamana,Graneledone yamana,-52.27166665,-56.7450000166667,902,902,902,2011-05-27,2011,,Atlántico Sur,MaterialSample,d699c885-2124-450f-8e87-e529c3a9cdf9,Three Decades (1988-2023) of Marine Biodiversity in Falkland Islands Waters: Fisheries‑Linked Species Records from the Southwest Atlantic,,,FIFD,CC-BY,This work is licensed under a  Creative Commons Attribution (CC-BY 4.0) License,2011_583_145_206_GRN_144,,si
OBIS,e665641a-6cfb-4e85-9cb7-acae48c03025,Graneledone yamana,Graneledone yamana,-52.2483333333333,-56.8233333666667,734,734,734,2011-05-28,2011,,Atlántico Sur,MaterialSample,d699c885-2124-450f-8e87-e529c3a9cdf9,Three Decades (1988-2023) of Marine Biodiversity in Falkland Islands Waters: Fisheries‑Linked Species Records from the Southwest Atlantic,,,FIFD,CC-BY,This work is licensed under a  Creative Commons Attribution (CC-BY 4.0) License,2011_583_145_209_GRN_24,,si
OBIS,e736385f-5605-4134-9fe2-a8bca00ba11c,Graneledone yamana,Graneledone yamana,-53.25,-60.0333333333333,770,770,770,2006-09-06,2006,,Atlántico Sur,MaterialSample,d699c885-2124-450f-8e87-e529c3a9cdf9,Three Decades (1988-2023) of Marine Biodiversity in Falkland Islands Waters: Fisheries‑Linked Species Records from the Southwest Atlantic,,,FIFD,CC-BY,This work is licensed under a  Creative Commons Attribution (CC-BY 4.0) License,2006_718_119_134_GRN_119,,si
OBIS,e8765eea-4b3b-4264-bc9e-d9563d023a10,Graneledone,,-50.3392,74.3165,,,,1997-04-20,1997,,Océano Índico,PreservedSpecimen,d104db68-63cf-4f34-b92a-54bd55a07394,Museums Victoria Marine Invertebrates Collection,,"CSIRO Oceans and Atmosphere Information and Data Centre, Hobart; Museums Victoria; CSIRO National Collections and Marine Infrastructure",NMV,CC-BY,This work is licensed under a  Creative Commons Attribution (CC-BY) 4.0 License,F160424,sin_profundidad,si
OBIS,e96ab1c1-1707-4ee1-8734-61b6e1df95c7,Graneledone verrucosa,Graneledone verrucosa,62.1749992371,-19.6000003815,,,,,,,Atlántico Norte,HumanObservation,b7cdeca9-f3a4-474f-b644-a74f504083bb,CephBase,,"University of British Columbia; Intergovernmental Oceanographic Commission of UNESCO",,CC-BY,This work is licensed under a  Creative Commons Attribution (CC-BY) 4.0 License,,sin_profundidad,si
OBIS,e9828ae1-a866-4e14-a973-7b20ee221bbe,Graneledone yamana,Graneledone yamana,-48.17,-59.675,,,,2007-06-02,2007,,Atlántico Sur,MaterialSample,d699c885-2124-450f-8e87-e529c3a9cdf9,Three Decades (1988-2023) of Marine Biodiversity in Falkland Islands Waters: Fisheries‑Linked Species Records from the Southwest Atlantic,,,FIFD,CC-BY,This work is licensed under a  Creative Commons Attribution (CC-BY 4.0) License,2007_1118_44_2863_GRN_55,sin_profundidad,si
OBIS,e9d60d78-6ea9-48e0-9e91-b1a9d6258ba1,Graneledone antarctica,Graneledone antarctica,-74.0932998657,-175.086700439,,,,,,,Océano Austral,HumanObservation,b7cdeca9-f3a4-474f-b644-a74f504083bb,CephBase,,"University of British Columbia; Intergovernmental Oceanographic Commission of UNESCO",,CC-BY,This work is licensed under a  Creative Commons Attribution (CC-BY) 4.0 License,,sin_profundidad,si
OBIS,eb2f0056-8dbe-491b-8fa7-0235915c3555,Graneledone yamana,Graneledone yamana,-52.27166665,-56.7450000166667,902,902,902,2011-05-27,2011,,Atlántico Sur,MaterialSample,d699c885-2124-450f-8e87-e529c3a9cdf9,Three Decades (1988-2023) of Marine Biodiversity in Falkland Islands Waters: Fisheries‑Linked Species Records from the Southwest Atlantic,,,FIFD,CC-BY,This work is licensed under a  Creative Commons Attribution (CC-BY 4.0) License,2011_583_145_206_GRN_147,,si
OBIS,ecaad01d-db74-44a6-8600-1f6f4e70a2ff,Graneledone yamana,Graneledone yamana,-50.2233333333333,-55.67166665,732,732,732,2011-05-21,2011,,Atlántico Sur,MaterialSample,d699c885-2124-450f-8e87-e529c3a9cdf9,Three Decades (1988-2023) of Marine Biodiversity in Falkland Islands Waters: Fisheries‑Linked Species Records from the Southwest Atlantic,,,FIFD,CC-BY,This work is licensed under a  Creative Commons Attribution (CC-BY 4.0) License,2011_583_145_189_GRN_112,,si
OBIS,ed84ff55-713d-4ef9-a91f-66899cafe5f7,Graneledone boreopacifica,Graneledone boreopacifica,45.8166999817,-125.566703796,,,,,,,Pacífico Norte,HumanObservation,b7cdeca9-f3a4-474f-b644-a74f504083bb,CephBase,,"University of British Columbia; Intergovernmental Oceanographic Commission of UNESCO",,CC-BY,This work is licensed under a  Creative Commons Attribution (CC-BY) 4.0 License,,sin_profundidad,si
OBIS,eda86141-7fe3-47fe-b33d-803dce78f578,Graneledone yamana,Graneledone yamana,-51.9316667,-56.67833335,673,673,673,2007-11-03,2007,,Atlántico Sur,MaterialSample,d699c885-2124-450f-8e87-e529c3a9cdf9,Three Decades (1988-2023) of Marine Biodiversity in Falkland Islands Waters: Fisheries‑Linked Species Records from the Southwest Atlantic,,,FIFD,CC-BY,This work is licensed under a  Creative Commons Attribution (CC-BY 4.0) License,2007_583_129_112_GRN_159,,si
OBIS,ee6c8aac-a939-4d9f-8317-6f3327e541b7,Graneledone challengeri,Graneledone challengeri,-39.9832992554,178.216705322,,,,,,,Pacífico Sur,HumanObservation,b7cdeca9-f3a4-474f-b644-a74f504083bb,CephBase,,"University of British Columbia; Intergovernmental Oceanographic Commission of UNESCO",,CC-BY,This work is licensed under a  Creative Commons Attribution (CC-BY) 4.0 License,,sin_profundidad,si
OBIS,ee8fa05e-7d68-49f9-b9e1-c39c8709abb6,Graneledone verrucosa,Graneledone verrucosa,48.4500007629,-10.4670000076,1662.5,1500,1825,1974-12-09T12:00:00Z,1974,France,Atlántico Norte,PreservedSpecimen,89e23fc8-3f61-4480-9de3-358fe6eefe0b,National Museum of Natural History Invertebrate Zoology Collections,,"Intergovernmental Oceanographic Commission of UNESCO; National Museum of Natural History, Smithsonian Institution",USNM,CC-BY,This work is licensed under a  Creative Commons Attribution (CC-BY) 4.0 License,,,si
OBIS,f03a6d91-b22e-4e09-bcb8-de6b7145ce90,Graneledone yamana,Graneledone yamana,-50.125,-55.6233333666667,747,747,747,2011-05-24,2011,,Atlántico Sur,MaterialSample,d699c885-2124-450f-8e87-e529c3a9cdf9,Three Decades (1988-2023) of Marine Biodiversity in Falkland Islands Waters: Fisheries‑Linked Species Records from the Southwest Atlantic,,,FIFD,CC-BY,This work is licensed under a  Creative Commons Attribution (CC-BY 4.0) License,2011_583_145_199_GRN_128,,si
OBIS,f07ae282-a946-4f8c-8c95-a8b71f733606,Graneledone verrucosa,Graneledone verrucosa,56.69986,-5.751153,6.5,6,7,1995-09-28,1995,,Atlántico Norte,MaterialSample,7805fd11-a1f0-4a04-b89c-dcc3c89f75de,Marine Recorder Snapshot extract of surveys entered by NatureScot,,,DASSH,CC-BY,This work is licensed under a  Creative Commons Attribution (CC-BY) 4.0 License,JNCCMNCR30562702,profundidad_<300m_revisar,si
OBIS,f550abfc-7504-44f2-8aea-f5806d80f4a9,Graneledone verrucosa,Graneledone verrucosa,57.69182,-2.317021,15,,15,2005-07-03,2005,,Atlántico Norte,MaterialSample,3e981ea4-29b3-4df5-8529-38d798262eb1,Marine Recorder Snapshot extract of surveys entered by SeaSearch,,,DASSH,CC-BY,This work is licensed under a  Creative Commons Attribution (CC-BY) 4.0 License,MRMCS00200002A40,profundidad_<300m_revisar,si
OBIS,f6adb1b2-5765-41f4-896e-00079ad3b3ff,Graneledone yamana,Graneledone yamana,-50.475,-55.8,740,740,740,2011-05-23,2011,,Atlántico Sur,MaterialSample,d699c885-2124-450f-8e87-e529c3a9cdf9,Three Decades (1988-2023) of Marine Biodiversity in Falkland Islands Waters: Fisheries‑Linked Species Records from the Southwest Atlantic,,,FIFD,CC-BY,This work is licensed under a  Creative Commons Attribution (CC-BY 4.0) License,2011_583_145_194_GRN_107,,si
OBIS,f6da785b-8155-474e-ad9f-74af9ecdc11b,Graneledone yamana,Graneledone yamana,-49.9016666333333,-55.9883333166667,562,562,562,2007-10-30,2007,,Atlántico Sur,MaterialSample,d699c885-2124-450f-8e87-e529c3a9cdf9,Three Decades (1988-2023) of Marine Biodiversity in Falkland Islands Waters: Fisheries‑Linked Species Records from the Southwest Atlantic,,,FIFD,CC-BY,This work is licensed under a  Creative Commons Attribution (CC-BY 4.0) License,2007_583_129_101_GRN_189,,si
OBIS,f7a697dc-a00b-4bb9-8708-981bf9012a81,Graneledone macrotyla,Graneledone macrotyla,-54,-55,,,,,,,Atlántico Sur,HumanObservation,b7cdeca9-f3a4-474f-b644-a74f504083bb,CephBase,,"University of British Columbia; Intergovernmental Oceanographic Commission of UNESCO",,CC-BY,This work is licensed under a  Creative Commons Attribution (CC-BY) 4.0 License,,"coordenada_en_grado_entero;sin_profundidad",si
OBIS,fc8931ec-4b90-4482-bceb-c8a004e323fa,Graneledone yamana,Graneledone yamana,-52.9849999666667,-57.5900000333333,873,873,873,2011-06-01,2011,,Atlántico Sur,MaterialSample,d699c885-2124-450f-8e87-e529c3a9cdf9,Three Decades (1988-2023) of Marine Biodiversity in Falkland Islands Waters: Fisheries‑Linked Species Records from the Southwest Atlantic,,,FIFD,CC-BY,This work is licensed under a  Creative Commons Attribution (CC-BY 4.0) License,2011_583_145_220_GRN_107,,si
OBIS,fcd8234a-b56a-40f7-96a7-198abc7bbb34,Graneledone yamana,Graneledone yamana,-50.45,-55.75,749,749,749,2006-09-10,2006,,Atlántico Sur,MaterialSample,d699c885-2124-450f-8e87-e529c3a9cdf9,Three Decades (1988-2023) of Marine Biodiversity in Falkland Islands Waters: Fisheries‑Linked Species Records from the Southwest Atlantic,,,FIFD,CC-BY,This work is licensed under a  Creative Commons Attribution (CC-BY 4.0) License,2006_718_119_143_GRN_118,,si
OBIS,fd654e24-aeea-4e83-80e5-a330d417baf7,Graneledone yamana,Graneledone yamana,-53.4083333333333,-60.47833335,991,991,991,2009-02-24,2009,,Atlántico Sur,MaterialSample,d699c885-2124-450f-8e87-e529c3a9cdf9,Three Decades (1988-2023) of Marine Biodiversity in Falkland Islands Waters: Fisheries‑Linked Species Records from the Southwest Atlantic,,,FIFD,CC-BY,This work is licensed under a  Creative Commons Attribution (CC-BY 4.0) License,2009_718_129_302_GRN_113,,si
OBIS,fda07ed5-929c-434c-a4bd-63db1c50f6f1,Graneledone boreopacifica,Graneledone boreopacifica,45.1749992371,-125.633300781,,,,,,,Pacífico Norte,HumanObservation,b7cdeca9-f3a4-474f-b644-a74f504083bb,CephBase,,"University of British Columbia; Intergovernmental Oceanographic Commission of UNESCO",,CC-BY,This work is licensed under a  Creative Commons Attribution (CC-BY) 4.0 License,,sin_profundidad,si
OBIS,ffa0ac9c-b33b-4c54-8b2c-7bcd2e36938b,Graneledone yamana,Graneledone yamana,-50.415,-55.8349999666667,728,728,728,2011-05-24,2011,,Atlántico Sur,MaterialSample,d699c885-2124-450f-8e87-e529c3a9cdf9,Three Decades (1988-2023) of Marine Biodiversity in Falkland Islands Waters: Fisheries‑Linked Species Records from the Southwest Atlantic,,,FIFD,CC-BY,This work is licensed under a  Creative Commons Attribution (CC-BY 4.0) License,2011_583_145_198_GRN_41,,si
OBIS,fff99a4b-3fb7-4325-81a5-b05c8e651fdb,Graneledone boreopacifica,Graneledone boreopacifica,36.4667015076,-122.283302307,,,,,,,Pacífico Norte,HumanObservation,b7cdeca9-f3a4-474f-b644-a74f504083bb,CephBase,,"University of British Columbia; Intergovernmental Oceanographic Commission of UNESCO",,CC-BY,This work is licensed under a  Creative Commons Attribution (CC-BY) 4.0 License,,sin_profundidad,si
